Resource,Zone,AnnualSum,Capacity,CapacityFactor
EIC_batteries_1,1,1.0355464966287937e6,1901.2,0.0
EIC_biomass_1,1,2.1810647999999993e7,2489.8,0.9999999999999996
EIC_conventional_hydroelectric_1,1,5.766581134876958e7,24617.3,0.2674076838971041
EIC_conventional_steam_coal_1,1,0.0,0.0,0.0
EIC_conventional_steam_coal_2,1,0.0,0.0,0.0
EIC_hydroelectric_pumped_storage_1,1,3.861567691439305e7,17783.1,0.0
EIC_natural_gas_fired_combined_cycle_1,1,0.0,0.0,0.0
EIC_natural_gas_fired_combined_cycle_2,1,0.0,0.0,0.0
EIC_natural_gas_fired_combustion_turbine_1,1,0.0,0.0,0.0
EIC_natural_gas_fired_combustion_turbine_2,1,0.0,0.0,0.0
EIC_natural_gas_internal_combustion_engine_1,1,0.0,0.0,0.0
EIC_natural_gas_steam_turbine_1,1,0.0,0.0,0.0
EIC_nuclear_1,1,3.7358983280854434e8,82406.5481316265,0.5175224803746217
EIC_offshore_wind_turbine_1,1,229084.114702995,29.299776420756814,0.8925376859850158
EIC_onshore_wind_turbine_1,1,1.8490829114673313e8,81600.3930975007,0.25867831774767697
EIC_petroleum_liquids_1,1,0.0,0.0,0.0
EIC_small_hydroelectric_1,1,1.6248923999999996e7,1854.9,0.9999999999999998
EIC_solar_photovoltaic_1,1,7.23335511635177e7,43752.08100729627,0.1887282732369847
TRE_batteries_1,2,1.6123954525390873e6,2841.7,0.0
TRE_biomass_1,2,427488.00000000006,48.8,1.0000000000000002
TRE_conventional_hydroelectric_1,2,291323.58927249396,483.9,0.06872518598235182
TRE_conventional_steam_coal_1,2,0.0,0.0,0.0
TRE_conventional_steam_coal_2,2,0.0,0.0,0.0
TRE_natural_gas_fired_combined_cycle_1,2,0.0,0.0,0.0
TRE_natural_gas_fired_combined_cycle_2,2,0.0,0.0,0.0
TRE_natural_gas_fired_combustion_turbine_1,2,0.0,0.0,0.0
TRE_natural_gas_fired_combustion_turbine_2,2,0.0,0.0,0.0
TRE_natural_gas_internal_combustion_engine_1,2,0.0,0.0,0.0
TRE_natural_gas_steam_turbine_1,2,0.0,0.0,0.0
TRE_nuclear_1,2,18222.060015185245,4.304414239583387,0.4832582836059118
TRE_onshore_wind_turbine_1,2,1.1562010643840046e8,36993.823815526266,0.3567796168707811
TRE_petroleum_liquids_1,2,0.0,0.0,0.0
TRE_small_hydroelectric_1,2,161184.00000000006,18.4,1.0000000000000004
TRE_solar_photovoltaic_1,2,3.343762797064798e7,18530.693010480692,0.20598694373751888
WECC_batteries_1,3,8.596898096073657e6,9786.9,0.0
WECC_biomass_1,3,5.525808000000002e6,630.8,1.0000000000000004
WECC_conventional_hydroelectric_1,3,1.8513272651398152e8,47196.1,0.4477885437509438
WECC_conventional_steam_coal_1,3,0.0,0.0,0.0
WECC_conventional_steam_coal_2,3,0.0,0.0,0.0
WECC_geothermal_1,3,1.6563852850608038e7,2048.6,0.9229965742618769
WECC_hydroelectric_pumped_storage_1,3,1.0410066131513994e7,5053.0,0.0
WECC_natural_gas_fired_combined_cycle_1,3,0.0,0.0,0.0
WECC_natural_gas_fired_combined_cycle_2,3,0.0,0.0,0.0
WECC_natural_gas_fired_combustion_turbine_1,3,0.0,0.0,0.0
WECC_natural_gas_fired_combustion_turbine_2,3,0.0,0.0,0.0
WECC_natural_gas_internal_combustion_engine_1,3,0.0,0.0,0.0
WECC_natural_gas_steam_turbine_1,3,0.0,0.0,0.0
WECC_nuclear_1,3,1.413863855656821e7,5174.995087236711,0.31188432221034396
WECC_onshore_wind_turbine_1,3,7.360055114879131e7,31471.595414368447,0.26696738090090744
WECC_petroleum_liquids_1,3,0.0,0.0,0.0
WECC_small_hydroelectric_1,3,1.2112452000000004e7,1382.7,1.0000000000000002
WECC_solar_photovoltaic_1,3,8.498190439389002e7,36319.194301994976,0.26710753982885155
EIC_distributed_generation_1,1,5.079048e8,57980.0,1.0
TRE_distributed_generation_1,2,7.858596e7,8971.0,1.0
WECC_distributed_generation_1,3,2.2418591999999997e8,25592.0,0.9999999999999998
EIC_naturalgas_ccavgcf_moderate_0,1,0.0,0.0,0.0
EIC_naturalgas_ctavgcf_moderate_0,1,0.0,0.0,0.0
EIC_battery_moderate_0,1,1.6091781870485076e8,148979.21345500895,0.0
EIC_naturalgas_ccccsavgcf_conservative_0,1,0.0,0.0,0.0
EIC_advnuclear_atb_moderate_0,1,4482.779469462405,0.7945653902722328,0.0
EIC_storage_metalair_advanced_0,1,876857.8031281419,676.0,0.0
EIC_landbasedwind_class1_moderate_0,1,4.97661233289085e8,117315.4292759904,0.4842555102950728
EIC_landbasedwind_class1_moderate_1,1,6.883526623565171e8,139803.66240878118,0.5620673285046136
EIC_landbasedwind_class1_moderate_2,1,7739.412274660583,3.104918945097436,0.28454673617064996
EIC_landbasedwind_class1_moderate_3,1,3.47654651913272e8,81237.59761493666,0.48852508278004086
EIC_landbasedwind_class1_moderate_4,1,4976.211064140325,2.2561612486498612,0.25178192564926444
EIC_landbasedwind_class1_moderate_5,1,6.584510812658446e7,19744.05789881183,0.3807001019322004
EIC_landbasedwind_class1_moderate_6,1,1859.8641385349924,1.1015386433953207,0.1927424508405868
EIC_landbasedwind_class1_moderate_7,1,5876.869360193602,2.158740486470856,0.3107717217254557
EIC_landbasedwind_class1_moderate_8,1,825.4798694199013,0.643662697185474,0.0
EIC_landbasedwind_class1_moderate_9,1,592.384146852622,0.16845097514950236,0.0
EIC_utilitypv_class1_moderate_0,1,1.8081834506251664e9,755120.8743105358,0.2733517810702573
EIC_utilitypv_class1_moderate_1,1,2936.089059245493,1.717655801657114,0.19513221659937782
EIC_utilitypv_class1_moderate_2,1,5345.420722735907,2.790573135247442,0.21866756952315786
EIC_utilitypv_class1_moderate_3,1,2210.020037843921,1.4275300617331346,0.1767286022275718
EIC_utilitypv_class1_moderate_4,1,1961.1218738037774,1.4054000330268837,0.15929440355931732
EIC_utilitypv_class1_moderate_5,1,3706.8300245867445,1.8298407774532086,0.2312518759062181
EIC_utilitypv_class1_moderate_6,1,1816.9592769120213,1.1720306806794933,0.17697100083558806
EIC_utilitypv_class1_moderate_7,1,1332.0396204998226,0.8741575498327525,0.0
EIC_utilitypv_class1_moderate_8,1,1069.671160588185,0.8920197214395639,0.0
EIC_utilitypv_class1_moderate_9,1,173.41294079368865,0.08873976629006265,0.0
EIC_offshorewind_class3_moderate_fixed_1_0,1,1448.3463711298239,0.5152970769791858,0.0
EIC_offshorewind_class3_moderate_fixed_1_1,1,574.7482579752882,0.20288942555100606,0.0
EIC_offshorewind_class3_moderate_fixed_1_2,1,756.1749325841297,0.29389178648286163,0.0
EIC_offshorewind_class3_moderate_fixed_1_3,1,420.9141632123977,0.20036445582552675,0.0
EIC_offshorewind_class3_moderate_fixed_1_4,1,1155.80171434759,0.3640068903453481,0.0
EIC_offshorewind_class3_moderate_fixed_1_5,1,269.21162683318306,0.17613006861736005,0.0
EIC_offshorewind_class3_moderate_fixed_1_6,1,86.17958458231199,0.1537337638977275,0.0
EIC_offshorewind_class3_moderate_fixed_1_7,1,460.88957222719733,0.13725937479663933,0.0
EIC_offshorewind_class3_moderate_fixed_1_8,1,277.83698675335853,0.08007206882789028,0.0
EIC_offshorewind_class3_moderate_fixed_1_9,1,47.92111360930462,0.10574230957185979,0.0
EIC_offshorewind_class3_moderate_fixed_0_0,1,1448.3463711290876,0.51529707697896,0.0
EIC_offshorewind_class3_moderate_fixed_0_1,1,574.7482579752193,0.2028894255509825,0.0
EIC_offshorewind_class3_moderate_fixed_0_4,1,756.1749325842146,0.29389178648289077,0.0
EIC_offshorewind_class3_moderate_fixed_0_5,1,420.91416321240774,0.20036445582553197,0.0
EIC_offshorewind_class3_moderate_fixed_0_10,1,1155.801714347088,0.36400689034519057,0.0
EIC_offshorewind_class3_moderate_fixed_0_11,1,269.211626833168,0.17613006861735084,0.0
EIC_offshorewind_class3_moderate_fixed_0_18,1,86.17958458231271,0.15373376389772883,0.0
EIC_offshorewind_class3_moderate_fixed_0_19,1,460.88957222719074,0.13725937479663747,0.0
EIC_offshorewind_class3_moderate_fixed_0_28,1,277.8369867533151,0.08007206882787839,0.0
EIC_offshorewind_class3_moderate_fixed_0_29,1,47.92111360930468,0.10574230957185983,0.0
EIC_offshorewind_class12_moderate_floating_1_0,1,769.0184565382764,0.28011025513656146,0.0
EIC_offshorewind_class12_moderate_floating_1_1,1,403.2655385288987,0.1449798955197949,0.0
EIC_offshorewind_class12_moderate_floating_1_6,1,529.9024402550795,0.21125837378476192,0.0
EIC_offshorewind_class12_moderate_floating_1_7,1,304.7375173871987,0.14071952072076097,0.0
EIC_offshorewind_class12_moderate_floating_1_18,1,684.3967866867416,0.2141244827675175,0.0
EIC_offshorewind_class12_moderate_floating_1_19,1,189.7156618218561,0.12711268839371487,0.0
EIC_offshorewind_class12_moderate_floating_1_38,1,62.215784649707,0.10493492275690754,0.0
EIC_offshorewind_class12_moderate_floating_1_39,1,348.3883261340309,0.10324561295199769,0.0
EIC_offshorewind_class12_moderate_floating_1_68,1,226.62100199213882,0.06464484259474612,0.0
EIC_offshorewind_class12_moderate_floating_1_69,1,34.75805784622714,0.07474936083551928,0.0
EIC_offshorewind_class12_moderate_floating_0_0,1,769.0184565382029,0.2801102551365366,0.0
EIC_offshorewind_class12_moderate_floating_0_1,1,403.2655385289023,0.14497989551979612,0.0
EIC_offshorewind_class12_moderate_floating_0_8,1,529.9024402550594,0.21125837378475434,0.0
EIC_offshorewind_class12_moderate_floating_0_9,1,304.73751738721194,0.14071952072076813,0.0
EIC_offshorewind_class12_moderate_floating_0_28,1,684.3967866866815,0.21412448276749826,0.0
EIC_offshorewind_class12_moderate_floating_0_29,1,189.71566182186533,0.12711268839372067,0.0
EIC_offshorewind_class12_moderate_floating_0_68,1,62.21578464970725,0.10493492275690801,0.0
EIC_offshorewind_class12_moderate_floating_0_69,1,348.3883261339893,0.10324561295198544,0.0
EIC_offshorewind_class12_moderate_floating_0_138,1,226.62100199214115,0.06464484259474687,0.0
EIC_offshorewind_class12_moderate_floating_0_139,1,34.75805784622693,0.07474936083551886,0.0
TRE_naturalgas_ccavgcf_moderate_0,2,0.0,0.0,0.0
TRE_naturalgas_ctavgcf_moderate_0,2,0.0,0.0,0.0
TRE_battery_moderate_0,2,6.243274102191586e6,8083.950168395352,0.0
TRE_naturalgas_ccccsavgcf_conservative_0,2,0.0,0.0,0.0
TRE_advnuclear_atb_moderate_0,2,2552.985585224188,0.4964008690571803,0.0
TRE_storage_metalair_advanced_0,2,176393.5351840574,105.0,0.0
TRE_landbasedwind_class1_moderate_0,2,9.475292463301523e7,20796.56081280944,0.5201121476401092
TRE_landbasedwind_class1_moderate_1,2,43294.15103738738,10.605383322532322,0.4660137719051503
TRE_landbasedwind_class1_moderate_2,2,9.144423628274629e7,22035.001803253293,0.4737390017714071
TRE_landbasedwind_class1_moderate_3,2,18284.466610235966,4.609055677176309,0.4528623700982413
TRE_landbasedwind_class1_moderate_4,2,11265.637317184688,3.67584610842282,0.3498600374662192
TRE_landbasedwind_class1_moderate_5,2,6.542021809773214e7,15020.898338397103,0.4971780820586179
TRE_landbasedwind_class1_moderate_6,2,4712.877378320805,1.6026647997514156,0.3356907201087842
TRE_landbasedwind_class1_moderate_7,2,5.618977142343366e7,12398.563360276163,0.51734683140625
TRE_landbasedwind_class1_moderate_8,2,1065.846058613819,0.4437093918793477,0.0
TRE_landbasedwind_class1_moderate_9,2,693.1974212905725,0.152365064459315,0.0
TRE_utilitypv_class1_moderate_0,2,4806.43415858648,2.5599925777639063,0.21432862861971078
TRE_utilitypv_class1_moderate_1,2,1.5725680908013117e8,70520.89103272888,0.25455847581293517
TRE_utilitypv_class1_moderate_2,2,3274.9018344700007,1.7509111148443308,0.21351583081993958
TRE_utilitypv_class1_moderate_3,2,4204.693485407558,2.1297903438893617,0.2253685871837552
TRE_utilitypv_class1_moderate_4,2,2414.057503602231,1.3108192603239464,0.21023290466891506
TRE_utilitypv_class1_moderate_5,2,2483.790977963626,1.32716554506849,0.21364160931252005
TRE_utilitypv_class1_moderate_6,2,1686.2102256226262,0.9299616380312139,0.0
TRE_utilitypv_class1_moderate_7,2,1739.164643373326,0.9876376720793405,0.0
TRE_utilitypv_class1_moderate_8,2,311.5044156134288,0.19545550122572936,0.0
TRE_utilitypv_class1_moderate_9,2,837.4515690966291,0.5083122116669414,0.0
TRE_offshorewind_class3_moderate_fixed_1_0,2,101.03168974461401,0.09929691619790043,0.0
TRE_offshorewind_class3_moderate_fixed_1_1,2,209.40438655909017,0.11101874397435471,0.0
TRE_offshorewind_class3_moderate_fixed_1_2,2,64.5003191871028,0.1176690533433503,0.0
TRE_offshorewind_class3_moderate_fixed_1_3,2,81.61124143023787,0.05769895268613644,0.0
TRE_offshorewind_class3_moderate_fixed_1_4,2,57.76287398258445,0.11552928684666562,0.0
TRE_offshorewind_class3_moderate_fixed_1_5,2,186.0912553317744,0.08758081219377399,0.0
TRE_offshorewind_class3_moderate_fixed_1_6,2,224.53490643753744,0.14426360174827563,0.0
TRE_offshorewind_class3_moderate_fixed_1_7,2,54.107652110947924,0.08102057868171911,0.0
TRE_offshorewind_class3_moderate_fixed_1_8,2,176.32586834161756,0.13029610577743028,0.0
TRE_offshorewind_class3_moderate_fixed_1_9,2,138.25720708125658,0.11121093008086834,0.0
TRE_offshorewind_class3_moderate_fixed_0_0,2,101.03168974461467,0.09929691619790118,0.0
TRE_offshorewind_class3_moderate_fixed_0_1,2,209.4043865590788,0.11101874397434883,0.0
TRE_offshorewind_class3_moderate_fixed_0_4,2,64.50031918710386,0.117669053343352,0.0
TRE_offshorewind_class3_moderate_fixed_0_5,2,81.61124143023824,0.05769895268613672,0.0
TRE_offshorewind_class3_moderate_fixed_0_10,2,57.76287398258505,0.11552928684666675,0.0
TRE_offshorewind_class3_moderate_fixed_0_11,2,186.09125533177865,0.08758081219377582,0.0
TRE_offshorewind_class3_moderate_fixed_0_18,2,224.5349064375297,0.144263601748272,0.0
TRE_offshorewind_class3_moderate_fixed_0_19,2,54.107652110948095,0.08102057868171945,0.0
TRE_offshorewind_class3_moderate_fixed_0_28,2,176.3258683416299,0.13029610577743764,0.0
TRE_offshorewind_class3_moderate_fixed_0_29,2,138.25720708125743,0.11121093008086891,0.0
TRE_offshorewind_class12_moderate_floating_1_0,2,82.62034298626519,0.08202409969785464,0.0
TRE_offshorewind_class12_moderate_floating_1_1,2,160.68071153286368,0.08807902597210922,0.0
TRE_offshorewind_class12_moderate_floating_1_6,2,49.00312454214767,0.08320554839530347,0.0
TRE_offshorewind_class12_moderate_floating_1_7,2,68.04761609220323,0.04830325519559133,0.0
TRE_offshorewind_class12_moderate_floating_1_18,2,47.766265086170066,0.09220875406740488,0.0
TRE_offshorewind_class12_moderate_floating_1_19,2,146.74569231070768,0.07283906660273262,0.0
TRE_offshorewind_class12_moderate_floating_1_38,2,173.12789039789087,0.10927983383469689,0.0
TRE_offshorewind_class12_moderate_floating_1_39,2,45.16573331474747,0.06846348139902901,0.0
TRE_offshorewind_class12_moderate_floating_1_68,2,147.69663650574174,0.10908599932022801,0.0
TRE_offshorewind_class12_moderate_floating_1_69,2,118.10982570917747,0.09913947553050094,0.0
TRE_offshorewind_class12_moderate_floating_0_0,2,82.62034298626487,0.08202409969785437,0.0
TRE_offshorewind_class12_moderate_floating_0_1,2,160.68071153286564,0.08807902597211018,0.0
TRE_offshorewind_class12_moderate_floating_0_8,2,49.003124542148186,0.08320554839530432,0.0
TRE_offshorewind_class12_moderate_floating_0_9,2,68.04761609220317,0.0483032551955913,0.0
TRE_offshorewind_class12_moderate_floating_0_28,2,47.76626508616976,0.09220875406740471,0.0
TRE_offshorewind_class12_moderate_floating_0_29,2,146.7456923106972,0.07283906660272754,0.0
TRE_offshorewind_class12_moderate_floating_0_68,2,173.12789039789132,0.10927983383469703,0.0
TRE_offshorewind_class12_moderate_floating_0_69,2,45.16573331474753,0.06846348139902911,0.0
TRE_offshorewind_class12_moderate_floating_0_138,2,147.6966365057387,0.10908599932022682,0.0
TRE_offshorewind_class12_moderate_floating_0_139,2,118.10982570917301,0.09913947553049766,0.0
WECC_naturalgas_ccavgcf_moderate_0,3,0.0,0.0,0.0
WECC_naturalgas_ctavgcf_moderate_0,3,0.0,0.0,0.0
WECC_battery_moderate_0,3,8189.742906665784,4.897016360573363,0.0
WECC_naturalgas_ccccsavgcf_conservative_0,3,0.0,0.0,0.0
WECC_advnuclear_atb_moderate_0,3,2690.4458319111523,0.6444905268553277,0.0
WECC_storage_metalair_advanced_0,3,174367.98028281238,219.0,0.0
WECC_landbasedwind_class1_moderate_0,3,3.6912564925408834e8,79170.3872702511,0.5322398013483335
WECC_landbasedwind_class1_moderate_1,3,1.9973742120328173e8,47256.69666353467,0.48249406094059444
WECC_landbasedwind_class1_moderate_2,3,1285.393098659554,0.7250329220779486,0.0
WECC_landbasedwind_class1_moderate_3,3,1539.3655227604042,0.9148213999605616,0.0
WECC_landbasedwind_class1_moderate_4,3,766.5108504544172,0.5733288851273021,0.0
WECC_landbasedwind_class1_moderate_5,3,649.1953703907146,0.24052847475701858,0.0
WECC_landbasedwind_class1_moderate_6,3,508.2370711791339,0.44711410009866726,0.0
WECC_landbasedwind_class1_moderate_7,3,429.706299509401,0.16483348249607804,0.0
WECC_landbasedwind_class1_moderate_8,3,368.81963290661,0.3511926036656229,0.0
WECC_landbasedwind_class1_moderate_9,3,387.9530389627765,0.1266996316673124,0.0
WECC_utilitypv_class1_moderate_0,3,1.9391551658807254e8,72504.0083488878,0.3053138026498487
WECC_utilitypv_class1_moderate_1,3,5041.671578036235,3.649272476530614,0.1577117874495129
WECC_utilitypv_class1_moderate_2,3,1447.297854194959,1.2104707355895852,0.1364895863771406
WECC_utilitypv_class1_moderate_3,3,3026.0458625655465,1.933593348751402,0.1786513310206045
WECC_utilitypv_class1_moderate_4,3,933.0429792816292,0.7872334430192557,0.0
WECC_utilitypv_class1_moderate_5,3,2061.486581563213,1.2649705184740598,0.18603557553828867
WECC_utilitypv_class1_moderate_6,3,714.942794628843,0.6480801700292351,0.0
WECC_utilitypv_class1_moderate_7,3,1108.0320885803817,0.7721742547381782,0.0
WECC_utilitypv_class1_moderate_8,3,164.244951930882,0.151194492276465,0.0
WECC_utilitypv_class1_moderate_9,3,744.2433493488392,0.512140224923356,0.0
WECC_offshorewind_class3_moderate_fixed_1_0,3,246.15624446894648,0.15029193320954454,0.0
WECC_offshorewind_class3_moderate_fixed_1_1,3,339.68923866390827,0.1355154801148691,0.0
WECC_offshorewind_class3_moderate_fixed_1_2,3,322.01056561353647,0.13810614688547732,0.0
WECC_offshorewind_class3_moderate_fixed_1_3,3,271.226094159773,0.1554289522713087,0.0
WECC_offshorewind_class3_moderate_fixed_1_4,3,199.39123239674475,0.12421553501175013,0.0
WECC_offshorewind_class3_moderate_fixed_1_5,3,286.9075358327214,0.1366145641651385,0.0
WECC_offshorewind_class3_moderate_fixed_1_6,3,115.17073340520324,0.10637609037319208,0.0
WECC_offshorewind_class3_moderate_fixed_1_7,3,92.07914365241191,0.07945275905950447,0.0
WECC_offshorewind_class3_moderate_fixed_1_8,3,136.1656100007485,0.11453551683590164,0.0
WECC_offshorewind_class3_moderate_fixed_1_9,3,87.47024119993151,0.09694958685077257,0.0
WECC_offshorewind_class3_moderate_fixed_0_0,3,246.15624446896413,0.15029193320955272,0.0
WECC_offshorewind_class3_moderate_fixed_0_1,3,339.68923866391225,0.13551548011487022,0.0
WECC_offshorewind_class3_moderate_fixed_0_4,3,322.01056561354915,0.1381061468854814,0.0
WECC_offshorewind_class3_moderate_fixed_0_5,3,271.22609415975336,0.15542895227129758,0.0
WECC_offshorewind_class3_moderate_fixed_0_10,3,199.39123239672776,0.12421553501174007,0.0
WECC_offshorewind_class3_moderate_fixed_0_11,3,286.90753583271606,0.13661456416513665,0.0
WECC_offshorewind_class3_moderate_fixed_0_18,3,115.17073340520348,0.10637609037319218,0.0
WECC_offshorewind_class3_moderate_fixed_0_19,3,92.07914365241135,0.07945275905950398,0.0
WECC_offshorewind_class3_moderate_fixed_0_28,3,136.165610000749,0.11453551683590206,0.0
WECC_offshorewind_class3_moderate_fixed_0_29,3,87.4702411999324,0.09694958685077355,0.0
WECC_offshorewind_class12_moderate_floating_1_0,3,199.26009869072925,0.12047585148355452,0.0
WECC_offshorewind_class12_moderate_floating_1_1,3,257.1179227586788,0.10042435603821646,0.0
WECC_offshorewind_class12_moderate_floating_1_6,3,251.1106503903994,0.10698060124119581,0.0
WECC_offshorewind_class12_moderate_floating_1_7,3,252.5327954216158,0.14400849436835161,0.0
WECC_offshorewind_class12_moderate_floating_1_18,3,171.79793735564172,0.10784421617997166,0.0
WECC_offshorewind_class12_moderate_floating_1_19,3,219.19469380297417,0.10341533294842518,0.0
WECC_offshorewind_class12_moderate_floating_1_38,3,83.49302155300094,0.0746235670498371,0.0
WECC_offshorewind_class12_moderate_floating_1_39,3,73.70818839513699,0.06421489476725203,0.0
WECC_offshorewind_class12_moderate_floating_1_68,3,102.03329573219735,0.08192792842768093,0.0
WECC_offshorewind_class12_moderate_floating_1_69,3,64.68407162714257,0.07353553864398304,0.0
WECC_offshorewind_class12_moderate_floating_0_0,3,199.26009869073027,0.1204758514835551,0.0
WECC_offshorewind_class12_moderate_floating_0_1,3,257.1179227586793,0.10042435603821662,0.0
WECC_offshorewind_class12_moderate_floating_0_8,3,251.11065039039687,0.10698060124119506,0.0
WECC_offshorewind_class12_moderate_floating_0_9,3,252.53279542162997,0.1440084943683597,0.0
WECC_offshorewind_class12_moderate_floating_0_28,3,171.79793735562757,0.10784421617996442,0.0
WECC_offshorewind_class12_moderate_floating_0_29,3,219.19469380298096,0.10341533294842792,0.0
WECC_offshorewind_class12_moderate_floating_0_68,3,83.49302155300133,0.07462356704983748,0.0
WECC_offshorewind_class12_moderate_floating_0_69,3,73.70818839513711,0.06421489476725216,0.0
WECC_offshorewind_class12_moderate_floating_0_138,3,102.03329573219749,0.08192792842768114,0.0
WECC_offshorewind_class12_moderate_floating_0_139,3,64.68407162714252,0.07353553864398303,0.0
WECC_trans_light_duty_1,3,1.628618017098878e8,88930.5,0.0
EIC_trans_light_duty_1,1,4.042823189230934e8,227552.1,0.0
TRE_trans_light_duty_1,2,6.513316362027122e7,34387.8,0.0
WECC_comm_water_heat_1,3,4.423285635517069e6,1130.3,0.0
EIC_comm_water_heat_1,1,1.08526415940858e7,2922.1,0.0
TRE_comm_water_heat_1,2,1.2310657967954997e6,368.7,0.0
WECC_res_water_heat_1,3,5.320680086512506e6,2578.7,0.0
EIC_res_water_heat_1,1,1.790266864324332e7,8238.2,0.0
TRE_res_water_heat_1,2,2.340328455222161e6,1049.5,0.0
WECC_comm_space_heat_cool_1,3,5.394491656722604e6,7483.3,0.0
EIC_comm_space_heat_cool_1,1,4.0462856846354544e7,41624.8,0.0
TRE_comm_space_heat_cool_1,2,5.783328844270891e6,6978.6,0.0
WECC_res_space_heat_cool_1,3,1.528833542603443e7,12467.5,0.0
EIC_res_space_heat_cool_1,1,6.970649701497605e7,47457.0,0.0
TRE_res_space_heat_cool_1,2,1.1692857783861727e7,7585.9,0.0
EIC_naturalgas_ctavgcf_moderate_0_zerocarbon,1,5.611410486277522e6,309915.04553970427,0.0020669276388431616
TRE_naturalgas_ctavgcf_moderate_0_zerocarbon,2,1.6650472129333357e6,53888.63373220944,0.003527160916706246
WECC_naturalgas_ctavgcf_moderate_0_zerocarbon,3,2.25010341720918e6,98638.51708924785,0.002604065108294078
