Region,Resource,Zone,Cluster,AnnualSum
EIC,EIC_batteries_1,1,1,4.341056378084369e6
EIC,EIC_biomass_1,1,1,0.0
EIC,EIC_conventional_hydroelectric_1,1,1,0.0
EIC,EIC_conventional_steam_coal_1,1,1,0.0
EIC,EIC_conventional_steam_coal_2,1,2,0.0
EIC,EIC_hydroelectric_pumped_storage_1,1,1,5.8082297179976e8
EIC,EIC_natural_gas_fired_combined_cycle_1,1,1,0.0
EIC,EIC_natural_gas_fired_combined_cycle_2,1,2,0.0
EIC,EIC_natural_gas_fired_combustion_turbine_1,1,1,0.0
EIC,EIC_natural_gas_fired_combustion_turbine_2,1,2,0.0
EIC,EIC_natural_gas_internal_combustion_engine_1,1,1,0.0
EIC,EIC_natural_gas_steam_turbine_1,1,1,0.0
EIC,EIC_nuclear_1,1,1,0.0
EIC,EIC_offshore_wind_turbine_1,1,1,0.0
EIC,EIC_onshore_wind_turbine_1,1,1,0.0
EIC,EIC_petroleum_liquids_1,1,1,0.0
EIC,EIC_small_hydroelectric_1,1,1,0.0
EIC,EIC_solar_photovoltaic_1,1,1,0.0
TRE,TRE_batteries_1,2,1,1.0206811647883425e7
TRE,TRE_biomass_1,2,1,0.0
TRE,TRE_conventional_hydroelectric_1,2,1,0.0
TRE,TRE_conventional_steam_coal_1,2,1,0.0
TRE,TRE_conventional_steam_coal_2,2,2,0.0
TRE,TRE_natural_gas_fired_combined_cycle_1,2,1,0.0
TRE,TRE_natural_gas_fired_combined_cycle_2,2,2,0.0
TRE,TRE_natural_gas_fired_combustion_turbine_1,2,1,0.0
TRE,TRE_natural_gas_fired_combustion_turbine_2,2,2,0.0
TRE,TRE_natural_gas_internal_combustion_engine_1,2,1,0.0
TRE,TRE_natural_gas_steam_turbine_1,2,1,0.0
TRE,TRE_nuclear_1,2,1,0.0
TRE,TRE_onshore_wind_turbine_1,2,1,0.0
TRE,TRE_petroleum_liquids_1,2,1,0.0
TRE,TRE_small_hydroelectric_1,2,1,0.0
TRE,TRE_solar_photovoltaic_1,2,1,0.0
WECC,WECC_batteries_1,3,1,364884.16146879224
WECC,WECC_biomass_1,3,1,0.0
WECC,WECC_conventional_hydroelectric_1,3,1,0.0
WECC,WECC_conventional_steam_coal_1,3,1,0.0
WECC,WECC_conventional_steam_coal_2,3,2,0.0
WECC,WECC_geothermal_1,3,1,0.0
WECC,WECC_hydroelectric_pumped_storage_1,3,1,1.0249435716887802e8
WECC,WECC_natural_gas_fired_combined_cycle_1,3,1,0.0
WECC,WECC_natural_gas_fired_combined_cycle_2,3,2,0.0
WECC,WECC_natural_gas_fired_combustion_turbine_1,3,1,0.0
WECC,WECC_natural_gas_fired_combustion_turbine_2,3,2,0.0
WECC,WECC_natural_gas_internal_combustion_engine_1,3,1,0.0
WECC,WECC_natural_gas_steam_turbine_1,3,1,0.0
WECC,WECC_nuclear_1,3,1,0.0
WECC,WECC_onshore_wind_turbine_1,3,1,0.0
WECC,WECC_petroleum_liquids_1,3,1,0.0
WECC,WECC_small_hydroelectric_1,3,1,0.0
WECC,WECC_solar_photovoltaic_1,3,1,0.0
EIC,EIC_distributed_generation_1,1,1,0.0
TRE,TRE_distributed_generation_1,2,1,0.0
WECC,WECC_distributed_generation_1,3,1,0.0
EIC,EIC_naturalgas_ccavgcf_moderate_0,1,0,0.0
EIC,EIC_naturalgas_ctavgcf_moderate_0,1,0,0.0
EIC,EIC_battery_moderate_0,1,0,6.381291759614e8
EIC,EIC_naturalgas_ccccsavgcf_conservative_0,1,0,0.0
EIC,EIC_advnuclear_atb_moderate_0,1,0,0.0
EIC,EIC_storage_metalair_advanced_0,1,0,1.0167367138405884e7
EIC,EIC_landbasedwind_class1_moderate_0,1,0,0.0
EIC,EIC_landbasedwind_class1_moderate_1,1,1,0.0
EIC,EIC_landbasedwind_class1_moderate_2,1,2,0.0
EIC,EIC_landbasedwind_class1_moderate_3,1,3,0.0
EIC,EIC_landbasedwind_class1_moderate_4,1,4,0.0
EIC,EIC_landbasedwind_class1_moderate_5,1,5,0.0
EIC,EIC_landbasedwind_class1_moderate_6,1,6,0.0
EIC,EIC_landbasedwind_class1_moderate_7,1,7,0.0
EIC,EIC_landbasedwind_class1_moderate_8,1,8,0.0
EIC,EIC_landbasedwind_class1_moderate_9,1,9,0.0
EIC,EIC_utilitypv_class1_moderate_0,1,0,0.0
EIC,EIC_utilitypv_class1_moderate_1,1,1,0.0
EIC,EIC_utilitypv_class1_moderate_2,1,2,0.0
EIC,EIC_utilitypv_class1_moderate_3,1,3,0.0
EIC,EIC_utilitypv_class1_moderate_4,1,4,0.0
EIC,EIC_utilitypv_class1_moderate_5,1,5,0.0
EIC,EIC_utilitypv_class1_moderate_6,1,6,0.0
EIC,EIC_utilitypv_class1_moderate_7,1,7,0.0
EIC,EIC_utilitypv_class1_moderate_8,1,8,0.0
EIC,EIC_utilitypv_class1_moderate_9,1,9,0.0
EIC,EIC_offshorewind_class3_moderate_fixed_1_0,1,0,0.0
EIC,EIC_offshorewind_class3_moderate_fixed_1_1,1,1,0.0
EIC,EIC_offshorewind_class3_moderate_fixed_1_2,1,2,0.0
EIC,EIC_offshorewind_class3_moderate_fixed_1_3,1,3,0.0
EIC,EIC_offshorewind_class3_moderate_fixed_1_4,1,4,0.0
EIC,EIC_offshorewind_class3_moderate_fixed_1_5,1,5,0.0
EIC,EIC_offshorewind_class3_moderate_fixed_1_6,1,6,0.0
EIC,EIC_offshorewind_class3_moderate_fixed_1_7,1,7,0.0
EIC,EIC_offshorewind_class3_moderate_fixed_1_8,1,8,0.0
EIC,EIC_offshorewind_class3_moderate_fixed_1_9,1,9,0.0
EIC,EIC_offshorewind_class3_moderate_fixed_0_0,1,0,0.0
EIC,EIC_offshorewind_class3_moderate_fixed_0_1,1,1,0.0
EIC,EIC_offshorewind_class3_moderate_fixed_0_4,1,4,0.0
EIC,EIC_offshorewind_class3_moderate_fixed_0_5,1,5,0.0
EIC,EIC_offshorewind_class3_moderate_fixed_0_10,1,10,0.0
EIC,EIC_offshorewind_class3_moderate_fixed_0_11,1,11,0.0
EIC,EIC_offshorewind_class3_moderate_fixed_0_18,1,18,0.0
EIC,EIC_offshorewind_class3_moderate_fixed_0_19,1,19,0.0
EIC,EIC_offshorewind_class3_moderate_fixed_0_28,1,28,0.0
EIC,EIC_offshorewind_class3_moderate_fixed_0_29,1,29,0.0
EIC,EIC_offshorewind_class12_moderate_floating_1_0,1,0,0.0
EIC,EIC_offshorewind_class12_moderate_floating_1_1,1,1,0.0
EIC,EIC_offshorewind_class12_moderate_floating_1_6,1,6,0.0
EIC,EIC_offshorewind_class12_moderate_floating_1_7,1,7,0.0
EIC,EIC_offshorewind_class12_moderate_floating_1_18,1,18,0.0
EIC,EIC_offshorewind_class12_moderate_floating_1_19,1,19,0.0
EIC,EIC_offshorewind_class12_moderate_floating_1_38,1,38,0.0
EIC,EIC_offshorewind_class12_moderate_floating_1_39,1,39,0.0
EIC,EIC_offshorewind_class12_moderate_floating_1_68,1,68,0.0
EIC,EIC_offshorewind_class12_moderate_floating_1_69,1,69,0.0
EIC,EIC_offshorewind_class12_moderate_floating_0_0,1,0,0.0
EIC,EIC_offshorewind_class12_moderate_floating_0_1,1,1,0.0
EIC,EIC_offshorewind_class12_moderate_floating_0_8,1,8,0.0
EIC,EIC_offshorewind_class12_moderate_floating_0_9,1,9,0.0
EIC,EIC_offshorewind_class12_moderate_floating_0_28,1,28,0.0
EIC,EIC_offshorewind_class12_moderate_floating_0_29,1,29,0.0
EIC,EIC_offshorewind_class12_moderate_floating_0_68,1,68,0.0
EIC,EIC_offshorewind_class12_moderate_floating_0_69,1,69,0.0
EIC,EIC_offshorewind_class12_moderate_floating_0_138,1,138,0.0
EIC,EIC_offshorewind_class12_moderate_floating_0_139,1,139,0.0
TRE,TRE_naturalgas_ccavgcf_moderate_0,2,0,0.0
TRE,TRE_naturalgas_ctavgcf_moderate_0,2,0,0.0
TRE,TRE_battery_moderate_0,2,0,3.760735932852546e7
TRE,TRE_naturalgas_ccccsavgcf_conservative_0,2,0,0.0
TRE,TRE_advnuclear_atb_moderate_0,2,0,0.0
TRE,TRE_storage_metalair_advanced_0,2,0,2.0509949169752863e6
TRE,TRE_landbasedwind_class1_moderate_0,2,0,0.0
TRE,TRE_landbasedwind_class1_moderate_1,2,1,0.0
TRE,TRE_landbasedwind_class1_moderate_2,2,2,0.0
TRE,TRE_landbasedwind_class1_moderate_3,2,3,0.0
TRE,TRE_landbasedwind_class1_moderate_4,2,4,0.0
TRE,TRE_landbasedwind_class1_moderate_5,2,5,0.0
TRE,TRE_landbasedwind_class1_moderate_6,2,6,0.0
TRE,TRE_landbasedwind_class1_moderate_7,2,7,0.0
TRE,TRE_landbasedwind_class1_moderate_8,2,8,0.0
TRE,TRE_landbasedwind_class1_moderate_9,2,9,0.0
TRE,TRE_utilitypv_class1_moderate_0,2,0,0.0
TRE,TRE_utilitypv_class1_moderate_1,2,1,0.0
TRE,TRE_utilitypv_class1_moderate_2,2,2,0.0
TRE,TRE_utilitypv_class1_moderate_3,2,3,0.0
TRE,TRE_utilitypv_class1_moderate_4,2,4,0.0
TRE,TRE_utilitypv_class1_moderate_5,2,5,0.0
TRE,TRE_utilitypv_class1_moderate_6,2,6,0.0
TRE,TRE_utilitypv_class1_moderate_7,2,7,0.0
TRE,TRE_utilitypv_class1_moderate_8,2,8,0.0
TRE,TRE_utilitypv_class1_moderate_9,2,9,0.0
TRE,TRE_offshorewind_class3_moderate_fixed_1_0,2,0,0.0
TRE,TRE_offshorewind_class3_moderate_fixed_1_1,2,1,0.0
TRE,TRE_offshorewind_class3_moderate_fixed_1_2,2,2,0.0
TRE,TRE_offshorewind_class3_moderate_fixed_1_3,2,3,0.0
TRE,TRE_offshorewind_class3_moderate_fixed_1_4,2,4,0.0
TRE,TRE_offshorewind_class3_moderate_fixed_1_5,2,5,0.0
TRE,TRE_offshorewind_class3_moderate_fixed_1_6,2,6,0.0
TRE,TRE_offshorewind_class3_moderate_fixed_1_7,2,7,0.0
TRE,TRE_offshorewind_class3_moderate_fixed_1_8,2,8,0.0
TRE,TRE_offshorewind_class3_moderate_fixed_1_9,2,9,0.0
TRE,TRE_offshorewind_class3_moderate_fixed_0_0,2,0,0.0
TRE,TRE_offshorewind_class3_moderate_fixed_0_1,2,1,0.0
TRE,TRE_offshorewind_class3_moderate_fixed_0_4,2,4,0.0
TRE,TRE_offshorewind_class3_moderate_fixed_0_5,2,5,0.0
TRE,TRE_offshorewind_class3_moderate_fixed_0_10,2,10,0.0
TRE,TRE_offshorewind_class3_moderate_fixed_0_11,2,11,0.0
TRE,TRE_offshorewind_class3_moderate_fixed_0_18,2,18,0.0
TRE,TRE_offshorewind_class3_moderate_fixed_0_19,2,19,0.0
TRE,TRE_offshorewind_class3_moderate_fixed_0_28,2,28,0.0
TRE,TRE_offshorewind_class3_moderate_fixed_0_29,2,29,0.0
TRE,TRE_offshorewind_class12_moderate_floating_1_0,2,0,0.0
TRE,TRE_offshorewind_class12_moderate_floating_1_1,2,1,0.0
TRE,TRE_offshorewind_class12_moderate_floating_1_6,2,6,0.0
TRE,TRE_offshorewind_class12_moderate_floating_1_7,2,7,0.0
TRE,TRE_offshorewind_class12_moderate_floating_1_18,2,18,0.0
TRE,TRE_offshorewind_class12_moderate_floating_1_19,2,19,0.0
TRE,TRE_offshorewind_class12_moderate_floating_1_38,2,38,0.0
TRE,TRE_offshorewind_class12_moderate_floating_1_39,2,39,0.0
TRE,TRE_offshorewind_class12_moderate_floating_1_68,2,68,0.0
TRE,TRE_offshorewind_class12_moderate_floating_1_69,2,69,0.0
TRE,TRE_offshorewind_class12_moderate_floating_0_0,2,0,0.0
TRE,TRE_offshorewind_class12_moderate_floating_0_1,2,1,0.0
TRE,TRE_offshorewind_class12_moderate_floating_0_8,2,8,0.0
TRE,TRE_offshorewind_class12_moderate_floating_0_9,2,9,0.0
TRE,TRE_offshorewind_class12_moderate_floating_0_28,2,28,0.0
TRE,TRE_offshorewind_class12_moderate_floating_0_29,2,29,0.0
TRE,TRE_offshorewind_class12_moderate_floating_0_68,2,68,0.0
TRE,TRE_offshorewind_class12_moderate_floating_0_69,2,69,0.0
TRE,TRE_offshorewind_class12_moderate_floating_0_138,2,138,0.0
TRE,TRE_offshorewind_class12_moderate_floating_0_139,2,139,0.0
WECC,WECC_naturalgas_ccavgcf_moderate_0,3,0,0.0
WECC,WECC_naturalgas_ctavgcf_moderate_0,3,0,0.0
WECC,WECC_battery_moderate_0,3,0,27883.128920878517
WECC,WECC_naturalgas_ccccsavgcf_conservative_0,3,0,0.0
WECC,WECC_advnuclear_atb_moderate_0,3,0,0.0
WECC,WECC_storage_metalair_advanced_0,3,0,12363.125314321098
WECC,WECC_landbasedwind_class1_moderate_0,3,0,0.0
WECC,WECC_landbasedwind_class1_moderate_1,3,1,0.0
WECC,WECC_landbasedwind_class1_moderate_2,3,2,0.0
WECC,WECC_landbasedwind_class1_moderate_3,3,3,0.0
WECC,WECC_landbasedwind_class1_moderate_4,3,4,0.0
WECC,WECC_landbasedwind_class1_moderate_5,3,5,0.0
WECC,WECC_landbasedwind_class1_moderate_6,3,6,0.0
WECC,WECC_landbasedwind_class1_moderate_7,3,7,0.0
WECC,WECC_landbasedwind_class1_moderate_8,3,8,0.0
WECC,WECC_landbasedwind_class1_moderate_9,3,9,0.0
WECC,WECC_utilitypv_class1_moderate_0,3,0,0.0
WECC,WECC_utilitypv_class1_moderate_1,3,1,0.0
WECC,WECC_utilitypv_class1_moderate_2,3,2,0.0
WECC,WECC_utilitypv_class1_moderate_3,3,3,0.0
WECC,WECC_utilitypv_class1_moderate_4,3,4,0.0
WECC,WECC_utilitypv_class1_moderate_5,3,5,0.0
WECC,WECC_utilitypv_class1_moderate_6,3,6,0.0
WECC,WECC_utilitypv_class1_moderate_7,3,7,0.0
WECC,WECC_utilitypv_class1_moderate_8,3,8,0.0
WECC,WECC_utilitypv_class1_moderate_9,3,9,0.0
WECC,WECC_offshorewind_class3_moderate_fixed_1_0,3,0,0.0
WECC,WECC_offshorewind_class3_moderate_fixed_1_1,3,1,0.0
WECC,WECC_offshorewind_class3_moderate_fixed_1_2,3,2,0.0
WECC,WECC_offshorewind_class3_moderate_fixed_1_3,3,3,0.0
WECC,WECC_offshorewind_class3_moderate_fixed_1_4,3,4,0.0
WECC,WECC_offshorewind_class3_moderate_fixed_1_5,3,5,0.0
WECC,WECC_offshorewind_class3_moderate_fixed_1_6,3,6,0.0
WECC,WECC_offshorewind_class3_moderate_fixed_1_7,3,7,0.0
WECC,WECC_offshorewind_class3_moderate_fixed_1_8,3,8,0.0
WECC,WECC_offshorewind_class3_moderate_fixed_1_9,3,9,0.0
WECC,WECC_offshorewind_class3_moderate_fixed_0_0,3,0,0.0
WECC,WECC_offshorewind_class3_moderate_fixed_0_1,3,1,0.0
WECC,WECC_offshorewind_class3_moderate_fixed_0_4,3,4,0.0
WECC,WECC_offshorewind_class3_moderate_fixed_0_5,3,5,0.0
WECC,WECC_offshorewind_class3_moderate_fixed_0_10,3,10,0.0
WECC,WECC_offshorewind_class3_moderate_fixed_0_11,3,11,0.0
WECC,WECC_offshorewind_class3_moderate_fixed_0_18,3,18,0.0
WECC,WECC_offshorewind_class3_moderate_fixed_0_19,3,19,0.0
WECC,WECC_offshorewind_class3_moderate_fixed_0_28,3,28,0.0
WECC,WECC_offshorewind_class3_moderate_fixed_0_29,3,29,0.0
WECC,WECC_offshorewind_class12_moderate_floating_1_0,3,0,0.0
WECC,WECC_offshorewind_class12_moderate_floating_1_1,3,1,0.0
WECC,WECC_offshorewind_class12_moderate_floating_1_6,3,6,0.0
WECC,WECC_offshorewind_class12_moderate_floating_1_7,3,7,0.0
WECC,WECC_offshorewind_class12_moderate_floating_1_18,3,18,0.0
WECC,WECC_offshorewind_class12_moderate_floating_1_19,3,19,0.0
WECC,WECC_offshorewind_class12_moderate_floating_1_38,3,38,0.0
WECC,WECC_offshorewind_class12_moderate_floating_1_39,3,39,0.0
WECC,WECC_offshorewind_class12_moderate_floating_1_68,3,68,0.0
WECC,WECC_offshorewind_class12_moderate_floating_1_69,3,69,0.0
WECC,WECC_offshorewind_class12_moderate_floating_0_0,3,0,0.0
WECC,WECC_offshorewind_class12_moderate_floating_0_1,3,1,0.0
WECC,WECC_offshorewind_class12_moderate_floating_0_8,3,8,0.0
WECC,WECC_offshorewind_class12_moderate_floating_0_9,3,9,0.0
WECC,WECC_offshorewind_class12_moderate_floating_0_28,3,28,0.0
WECC,WECC_offshorewind_class12_moderate_floating_0_29,3,29,0.0
WECC,WECC_offshorewind_class12_moderate_floating_0_68,3,68,0.0
WECC,WECC_offshorewind_class12_moderate_floating_0_69,3,69,0.0
WECC,WECC_offshorewind_class12_moderate_floating_0_138,3,138,0.0
WECC,WECC_offshorewind_class12_moderate_floating_0_139,3,139,0.0
WECC,WECC_trans_light_duty_1,3,1,5.555463122601883e9
EIC,EIC_trans_light_duty_1,1,1,1.0868484769264809e10
TRE,TRE_trans_light_duty_1,2,1,1.3414591270091333e9
WECC,WECC_comm_water_heat_1,3,1,8.16421064081112e7
EIC,EIC_comm_water_heat_1,1,1,1.4950411693936974e8
TRE,TRE_comm_water_heat_1,2,1,1.3266461923737908e7
WECC,WECC_res_water_heat_1,3,1,1.389957816590749e8
EIC,EIC_res_water_heat_1,1,1,3.0103847165750486e8
TRE,TRE_res_water_heat_1,2,1,2.8242918933646012e7
WECC,WECC_comm_space_heat_cool_1,3,1,1.1651342013743979e8
EIC,EIC_comm_space_heat_cool_1,1,1,1.1083254361645112e9
TRE,TRE_comm_space_heat_cool_1,2,1,1.3688424081084296e8
WECC,WECC_res_space_heat_cool_1,3,1,2.3710928218018162e8
EIC,EIC_res_space_heat_cool_1,1,1,2.5523563736129313e9
TRE,TRE_res_space_heat_cool_1,2,1,3.238474175222663e8
EIC,EIC_naturalgas_ctavgcf_moderate_0_zerocarbon,1,0,0.0
TRE,TRE_naturalgas_ctavgcf_moderate_0_zerocarbon,2,0,0.0
WECC,WECC_naturalgas_ctavgcf_moderate_0_zerocarbon,3,0,0.0
