Region,Resource,Zone,Cluster,AnnualSum
EIC,EIC_batteries_1,1,1,1.1474097836078414e8
EIC,EIC_biomass_1,1,1,6.677933865768464e8
EIC,EIC_conventional_hydroelectric_1,1,1,1.976961596871419e9
EIC,EIC_conventional_steam_coal_1,1,1,0.0
EIC,EIC_conventional_steam_coal_2,1,2,0.0
EIC,EIC_hydroelectric_pumped_storage_1,1,1,3.4741620081666064e9
EIC,EIC_natural_gas_fired_combined_cycle_1,1,1,0.0
EIC,EIC_natural_gas_fired_combined_cycle_2,1,2,0.0
EIC,EIC_natural_gas_fired_combustion_turbine_1,1,1,0.0
EIC,EIC_natural_gas_fired_combustion_turbine_2,1,2,0.0
EIC,EIC_natural_gas_internal_combustion_engine_1,1,1,0.0
EIC,EIC_natural_gas_steam_turbine_1,1,1,0.0
EIC,EIC_nuclear_1,1,1,2.165344689172308e10
EIC,EIC_offshore_wind_turbine_1,1,1,7.854731286391981e6
EIC,EIC_onshore_wind_turbine_1,1,1,5.017949512673081e9
EIC,EIC_petroleum_liquids_1,1,1,0.0
EIC,EIC_small_hydroelectric_1,1,1,4.975058047880921e8
EIC,EIC_solar_photovoltaic_1,1,1,8.268777210228124e8
TRE,TRE_batteries_1,2,1,7.627910329486243e7
TRE,TRE_biomass_1,2,1,8.132488538163196e6
TRE,TRE_conventional_hydroelectric_1,2,1,9.237907145692982e6
TRE,TRE_conventional_steam_coal_1,2,1,0.0
TRE,TRE_conventional_steam_coal_2,2,2,0.0
TRE,TRE_natural_gas_fired_combined_cycle_1,2,1,0.0
TRE,TRE_natural_gas_fired_combined_cycle_2,2,2,0.0
TRE,TRE_natural_gas_fired_combustion_turbine_1,2,1,0.0
TRE,TRE_natural_gas_fired_combustion_turbine_2,2,2,0.0
TRE,TRE_natural_gas_internal_combustion_engine_1,2,1,0.0
TRE,TRE_natural_gas_steam_turbine_1,2,1,0.0
TRE,TRE_nuclear_1,2,1,660071.5412800502
TRE,TRE_onshore_wind_turbine_1,2,1,2.3784023297645226e9
TRE,TRE_petroleum_liquids_1,2,1,0.0
TRE,TRE_small_hydroelectric_1,2,1,3.066348137340222e6
TRE,TRE_solar_photovoltaic_1,2,1,6.396141412890197e8
WECC,WECC_batteries_1,3,1,3.4576114655756646e8
WECC,WECC_biomass_1,3,1,1.327265351625445e8
WECC,WECC_conventional_hydroelectric_1,3,1,3.130568361274085e9
WECC,WECC_conventional_steam_coal_1,3,1,0.0
WECC,WECC_conventional_steam_coal_2,3,2,0.0
WECC,WECC_geothermal_1,3,1,4.310391862217967e8
WECC,WECC_hydroelectric_pumped_storage_1,3,1,6.054191363785167e8
WECC,WECC_natural_gas_fired_combined_cycle_1,3,1,0.0
WECC,WECC_natural_gas_fired_combined_cycle_2,3,2,0.0
WECC,WECC_natural_gas_fired_combustion_turbine_1,3,1,0.0
WECC,WECC_natural_gas_fired_combustion_turbine_2,3,2,0.0
WECC,WECC_natural_gas_internal_combustion_engine_1,3,1,0.0
WECC,WECC_natural_gas_steam_turbine_1,3,1,0.0
WECC,WECC_nuclear_1,3,1,1.0830290893132963e9
WECC,WECC_onshore_wind_turbine_1,3,1,2.0325992382172039e9
WECC,WECC_petroleum_liquids_1,3,1,0.0
WECC,WECC_small_hydroelectric_1,3,1,2.909337035022992e8
WECC,WECC_solar_photovoltaic_1,3,1,1.5145335088499348e9
EIC,EIC_distributed_generation_1,1,1,1.5550911942214447e10
TRE,TRE_distributed_generation_1,2,1,1.4950113663086483e9
WECC,WECC_distributed_generation_1,3,1,5.384808953519087e9
EIC,EIC_naturalgas_ccavgcf_moderate_0,1,0,0.0
EIC,EIC_naturalgas_ctavgcf_moderate_0,1,0,0.0
EIC,EIC_battery_moderate_0,1,0,1.3626245502422377e10
EIC,EIC_naturalgas_ccccsavgcf_conservative_0,1,0,0.0
EIC,EIC_advnuclear_atb_moderate_0,1,0,193414.16280957602
EIC,EIC_storage_metalair_advanced_0,1,0,9.099769303229624e7
EIC,EIC_landbasedwind_class1_moderate_0,1,0,1.3642063122908676e10
EIC,EIC_landbasedwind_class1_moderate_1,1,1,2.1297115265051487e10
EIC,EIC_landbasedwind_class1_moderate_2,1,2,251443.42865504284
EIC,EIC_landbasedwind_class1_moderate_3,1,3,9.73405122485652e9
EIC,EIC_landbasedwind_class1_moderate_4,1,4,177740.69970560094
EIC,EIC_landbasedwind_class1_moderate_5,1,5,1.8907602499331653e9
EIC,EIC_landbasedwind_class1_moderate_6,1,6,79922.45448626314
EIC,EIC_landbasedwind_class1_moderate_7,1,7,200038.7454244277
EIC,EIC_landbasedwind_class1_moderate_8,1,8,42984.77513278425
EIC,EIC_landbasedwind_class1_moderate_9,1,9,24583.133745073457
EIC,EIC_utilitypv_class1_moderate_0,1,0,3.3335182829315346e10
EIC,EIC_utilitypv_class1_moderate_1,1,1,43701.880067447106
EIC,EIC_utilitypv_class1_moderate_2,1,2,113001.9805171072
EIC,EIC_utilitypv_class1_moderate_3,1,3,36559.16677445109
EIC,EIC_utilitypv_class1_moderate_4,1,4,40552.293961765856
EIC,EIC_utilitypv_class1_moderate_5,1,5,84134.28817439519
EIC,EIC_utilitypv_class1_moderate_6,1,6,42359.366856352586
EIC,EIC_utilitypv_class1_moderate_7,1,7,22651.766359143538
EIC,EIC_utilitypv_class1_moderate_8,1,8,24670.646419231485
EIC,EIC_utilitypv_class1_moderate_9,1,9,3856.7107576007793
EIC,EIC_offshorewind_class3_moderate_fixed_1_0,1,0,67062.68073115611
EIC,EIC_offshorewind_class3_moderate_fixed_1_1,1,1,15749.349181457519
EIC,EIC_offshorewind_class3_moderate_fixed_1_2,1,2,30438.259484391656
EIC,EIC_offshorewind_class3_moderate_fixed_1_3,1,3,9899.50295049074
EIC,EIC_offshorewind_class3_moderate_fixed_1_4,1,4,44385.395364750286
EIC,EIC_offshorewind_class3_moderate_fixed_1_5,1,5,15009.288621101538
EIC,EIC_offshorewind_class3_moderate_fixed_1_6,1,6,2427.3164237264377
EIC,EIC_offshorewind_class3_moderate_fixed_1_7,1,7,23611.000545839346
EIC,EIC_offshorewind_class3_moderate_fixed_1_8,1,8,13243.623461708294
EIC,EIC_offshorewind_class3_moderate_fixed_1_9,1,9,686.201548858838
EIC,EIC_offshorewind_class3_moderate_fixed_0_0,1,0,67062.68073112555
EIC,EIC_offshorewind_class3_moderate_fixed_0_1,1,1,15749.3491814556
EIC,EIC_offshorewind_class3_moderate_fixed_0_4,1,4,30438.259484394817
EIC,EIC_offshorewind_class3_moderate_fixed_0_5,1,5,9899.502950491025
EIC,EIC_offshorewind_class3_moderate_fixed_0_10,1,10,44385.39536473034
EIC,EIC_offshorewind_class3_moderate_fixed_0_11,1,11,15009.288621100693
EIC,EIC_offshorewind_class3_moderate_fixed_0_18,1,18,2427.3164237264605
EIC,EIC_offshorewind_class3_moderate_fixed_0_19,1,19,23611.000545839015
EIC,EIC_offshorewind_class3_moderate_fixed_0_28,1,28,13243.62346170621
EIC,EIC_offshorewind_class3_moderate_fixed_0_29,1,29,686.2015488588388
EIC,EIC_offshorewind_class12_moderate_floating_1_0,1,0,35658.93835979616
EIC,EIC_offshorewind_class12_moderate_floating_1_1,1,1,11012.621806165134
EIC,EIC_offshorewind_class12_moderate_floating_1_6,1,6,21336.178460827712
EIC,EIC_offshorewind_class12_moderate_floating_1_7,1,7,6856.388257172353
EIC,EIC_offshorewind_class12_moderate_floating_1_18,1,18,25695.19682721981
EIC,EIC_offshorewind_class12_moderate_floating_1_19,1,19,10561.748606054327
EIC,EIC_offshorewind_class12_moderate_floating_1_38,1,38,1653.7512588515822
EIC,EIC_offshorewind_class12_moderate_floating_1_39,1,39,17565.726357389904
EIC,EIC_offshorewind_class12_moderate_floating_1_68,1,68,10675.202685666396
EIC,EIC_offshorewind_class12_moderate_floating_1_69,1,69,484.6662262031244
EIC,EIC_offshorewind_class12_moderate_floating_0_0,1,0,35658.938359792846
EIC,EIC_offshorewind_class12_moderate_floating_0_1,1,1,11012.621806165238
EIC,EIC_offshorewind_class12_moderate_floating_0_8,1,8,21336.178460826904
EIC,EIC_offshorewind_class12_moderate_floating_0_9,1,9,6856.388257172724
EIC,EIC_offshorewind_class12_moderate_floating_0_28,1,28,25695.19682721742
EIC,EIC_offshorewind_class12_moderate_floating_0_29,1,29,10561.748606054847
EIC,EIC_offshorewind_class12_moderate_floating_0_68,1,68,1653.7512588515892
EIC,EIC_offshorewind_class12_moderate_floating_0_69,1,69,17565.726357387673
EIC,EIC_offshorewind_class12_moderate_floating_0_138,1,138,10675.202685666514
EIC,EIC_offshorewind_class12_moderate_floating_0_139,1,139,484.66622620312097
TRE,TRE_naturalgas_ccavgcf_moderate_0,2,0,0.0
TRE,TRE_naturalgas_ctavgcf_moderate_0,2,0,0.0
TRE,TRE_battery_moderate_0,2,0,3.449774078280612e8
TRE,TRE_naturalgas_ccccsavgcf_conservative_0,2,0,0.0
TRE,TRE_advnuclear_atb_moderate_0,2,0,67250.97965161681
TRE,TRE_storage_metalair_advanced_0,2,0,1.2261311458975691e7
TRE,TRE_landbasedwind_class1_moderate_0,2,0,1.7880705114736843e9
TRE,TRE_landbasedwind_class1_moderate_1,2,1,867966.3485350986
TRE,TRE_landbasedwind_class1_moderate_2,2,2,1.8681482407889419e9
TRE,TRE_landbasedwind_class1_moderate_3,2,3,397027.99909398356
TRE,TRE_landbasedwind_class1_moderate_4,2,4,288362.7980831753
TRE,TRE_landbasedwind_class1_moderate_5,2,5,1.3913718927749052e9
TRE,TRE_landbasedwind_class1_moderate_6,2,6,117667.65173953382
TRE,TRE_landbasedwind_class1_moderate_7,2,7,1.2644123337657788e9
TRE,TRE_landbasedwind_class1_moderate_8,2,8,26173.46494426115
TRE,TRE_landbasedwind_class1_moderate_9,2,9,16755.383213977984
TRE,TRE_utilitypv_class1_moderate_0,2,0,97811.70417366331
TRE,TRE_utilitypv_class1_moderate_1,2,1,3.211756551267611e9
TRE,TRE_utilitypv_class1_moderate_2,2,2,69437.2076288306
TRE,TRE_utilitypv_class1_moderate_3,2,3,93138.72026602064
TRE,TRE_utilitypv_class1_moderate_4,2,4,52836.84150593128
TRE,TRE_utilitypv_class1_moderate_5,2,5,57787.732913674015
TRE,TRE_utilitypv_class1_moderate_6,2,6,39921.399039952026
TRE,TRE_utilitypv_class1_moderate_7,2,7,38515.234898572424
TRE,TRE_utilitypv_class1_moderate_8,2,8,8035.571227418619
TRE,TRE_utilitypv_class1_moderate_9,2,9,19169.51650530583
TRE,TRE_offshorewind_class3_moderate_fixed_1_0,2,0,1202.5571470008954
TRE,TRE_offshorewind_class3_moderate_fixed_1_1,2,1,3904.926719146536
TRE,TRE_offshorewind_class3_moderate_fixed_1_2,2,2,741.8015206339201
TRE,TRE_offshorewind_class3_moderate_fixed_1_3,2,3,1215.0184862072438
TRE,TRE_offshorewind_class3_moderate_fixed_1_4,2,4,558.8397531100832
TRE,TRE_offshorewind_class3_moderate_fixed_1_5,2,5,3213.3793446515747
TRE,TRE_offshorewind_class3_moderate_fixed_1_6,2,6,4363.2670099419565
TRE,TRE_offshorewind_class3_moderate_fixed_1_7,2,7,662.5554894110442
TRE,TRE_offshorewind_class3_moderate_fixed_1_8,2,8,3409.2563482519367
TRE,TRE_offshorewind_class3_moderate_fixed_1_9,2,9,3087.0865991830783
TRE,TRE_offshorewind_class3_moderate_fixed_0_0,2,0,1202.5571470009047
TRE,TRE_offshorewind_class3_moderate_fixed_0_1,2,1,3904.9267191463073
TRE,TRE_offshorewind_class3_moderate_fixed_0_4,2,4,741.8015206339318
TRE,TRE_offshorewind_class3_moderate_fixed_0_5,2,5,1215.0184862072501
TRE,TRE_offshorewind_class3_moderate_fixed_0_10,2,10,558.8397531100892
TRE,TRE_offshorewind_class3_moderate_fixed_0_11,2,11,3213.379344651652
TRE,TRE_offshorewind_class3_moderate_fixed_0_18,2,18,4363.267009941827
TRE,TRE_offshorewind_class3_moderate_fixed_0_19,2,19,662.5554894110466
TRE,TRE_offshorewind_class3_moderate_fixed_0_28,2,28,3409.256348252165
TRE,TRE_offshorewind_class3_moderate_fixed_0_29,2,29,3087.0865991830997
TRE,TRE_offshorewind_class12_moderate_floating_1_0,2,0,966.6515826561381
TRE,TRE_offshorewind_class12_moderate_floating_1_1,2,1,2974.4337124377735
TRE,TRE_offshorewind_class12_moderate_floating_1_6,2,6,539.0835747921353
TRE,TRE_offshorewind_class12_moderate_floating_1_7,2,7,995.7615463431289
TRE,TRE_offshorewind_class12_moderate_floating_1_18,2,18,446.919205520148
TRE,TRE_offshorewind_class12_moderate_floating_1_19,2,19,2561.923911804323
TRE,TRE_offshorewind_class12_moderate_floating_1_38,2,38,3241.400154313808
TRE,TRE_offshorewind_class12_moderate_floating_1_39,2,39,545.6005674566198
TRE,TRE_offshorewind_class12_moderate_floating_1_68,2,68,2783.7359427210904
TRE,TRE_offshorewind_class12_moderate_floating_1_69,2,69,2643.105217180203
TRE,TRE_offshorewind_class12_moderate_floating_0_0,2,0,966.6515826561341
TRE,TRE_offshorewind_class12_moderate_floating_0_1,2,1,2974.433712437811
TRE,TRE_offshorewind_class12_moderate_floating_0_8,2,8,539.0835747921417
TRE,TRE_offshorewind_class12_moderate_floating_0_9,2,9,995.7615463431283
TRE,TRE_offshorewind_class12_moderate_floating_0_28,2,28,446.9192055201451
TRE,TRE_offshorewind_class12_moderate_floating_0_29,2,29,2561.923911804123
TRE,TRE_offshorewind_class12_moderate_floating_0_68,2,68,3241.4001543138156
TRE,TRE_offshorewind_class12_moderate_floating_0_69,2,69,545.6005674566205
TRE,TRE_offshorewind_class12_moderate_floating_0_138,2,138,2783.735942721044
TRE,TRE_offshorewind_class12_moderate_floating_0_139,2,139,2643.1052171800998
WECC,WECC_naturalgas_ccavgcf_moderate_0,3,0,0.0
WECC,WECC_naturalgas_ctavgcf_moderate_0,3,0,0.0
WECC,WECC_battery_moderate_0,3,0,411425.20742215676
WECC,WECC_naturalgas_ccccsavgcf_conservative_0,3,0,0.0
WECC,WECC_advnuclear_atb_moderate_0,3,0,119243.63972230014
WECC,WECC_storage_metalair_advanced_0,3,0,1.954135454238856e7
WECC,WECC_landbasedwind_class1_moderate_0,3,0,9.08840183676523e9
WECC,WECC_landbasedwind_class1_moderate_1,3,1,5.536639219978525e9
WECC,WECC_landbasedwind_class1_moderate_2,3,2,58291.07967806587
WECC,WECC_landbasedwind_class1_moderate_3,3,3,78173.7873872322
WECC,WECC_landbasedwind_class1_moderate_4,3,4,39304.61774964266
WECC,WECC_landbasedwind_class1_moderate_5,3,5,27264.21967845058
WECC,WECC_landbasedwind_class1_moderate_6,3,6,25879.79140913444
WECC,WECC_landbasedwind_class1_moderate_7,3,7,17296.92429894837
WECC,WECC_landbasedwind_class1_moderate_8,3,8,17679.01603100315
WECC,WECC_landbasedwind_class1_moderate_9,3,9,16869.48391563546
WECC,WECC_utilitypv_class1_moderate_0,3,0,3.162016300064734e9
WECC,WECC_utilitypv_class1_moderate_1,3,1,137122.42307765986
WECC,WECC_utilitypv_class1_moderate_2,3,2,45695.548290812956
WECC,WECC_utilitypv_class1_moderate_3,3,3,63644.51959670129
WECC,WECC_utilitypv_class1_moderate_4,3,4,29259.923004887693
WECC,WECC_utilitypv_class1_moderate_5,3,5,42966.92562035768
WECC,WECC_utilitypv_class1_moderate_6,3,6,21846.083522538444
WECC,WECC_utilitypv_class1_moderate_7,3,7,24617.43871072343
WECC,WECC_utilitypv_class1_moderate_8,3,8,4749.8431520786935
WECC,WECC_utilitypv_class1_moderate_9,3,9,17499.033738834776
WECC,WECC_offshorewind_class3_moderate_fixed_1_0,3,0,8454.203862195687
WECC,WECC_offshorewind_class3_moderate_fixed_1_1,3,1,7798.93461508809
WECC,WECC_offshorewind_class3_moderate_fixed_1_2,3,2,7160.522067632991
WECC,WECC_offshorewind_class3_moderate_fixed_1_3,3,3,12307.047868027183
WECC,WECC_offshorewind_class3_moderate_fixed_1_4,3,4,6278.701893563501
WECC,WECC_offshorewind_class3_moderate_fixed_1_5,3,5,7089.246133902457
WECC,WECC_offshorewind_class3_moderate_fixed_1_6,3,6,5632.683791550247
WECC,WECC_offshorewind_class3_moderate_fixed_1_7,3,7,4255.229164404137
WECC,WECC_offshorewind_class3_moderate_fixed_1_8,3,8,5247.3220037945175
WECC,WECC_offshorewind_class3_moderate_fixed_1_9,3,9,4446.709046724466
WECC,WECC_offshorewind_class3_moderate_fixed_0_0,3,0,8454.203862196231
WECC,WECC_offshorewind_class3_moderate_fixed_0_1,3,1,7798.934615088163
WECC,WECC_offshorewind_class3_moderate_fixed_0_4,3,4,7160.522067633253
WECC,WECC_offshorewind_class3_moderate_fixed_0_5,3,5,12307.047868026237
WECC,WECC_offshorewind_class3_moderate_fixed_0_10,3,10,6278.701893562911
WECC,WECC_offshorewind_class3_moderate_fixed_0_11,3,11,7089.246133902339
WECC,WECC_offshorewind_class3_moderate_fixed_0_18,3,18,5632.683791550257
WECC,WECC_offshorewind_class3_moderate_fixed_0_19,3,19,4255.2291644041115
WECC,WECC_offshorewind_class3_moderate_fixed_0_28,3,28,5247.322003794537
WECC,WECC_offshorewind_class3_moderate_fixed_0_29,3,29,4446.709046724517
WECC,WECC_offshorewind_class12_moderate_floating_1_0,3,0,6580.172471601733
WECC,WECC_offshorewind_class12_moderate_floating_1_1,3,1,5649.1095061519245
WECC,WECC_offshorewind_class12_moderate_floating_1_6,3,6,5360.249268996893
WECC,WECC_offshorewind_class12_moderate_floating_1_7,3,7,11159.473927114117
WECC,WECC_offshorewind_class12_moderate_floating_1_18,3,18,5257.374738858416
WECC,WECC_offshorewind_class12_moderate_floating_1_19,3,19,5217.011744257611
WECC,WECC_offshorewind_class12_moderate_floating_1_38,3,38,3921.33576413964
WECC,WECC_offshorewind_class12_moderate_floating_1_39,3,39,3354.2352329180926
WECC,WECC_offshorewind_class12_moderate_floating_1_68,3,68,3720.4104699885265
WECC,WECC_offshorewind_class12_moderate_floating_1_69,3,69,3247.7248364043667
WECC,WECC_offshorewind_class12_moderate_floating_0_0,3,0,6580.172471601763
WECC,WECC_offshorewind_class12_moderate_floating_0_1,3,1,5649.109506151936
WECC,WECC_offshorewind_class12_moderate_floating_0_8,3,8,5360.249268996841
WECC,WECC_offshorewind_class12_moderate_floating_0_9,3,9,11159.473927114783
WECC,WECC_offshorewind_class12_moderate_floating_0_28,3,28,5257.374738858011
WECC,WECC_offshorewind_class12_moderate_floating_0_29,3,29,5217.011744257768
WECC,WECC_offshorewind_class12_moderate_floating_0_68,3,68,3921.335764139658
WECC,WECC_offshorewind_class12_moderate_floating_0_69,3,69,3354.235232918098
WECC,WECC_offshorewind_class12_moderate_floating_0_138,3,138,3720.410469988533
WECC,WECC_offshorewind_class12_moderate_floating_0_139,3,139,3247.7248364043635
WECC,WECC_trans_light_duty_1,3,1,6.360856667036609e9
EIC,EIC_trans_light_duty_1,1,1,1.3729455126912117e10
TRE,TRE_trans_light_duty_1,2,1,1.8902310487875764e9
WECC,WECC_comm_water_heat_1,3,1,1.1840393385935134e8
EIC,EIC_comm_water_heat_1,1,1,2.5963126067213804e8
TRE,TRE_comm_water_heat_1,2,1,2.2014076064320274e7
WECC,WECC_res_water_heat_1,3,1,1.8089177171559158e8
EIC,EIC_res_water_heat_1,1,1,4.6159425712959766e8
TRE,TRE_res_water_heat_1,2,1,4.333925459589499e7
WECC,WECC_comm_space_heat_cool_1,3,1,1.3694114454804927e8
EIC,EIC_comm_space_heat_cool_1,1,1,1.5438843644444098e9
TRE,TRE_comm_space_heat_cool_1,2,1,1.7033898068957427e8
WECC,WECC_res_space_heat_cool_1,3,1,2.7726559246055865e8
EIC,EIC_res_space_heat_cool_1,1,1,3.4587455562614713e9
TRE,TRE_res_space_heat_cool_1,2,1,3.938527662347308e8
EIC,EIC_naturalgas_ctavgcf_moderate_0_zerocarbon,1,0,1.1260125232422812e9
TRE,TRE_naturalgas_ctavgcf_moderate_0_zerocarbon,2,0,3.3198033701177186e8
WECC,WECC_naturalgas_ctavgcf_moderate_0_zerocarbon,3,0,4.575591741016824e8
