Region,Resource,Zone,Cluster,CapRes_1,CapRes_2,CapRes_3,AnnualSum
EIC,EIC_batteries_1,1,1,584547.9223828538,0.0,0.0,584547.9223828538
EIC,EIC_biomass_1,1,1,1.5187812495952222e8,0.0,0.0,1.5187812495952222e8
EIC,EIC_conventional_hydroelectric_1,1,1,4.2855668479196167e8,0.0,0.0,4.2855668479196167e8
EIC,EIC_conventional_steam_coal_1,1,1,0.0,0.0,0.0,0.0
EIC,EIC_conventional_steam_coal_2,1,2,0.0,0.0,0.0,0.0
EIC,EIC_hydroelectric_pumped_storage_1,1,1,417.81797063920794,0.0,0.0,417.81797063920794
EIC,EIC_natural_gas_fired_combined_cycle_1,1,1,0.0,0.0,0.0,0.0
EIC,EIC_natural_gas_fired_combined_cycle_2,1,2,0.0,0.0,0.0,0.0
EIC,EIC_natural_gas_fired_combustion_turbine_1,1,1,0.0,0.0,0.0,0.0
EIC,EIC_natural_gas_fired_combustion_turbine_2,1,2,0.0,0.0,0.0,0.0
EIC,EIC_natural_gas_internal_combustion_engine_1,1,1,0.0,0.0,0.0,0.0
EIC,EIC_natural_gas_steam_turbine_1,1,1,0.0,0.0,0.0,0.0
EIC,EIC_nuclear_1,1,1,5.026810191428249e9,0.0,0.0,5.026810191428249e9
EIC,EIC_offshore_wind_turbine_1,1,1,1.5374539232387333e6,0.0,0.0,1.5374539232387333e6
EIC,EIC_onshore_wind_turbine_1,1,1,1.1641244540125976e9,0.0,0.0,1.1641244540125976e9
EIC,EIC_petroleum_liquids_1,1,1,0.0,0.0,0.0,0.0
EIC,EIC_small_hydroelectric_1,1,1,9.73325953502912e7,0.0,0.0,9.73325953502912e7
EIC,EIC_solar_photovoltaic_1,1,1,4.3732280864122725e8,0.0,0.0,4.3732280864122725e8
TRE,TRE_batteries_1,2,1,-0.0,8.763747322666691e7,0.0,8.763747322666691e7
TRE,TRE_biomass_1,2,1,0.0,2.9767922207380356e6,0.0,2.9767922207380356e6
TRE,TRE_conventional_hydroelectric_1,2,1,0.0,8.468828943737125e6,0.0,8.468828943737125e6
TRE,TRE_conventional_steam_coal_1,2,1,0.0,0.0,0.0,0.0
TRE,TRE_conventional_steam_coal_2,2,2,0.0,0.0,0.0,0.0
TRE,TRE_natural_gas_fired_combined_cycle_1,2,1,0.0,0.0,0.0,0.0
TRE,TRE_natural_gas_fired_combined_cycle_2,2,2,0.0,0.0,0.0,0.0
TRE,TRE_natural_gas_fired_combustion_turbine_1,2,1,0.0,0.0,0.0,0.0
TRE,TRE_natural_gas_fired_combustion_turbine_2,2,2,0.0,0.0,0.0,0.0
TRE,TRE_natural_gas_internal_combustion_engine_1,2,1,0.0,0.0,0.0,0.0
TRE,TRE_natural_gas_steam_turbine_1,2,1,0.0,0.0,0.0,0.0
TRE,TRE_nuclear_1,2,1,0.0,262568.5824431528,0.0,262568.5824431528
TRE,TRE_onshore_wind_turbine_1,2,1,0.0,2.9579537048018e8,0.0,2.9579537048018e8
TRE,TRE_petroleum_liquids_1,2,1,0.0,0.0,0.0,0.0
TRE,TRE_small_hydroelectric_1,2,1,0.0,965502.8531919593,0.0,965502.8531919593
TRE,TRE_solar_photovoltaic_1,2,1,0.0,1.3031835195328389e8,0.0,1.3031835195328389e8
WECC,WECC_batteries_1,3,1,0.0,0.0,5.606638136952381e7,5.606638136952381e7
WECC,WECC_biomass_1,3,1,0.0,0.0,3.847883232998683e7,3.847883232998683e7
WECC,WECC_conventional_hydroelectric_1,3,1,0.0,0.0,1.0426975459612502e9,1.0426975459612502e9
WECC,WECC_conventional_steam_coal_1,3,1,0.0,0.0,0.0,0.0
WECC,WECC_conventional_steam_coal_2,3,2,0.0,0.0,0.0,0.0
WECC,WECC_geothermal_1,3,1,0.0,0.0,1.2496470499557869e8,1.2496470499557869e8
WECC,WECC_hydroelectric_pumped_storage_1,3,1,-0.0,0.0,1.0377824023677225e8,1.0377824023677225e8
WECC,WECC_natural_gas_fired_combined_cycle_1,3,1,0.0,0.0,0.0,0.0
WECC,WECC_natural_gas_fired_combined_cycle_2,3,2,0.0,0.0,0.0,0.0
WECC,WECC_natural_gas_fired_combustion_turbine_1,3,1,0.0,0.0,0.0,0.0
WECC,WECC_natural_gas_fired_combustion_turbine_2,3,2,0.0,0.0,0.0,0.0
WECC,WECC_natural_gas_internal_combustion_engine_1,3,1,0.0,0.0,0.0,0.0
WECC,WECC_natural_gas_steam_turbine_1,3,1,0.0,0.0,0.0,0.0
WECC,WECC_nuclear_1,3,1,0.0,0.0,3.1567496555213547e8,3.1567496555213547e8
WECC,WECC_onshore_wind_turbine_1,3,1,0.0,0.0,3.247984605290334e8,3.247984605290334e8
WECC,WECC_petroleum_liquids_1,3,1,0.0,0.0,0.0,0.0
WECC,WECC_small_hydroelectric_1,3,1,0.0,0.0,7.255464160570677e7,7.255464160570677e7
WECC,WECC_solar_photovoltaic_1,3,1,0.0,0.0,4.551385105313775e8,4.551385105313775e8
EIC,EIC_distributed_generation_1,1,1,3.0423979073857803e9,0.0,0.0,3.0423979073857803e9
TRE,TRE_distributed_generation_1,2,1,0.0,4.707351139122319e8,0.0,4.707351139122319e8
WECC,WECC_distributed_generation_1,3,1,0.0,0.0,1.342893171312105e9,1.342893171312105e9
EIC,EIC_naturalgas_ccavgcf_moderate_0,1,0,0.0,0.0,0.0,0.0
EIC,EIC_naturalgas_ctavgcf_moderate_0,1,0,0.0,0.0,0.0,0.0
EIC,EIC_battery_moderate_0,1,0,9.264614484383304e7,0.0,0.0,9.264614484383304e7
EIC,EIC_naturalgas_ccccsavgcf_conservative_0,1,0,0.0,0.0,0.0,0.0
EIC,EIC_advnuclear_atb_moderate_0,1,0,48468.59251035334,0.0,0.0,48468.59251035334
EIC,EIC_storage_metalair_advanced_0,1,0,4.211231023921773e7,0.0,0.0,4.211231023921773e7
EIC,EIC_landbasedwind_class1_moderate_0,1,0,2.4078429634708996e9,0.0,0.0,2.4078429634708996e9
EIC,EIC_landbasedwind_class1_moderate_1,1,1,3.0450333913781586e9,0.0,0.0,3.0450333913781586e9
EIC,EIC_landbasedwind_class1_moderate_2,1,2,59286.89451022485,0.0,0.0,59286.89451022485
EIC,EIC_landbasedwind_class1_moderate_3,1,3,1.7130238825956519e9,0.0,0.0,1.7130238825956519e9
EIC,EIC_landbasedwind_class1_moderate_4,1,4,41559.36558539928,0.0,0.0,41559.36558539928
EIC,EIC_landbasedwind_class1_moderate_5,1,5,4.617108268547952e8,0.0,0.0,4.617108268547952e8
EIC,EIC_landbasedwind_class1_moderate_6,1,6,16036.314103135694,0.0,0.0,16036.314103135694
EIC,EIC_landbasedwind_class1_moderate_7,1,7,47865.819764000684,0.0,0.0,47865.819764000684
EIC,EIC_landbasedwind_class1_moderate_8,1,8,6767.835292615056,0.0,0.0,6767.835292615056
EIC,EIC_landbasedwind_class1_moderate_9,1,9,3256.374108264712,0.0,0.0,3256.374108264712
EIC,EIC_utilitypv_class1_moderate_0,1,0,7.71771351827777e9,0.0,0.0,7.71771351827777e9
EIC,EIC_utilitypv_class1_moderate_1,1,1,19527.36515539924,0.0,0.0,19527.36515539924
EIC,EIC_utilitypv_class1_moderate_2,1,2,28981.132448001026,0.0,0.0,28981.132448001026
EIC,EIC_utilitypv_class1_moderate_3,1,3,16567.18385755487,0.0,0.0,16567.18385755487
EIC,EIC_utilitypv_class1_moderate_4,1,4,15779.12897654022,0.0,0.0,15779.12897654022
EIC,EIC_utilitypv_class1_moderate_5,1,5,19632.886164165444,0.0,0.0,19632.886164165444
EIC,EIC_utilitypv_class1_moderate_6,1,6,13481.555051534022,0.0,0.0,13481.555051534022
EIC,EIC_utilitypv_class1_moderate_7,1,7,10332.819970269742,0.0,0.0,10332.819970269742
EIC,EIC_utilitypv_class1_moderate_8,1,8,10215.374098851275,0.0,0.0,10215.374098851275
EIC,EIC_utilitypv_class1_moderate_9,1,9,972.645992352485,0.0,0.0,972.645992352485
EIC,EIC_offshorewind_class3_moderate_fixed_1_0,1,0,16759.048676974213,0.0,0.0,16759.048676974213
EIC,EIC_offshorewind_class3_moderate_fixed_1_1,1,1,8536.987942835216,0.0,0.0,8536.987942835216
EIC,EIC_offshorewind_class3_moderate_fixed_1_2,1,2,8676.015201071195,0.0,0.0,8676.015201071195
EIC,EIC_offshorewind_class3_moderate_fixed_1_3,1,3,8232.93517580579,0.0,0.0,8232.93517580579
EIC,EIC_offshorewind_class3_moderate_fixed_1_4,1,4,12749.644047300968,0.0,0.0,12749.644047300968
EIC,EIC_offshorewind_class3_moderate_fixed_1_5,1,5,1770.1036636689248,0.0,0.0,1770.1036636689248
EIC,EIC_offshorewind_class3_moderate_fixed_1_6,1,6,1226.794662768055,0.0,0.0,1226.794662768055
EIC,EIC_offshorewind_class3_moderate_fixed_1_7,1,7,3361.8989420663943,0.0,0.0,3361.8989420663943
EIC,EIC_offshorewind_class3_moderate_fixed_1_8,1,8,1802.4557164192784,0.0,0.0,1802.4557164192784
EIC,EIC_offshorewind_class3_moderate_fixed_1_9,1,9,1063.881358046007,0.0,0.0,1063.881358046007
EIC,EIC_offshorewind_class3_moderate_fixed_0_0,1,0,16759.048676966868,0.0,0.0,16759.048676966868
EIC,EIC_offshorewind_class3_moderate_fixed_0_1,1,1,8536.987942834223,0.0,0.0,8536.987942834223
EIC,EIC_offshorewind_class3_moderate_fixed_0_4,1,4,8676.015201072056,0.0,0.0,8676.015201072056
EIC,EIC_offshorewind_class3_moderate_fixed_0_5,1,5,8232.935175806002,0.0,0.0,8232.935175806002
EIC,EIC_offshorewind_class3_moderate_fixed_0_10,1,10,12749.64404729545,0.0,0.0,12749.64404729545
EIC,EIC_offshorewind_class3_moderate_fixed_0_11,1,11,1770.1036636688323,0.0,0.0,1770.1036636688323
EIC,EIC_offshorewind_class3_moderate_fixed_0_18,1,18,1226.7946627680656,0.0,0.0,1226.7946627680656
EIC,EIC_offshorewind_class3_moderate_fixed_0_19,1,19,3361.8989420663493,0.0,0.0,3361.8989420663493
EIC,EIC_offshorewind_class3_moderate_fixed_0_28,1,28,1802.4557164190107,0.0,0.0,1802.4557164190107
EIC,EIC_offshorewind_class3_moderate_fixed_0_29,1,29,1063.8813580460076,0.0,0.0,1063.8813580460076
EIC,EIC_offshorewind_class12_moderate_floating_1_0,1,0,9110.04857289908,0.0,0.0,9110.04857289908
EIC,EIC_offshorewind_class12_moderate_floating_1_1,1,1,6100.325912228702,0.0,0.0,6100.325912228702
EIC,EIC_offshorewind_class12_moderate_floating_1_6,1,6,6236.584166727164,0.0,0.0,6236.584166727164
EIC,EIC_offshorewind_class12_moderate_floating_1_7,1,7,5782.136793131176,0.0,0.0,5782.136793131176
EIC,EIC_offshorewind_class12_moderate_floating_1_18,1,18,7499.8880776905235,0.0,0.0,7499.8880776905235
EIC,EIC_offshorewind_class12_moderate_floating_1_19,1,19,1277.4799736968025,0.0,0.0,1277.4799736968025
EIC,EIC_offshorewind_class12_moderate_floating_1_38,1,38,837.3801558764492,0.0,0.0,837.3801558764492
EIC,EIC_offshorewind_class12_moderate_floating_1_39,1,39,2528.798615545027,0.0,0.0,2528.798615545027
EIC,EIC_offshorewind_class12_moderate_floating_1_68,1,68,1455.1824097660776,0.0,0.0,1455.1824097660776
EIC,EIC_offshorewind_class12_moderate_floating_1_69,1,69,752.0589614578116,0.0,0.0,752.0589614578116
EIC,EIC_offshorewind_class12_moderate_floating_0_0,1,0,9110.048572898273,0.0,0.0,9110.048572898273
EIC,EIC_offshorewind_class12_moderate_floating_0_1,1,1,6100.325912228753,0.0,0.0,6100.325912228753
EIC,EIC_offshorewind_class12_moderate_floating_0_8,1,8,6236.58416672694,0.0,0.0,6236.58416672694
EIC,EIC_offshorewind_class12_moderate_floating_0_9,1,9,5782.136793131471,0.0,0.0,5782.136793131471
EIC,EIC_offshorewind_class12_moderate_floating_0_28,1,28,7499.8880776898495,0.0,0.0,7499.8880776898495
EIC,EIC_offshorewind_class12_moderate_floating_0_29,1,29,1277.4799736968607,0.0,0.0,1277.4799736968607
EIC,EIC_offshorewind_class12_moderate_floating_0_68,1,68,837.380155876453,0.0,0.0,837.380155876453
EIC,EIC_offshorewind_class12_moderate_floating_0_69,1,69,2528.798615544727,0.0,0.0,2528.798615544727
EIC,EIC_offshorewind_class12_moderate_floating_0_138,1,138,1455.1824097660947,0.0,0.0,1455.1824097660947
EIC,EIC_offshorewind_class12_moderate_floating_0_139,1,139,752.0589614578074,0.0,0.0,752.0589614578074
TRE,TRE_naturalgas_ccavgcf_moderate_0,2,0,0.0,0.0,0.0,0.0
TRE,TRE_naturalgas_ctavgcf_moderate_0,2,0,0.0,0.0,0.0,0.0
TRE,TRE_battery_moderate_0,2,0,0.0,2.7391500546350443e8,0.0,2.7391500546350443e8
TRE,TRE_naturalgas_ccccsavgcf_conservative_0,2,0,0.0,0.0,0.0,0.0
TRE,TRE_advnuclear_atb_moderate_0,2,0,0.0,30280.373880676536,0.0,30280.373880676536
TRE,TRE_storage_metalair_advanced_0,2,0,0.0,6.537335241977489e6,0.0,6.537335241977489e6
TRE,TRE_landbasedwind_class1_moderate_0,2,0,0.0,2.3009909833771083e8,0.0,2.3009909833771083e8
TRE,TRE_landbasedwind_class1_moderate_1,2,1,0.0,153634.06402269297,0.0,153634.06402269297
TRE,TRE_landbasedwind_class1_moderate_2,2,2,0.0,1.9696113738735798e8,0.0,1.9696113738735798e8
TRE,TRE_landbasedwind_class1_moderate_3,2,3,0.0,52614.013266339294,0.0,52614.013266339294
TRE,TRE_landbasedwind_class1_moderate_4,2,4,0.0,28325.33540372817,0.0,28325.33540372817
TRE,TRE_landbasedwind_class1_moderate_5,2,5,0.0,1.4497118471646568e8,0.0,1.4497118471646568e8
TRE,TRE_landbasedwind_class1_moderate_6,2,6,0.0,11224.81166180235,0.0,11224.81166180235
TRE,TRE_landbasedwind_class1_moderate_7,2,7,0.0,1.2995345835178043e8,0.0,1.2995345835178043e8
TRE,TRE_landbasedwind_class1_moderate_8,2,8,0.0,2281.0120263385857,0.0,2281.0120263385857
TRE,TRE_landbasedwind_class1_moderate_9,2,9,0.0,980.4764919159209,0.0,980.4764919159209
TRE,TRE_utilitypv_class1_moderate_0,2,0,0.0,18781.69813394604,0.0,18781.69813394604
TRE,TRE_utilitypv_class1_moderate_1,2,1,0.0,4.8853822989669466e8,0.0,4.8853822989669466e8
TRE,TRE_utilitypv_class1_moderate_2,2,2,0.0,12783.910030105577,0.0,12783.910030105577
TRE,TRE_utilitypv_class1_moderate_3,2,3,0.0,16425.306319185955,0.0,16425.306319185955
TRE,TRE_utilitypv_class1_moderate_4,2,4,0.0,9575.561596982921,0.0,9575.561596982921
TRE,TRE_utilitypv_class1_moderate_5,2,5,0.0,11386.388141285743,0.0,11386.388141285743
TRE,TRE_utilitypv_class1_moderate_6,2,6,0.0,8026.956407849909,0.0,8026.956407849909
TRE,TRE_utilitypv_class1_moderate_7,2,7,0.0,6949.776746934195,0.0,6949.776746934195
TRE,TRE_utilitypv_class1_moderate_8,2,8,0.0,1841.187236336521,0.0,1841.187236336521
TRE,TRE_utilitypv_class1_moderate_9,2,9,0.0,3705.6347640820504,0.0,3705.6347640820504
TRE,TRE_offshorewind_class3_moderate_fixed_1_0,2,0,0.0,1618.8637611971233,0.0,1618.8637611971233
TRE,TRE_offshorewind_class3_moderate_fixed_1_1,2,1,0.0,2822.960548915969,0.0,2822.960548915969
TRE,TRE_offshorewind_class3_moderate_fixed_1_2,2,2,0.0,1397.6953517112986,0.0,1397.6953517112986
TRE,TRE_offshorewind_class3_moderate_fixed_1_3,2,3,0.0,865.2236449070648,0.0,865.2236449070648
TRE,TRE_offshorewind_class3_moderate_fixed_1_4,2,4,0.0,2105.1395920263317,0.0,2105.1395920263317
TRE,TRE_offshorewind_class3_moderate_fixed_1_5,2,5,0.0,2201.653559587509,0.0,2201.653559587509
TRE,TRE_offshorewind_class3_moderate_fixed_1_6,2,6,0.0,3750.4018075985914,0.0,3750.4018075985914
TRE,TRE_offshorewind_class3_moderate_fixed_1_7,2,7,0.0,1410.2321509188155,0.0,1410.2321509188155
TRE,TRE_offshorewind_class3_moderate_fixed_1_8,2,8,0.0,3402.531835161682,0.0,3402.531835161682
TRE,TRE_offshorewind_class3_moderate_fixed_1_9,2,9,0.0,2278.761188395044,0.0,2278.761188395044
TRE,TRE_offshorewind_class3_moderate_fixed_0_0,2,0,0.0,1618.8637611971355,0.0,1618.8637611971355
TRE,TRE_offshorewind_class3_moderate_fixed_0_1,2,1,0.0,2822.96054891582,0.0,2822.96054891582
TRE,TRE_offshorewind_class3_moderate_fixed_0_4,2,4,0.0,1397.6953517113186,0.0,1397.6953517113186
TRE,TRE_offshorewind_class3_moderate_fixed_0_5,2,5,0.0,865.2236449070691,0.0,865.2236449070691
TRE,TRE_offshorewind_class3_moderate_fixed_0_10,2,10,0.0,2105.1395920263526,0.0,2105.1395920263526
TRE,TRE_offshorewind_class3_moderate_fixed_0_11,2,11,0.0,2201.653559587555,0.0,2201.653559587555
TRE,TRE_offshorewind_class3_moderate_fixed_0_18,2,18,0.0,3750.4018075984964,0.0,3750.4018075984964
TRE,TRE_offshorewind_class3_moderate_fixed_0_19,2,19,0.0,1410.2321509188212,0.0,1410.2321509188212
TRE,TRE_offshorewind_class3_moderate_fixed_0_28,2,28,0.0,3402.5318351618735,0.0,3402.5318351618735
TRE,TRE_offshorewind_class3_moderate_fixed_0_29,2,29,0.0,2278.761188395056,0.0,2278.761188395056
TRE,TRE_offshorewind_class12_moderate_floating_1_0,2,0,0.0,1337.2604873350988,0.0,1337.2604873350988
TRE,TRE_offshorewind_class12_moderate_floating_1_1,2,1,0.0,2239.654373712298,0.0,2239.654373712298
TRE,TRE_offshorewind_class12_moderate_floating_1_6,2,6,0.0,988.331298029239,0.0,988.331298029239
TRE,TRE_offshorewind_class12_moderate_floating_1_7,2,7,0.0,724.3306260435373,0.0,724.3306260435373
TRE,TRE_offshorewind_class12_moderate_floating_1_18,2,18,0.0,1680.199923473478,0.0,1680.199923473478
TRE,TRE_offshorewind_class12_moderate_floating_1_19,2,19,0.0,1831.067630523049,0.0,1831.067630523049
TRE,TRE_offshorewind_class12_moderate_floating_1_38,2,38,0.0,2840.9334120386998,0.0,2840.9334120386998
TRE,TRE_offshorewind_class12_moderate_floating_1_39,2,39,0.0,1191.6651819043066,0.0,1191.6651819043066
TRE,TRE_offshorewind_class12_moderate_floating_1_68,2,68,0.0,2848.6544800619417,0.0,2848.6544800619417
TRE,TRE_offshorewind_class12_moderate_floating_1_69,2,69,0.0,2031.411740846595,0.0,2031.411740846595
TRE,TRE_offshorewind_class12_moderate_floating_0_0,2,0,0.0,1337.2604873350945,0.0,1337.2604873350945
TRE,TRE_offshorewind_class12_moderate_floating_0_1,2,1,0.0,2239.654373712322,0.0,2239.654373712322
TRE,TRE_offshorewind_class12_moderate_floating_0_8,2,8,0.0,988.3312980292492,0.0,988.3312980292492
TRE,TRE_offshorewind_class12_moderate_floating_0_9,2,9,0.0,724.3306260435369,0.0,724.3306260435369
TRE,TRE_offshorewind_class12_moderate_floating_0_28,2,28,0.0,1680.199923473475,0.0,1680.199923473475
TRE,TRE_offshorewind_class12_moderate_floating_0_29,2,29,0.0,1831.0676305229213,0.0,1831.0676305229213
TRE,TRE_offshorewind_class12_moderate_floating_0_68,2,68,0.0,2840.933412038704,0.0,2840.933412038704
TRE,TRE_offshorewind_class12_moderate_floating_0_69,2,69,0.0,1191.6651819043082,0.0,1191.6651819043082
TRE,TRE_offshorewind_class12_moderate_floating_0_138,2,138,0.0,2848.6544800619104,0.0,2848.6544800619104
TRE,TRE_offshorewind_class12_moderate_floating_0_139,2,139,0.0,2031.4117408465286,0.0,2031.4117408465286
WECC,WECC_naturalgas_ccavgcf_moderate_0,3,0,0.0,0.0,0.0,0.0
WECC,WECC_naturalgas_ctavgcf_moderate_0,3,0,0.0,0.0,0.0,0.0
WECC,WECC_battery_moderate_0,3,0,-0.0,0.0,52815.57340748359,52815.57340748359
WECC,WECC_naturalgas_ccccsavgcf_conservative_0,3,0,0.0,0.0,0.0,0.0
WECC,WECC_advnuclear_atb_moderate_0,3,0,0.0,0.0,39313.9551698336,39313.9551698336
WECC,WECC_storage_metalair_advanced_0,3,0,0.0,0.0,1.3637341453832775e7,1.3637341453832775e7
WECC,WECC_landbasedwind_class1_moderate_0,3,0,0.0,0.0,1.302299608359357e9,1.302299608359357e9
WECC,WECC_landbasedwind_class1_moderate_1,3,1,0.0,0.0,8.361054730042398e8,8.361054730042398e8
WECC,WECC_landbasedwind_class1_moderate_2,3,2,0.0,0.0,9589.626471296735,9589.626471296735
WECC,WECC_landbasedwind_class1_moderate_3,3,3,0.0,0.0,12424.753852868655,12424.753852868655
WECC,WECC_landbasedwind_class1_moderate_4,3,4,0.0,0.0,6626.624819381807,6626.624819381807
WECC,WECC_landbasedwind_class1_moderate_5,3,5,0.0,0.0,4205.4116615565945,4205.4116615565945
WECC,WECC_landbasedwind_class1_moderate_6,3,6,0.0,0.0,4610.122592897259,4610.122592897259
WECC,WECC_landbasedwind_class1_moderate_7,3,7,0.0,0.0,2162.95288956526,2162.95288956526
WECC,WECC_landbasedwind_class1_moderate_8,3,8,0.0,0.0,3493.974157639036,3493.974157639036
WECC,WECC_landbasedwind_class1_moderate_9,3,9,0.0,0.0,2861.210372820476,2861.210372820476
WECC,WECC_utilitypv_class1_moderate_0,3,0,0.0,0.0,9.768644266120887e8,9.768644266120887e8
WECC,WECC_utilitypv_class1_moderate_1,3,1,0.0,0.0,39821.470950555806,39821.470950555806
WECC,WECC_utilitypv_class1_moderate_2,3,2,0.0,0.0,14494.727033357876,14494.727033357876
WECC,WECC_utilitypv_class1_moderate_3,3,3,0.0,0.0,22011.164057236558,22011.164057236558
WECC,WECC_utilitypv_class1_moderate_4,3,4,0.0,0.0,9025.615238649945,9025.615238649945
WECC,WECC_utilitypv_class1_moderate_5,3,5,0.0,0.0,14097.389610280637,14097.389610280637
WECC,WECC_utilitypv_class1_moderate_6,3,6,0.0,0.0,8277.503783919801,8277.503783919801
WECC,WECC_utilitypv_class1_moderate_7,3,7,0.0,0.0,8939.850865280332,8939.850865280332
WECC,WECC_utilitypv_class1_moderate_8,3,8,0.0,0.0,1754.545547052804,1754.545547052804
WECC,WECC_utilitypv_class1_moderate_9,3,9,0.0,0.0,5597.760192364759,5597.760192364759
WECC,WECC_offshorewind_class3_moderate_fixed_1_0,3,0,0.0,0.0,1737.1875063707587,1737.1875063707587
WECC,WECC_offshorewind_class3_moderate_fixed_1_1,3,1,0.0,0.0,1855.523765982077,1855.523765982077
WECC,WECC_offshorewind_class3_moderate_fixed_1_2,3,2,0.0,0.0,1689.0269133582844,1689.0269133582844
WECC,WECC_offshorewind_class3_moderate_fixed_1_3,3,3,0.0,0.0,2445.218197872696,2445.218197872696
WECC,WECC_offshorewind_class3_moderate_fixed_1_4,3,4,0.0,0.0,1383.18656763882,1383.18656763882
WECC,WECC_offshorewind_class3_moderate_fixed_1_5,3,5,0.0,0.0,1648.8586525144701,1648.8586525144701
WECC,WECC_offshorewind_class3_moderate_fixed_1_6,3,6,0.0,0.0,1216.9085518780203,1216.9085518780203
WECC,WECC_offshorewind_class3_moderate_fixed_1_7,3,7,0.0,0.0,1472.2463903035143,1472.2463903035143
WECC,WECC_offshorewind_class3_moderate_fixed_1_8,3,8,0.0,0.0,1156.0322467557494,1156.0322467557494
WECC,WECC_offshorewind_class3_moderate_fixed_1_9,3,9,0.0,0.0,1420.2079913652215,1420.2079913652215
WECC,WECC_offshorewind_class3_moderate_fixed_0_0,3,0,0.0,0.0,1737.1875063708535,1737.1875063708535
WECC,WECC_offshorewind_class3_moderate_fixed_0_1,3,1,0.0,0.0,1855.5237659820923,1855.5237659820923
WECC,WECC_offshorewind_class3_moderate_fixed_0_4,3,4,0.0,0.0,1689.0269133583345,1689.0269133583345
WECC,WECC_offshorewind_class3_moderate_fixed_0_5,3,5,0.0,0.0,2445.218197872521,2445.218197872521
WECC,WECC_offshorewind_class3_moderate_fixed_0_10,3,10,0.0,0.0,1383.1865676387079,1383.1865676387079
WECC,WECC_offshorewind_class3_moderate_fixed_0_11,3,11,0.0,0.0,1648.8586525144476,1648.8586525144476
WECC,WECC_offshorewind_class3_moderate_fixed_0_18,3,18,0.0,0.0,1216.9085518780214,1216.9085518780214
WECC,WECC_offshorewind_class3_moderate_fixed_0_19,3,19,0.0,0.0,1472.2463903035052,1472.2463903035052
WECC,WECC_offshorewind_class3_moderate_fixed_0_28,3,28,0.0,0.0,1156.0322467557537,1156.0322467557537
WECC,WECC_offshorewind_class3_moderate_fixed_0_29,3,29,0.0,0.0,1420.2079913652358,1420.2079913652358
WECC,WECC_offshorewind_class12_moderate_floating_1_0,3,0,0.0,0.0,1392.5507480485235,1392.5507480485235
WECC,WECC_offshorewind_class12_moderate_floating_1_1,3,1,0.0,0.0,1375.0442322486422,1375.0442322486422
WECC,WECC_offshorewind_class12_moderate_floating_1_6,3,6,0.0,0.0,1308.3640285284896,1308.3640285284896
WECC,WECC_offshorewind_class12_moderate_floating_1_7,3,7,0.0,0.0,2265.550825196823,2265.550825196823
WECC,WECC_offshorewind_class12_moderate_floating_1_18,3,18,0.0,0.0,1200.8857926149358,1200.8857926149358
WECC,WECC_offshorewind_class12_moderate_floating_1_19,3,19,0.0,0.0,1248.1631631057714,1248.1631631057714
WECC,WECC_offshorewind_class12_moderate_floating_1_38,3,38,0.0,0.0,853.6698105373754,853.6698105373754
WECC,WECC_offshorewind_class12_moderate_floating_1_39,3,39,0.0,0.0,1189.8913032586192,1189.8913032586192
WECC,WECC_offshorewind_class12_moderate_floating_1_68,3,68,0.0,0.0,826.9166612134109,826.9166612134109
WECC,WECC_offshorewind_class12_moderate_floating_1_69,3,69,0.0,0.0,1077.2171705309188,1077.2171705309188
WECC,WECC_offshorewind_class12_moderate_floating_0_0,3,0,0.0,0.0,1392.55074804853,1392.55074804853
WECC,WECC_offshorewind_class12_moderate_floating_0_1,3,1,0.0,0.0,1375.0442322486444,1375.0442322486444
WECC,WECC_offshorewind_class12_moderate_floating_0_8,3,8,0.0,0.0,1308.3640285284805,1308.3640285284805
WECC,WECC_offshorewind_class12_moderate_floating_0_9,3,9,0.0,0.0,2265.55082519695,2265.55082519695
WECC,WECC_offshorewind_class12_moderate_floating_0_28,3,28,0.0,0.0,1200.8857926148555,1200.8857926148555
WECC,WECC_offshorewind_class12_moderate_floating_0_29,3,29,0.0,0.0,1248.1631631058044,1248.1631631058044
WECC,WECC_offshorewind_class12_moderate_floating_0_68,3,68,0.0,0.0,853.6698105373799,853.6698105373799
WECC,WECC_offshorewind_class12_moderate_floating_0_69,3,69,0.0,0.0,1189.8913032586213,1189.8913032586213
WECC,WECC_offshorewind_class12_moderate_floating_0_138,3,138,0.0,0.0,826.9166612134129,826.9166612134129
WECC,WECC_offshorewind_class12_moderate_floating_0_139,3,139,0.0,0.0,1077.2171705309183,1077.2171705309183
WECC,WECC_trans_light_duty_1,3,1,0.0,0.0,4.0127169469246125e8,4.0127169469246125e8
EIC,EIC_trans_light_duty_1,1,1,1.8072734036457354e8,0.0,0.0,1.8072734036457354e8
TRE,TRE_trans_light_duty_1,2,1,0.0,1.247204051871414e8,0.0,1.247204051871414e8
WECC,WECC_comm_water_heat_1,3,1,0.0,0.0,5.622731907046284e6,5.622731907046284e6
EIC,EIC_comm_water_heat_1,1,1,4.160592344235944e6,0.0,0.0,4.160592344235944e6
TRE,TRE_comm_water_heat_1,2,1,0.0,4.578038162426904e6,0.0,4.578038162426904e6
WECC,WECC_res_water_heat_1,3,1,0.0,0.0,7.171849392890442e6,7.171849392890442e6
EIC,EIC_res_water_heat_1,1,1,8.622605288544448e6,0.0,0.0,8.622605288544448e6
TRE,TRE_res_water_heat_1,2,1,0.0,6.559277940575531e6,0.0,6.559277940575531e6
WECC,WECC_comm_space_heat_cool_1,3,1,0.0,0.0,7.756545947098989e6,7.756545947098989e6
EIC,EIC_comm_space_heat_cool_1,1,1,1.982735808402792e7,0.0,0.0,1.982735808402792e7
TRE,TRE_comm_space_heat_cool_1,2,1,0.0,1.2362041157719229e8,0.0,1.2362041157719229e8
WECC,WECC_res_space_heat_cool_1,3,1,0.0,0.0,1.498253901198106e7,1.498253901198106e7
EIC,EIC_res_space_heat_cool_1,1,1,3.4217631871024705e7,0.0,0.0,3.4217631871024705e7
TRE,TRE_res_space_heat_cool_1,2,1,0.0,1.8949296216271782e8,0.0,1.8949296216271782e8
EIC,EIC_naturalgas_ctavgcf_moderate_0_zerocarbon,1,0,1.8904858226891815e10,0.0,0.0,1.8904858226891815e10
TRE,TRE_naturalgas_ctavgcf_moderate_0_zerocarbon,2,0,0.0,3.2871980672180815e9,0.0,3.2871980672180815e9
WECC,WECC_naturalgas_ctavgcf_moderate_0_zerocarbon,3,0,0.0,0.0,6.016954597900619e9,6.016954597900619e9
