Time_Index,TRE_batteries_1,TRE_biomass_1,TRE_conventional_hydroelectric_1,TRE_conventional_steam_coal_1,TRE_conventional_steam_coal_2,TRE_natural_gas_fired_combined_cycle_1,TRE_natural_gas_fired_combined_cycle_2,TRE_natural_gas_fired_combustion_turbine_1,TRE_natural_gas_fired_combustion_turbine_2,TRE_natural_gas_internal_combustion_engine_1,TRE_natural_gas_steam_turbine_1,TRE_nuclear_1,TRE_onshore_wind_turbine_1,TRE_petroleum_liquids_1,TRE_small_hydroelectric_1,TRE_solar_photovoltaic_1,TREW_batteries_1,TREW_natural_gas_fired_combined_cycle_1,TREW_natural_gas_fired_combined_cycle_2,TREW_natural_gas_fired_combustion_turbine_1,TREW_natural_gas_fired_combustion_turbine_2,TREW_natural_gas_internal_combustion_engine_1,TREW_onshore_wind_turbine_1,TREW_petroleum_liquids_1,TREW_solar_photovoltaic_1,TRE_naturalgas_hframe_cc_moderate_0,TRE_naturalgas_fframe_ct_moderate_0,TRE_battery_moderate_0,TRE_nuclear_nuclear_moderate_0,TRE_utilitypv_class1_moderate_1,TRE_utilitypv_class1_moderate_2,TRE_landbasedwind_class3_moderate_1,TRE_landbasedwind_class3_moderate_2,TRE_landbasedwind_class3_moderate_3,TREW_naturalgas_hframe_cc_moderate_0,TREW_naturalgas_fframe_ct_moderate_0,TREW_battery_moderate_0,TREW_nuclear_nuclear_moderate_0,TREW_utilitypv_class1_moderate_1,TREW_utilitypv_class1_moderate_2,TREW_utilitypv_class1_moderate_3,TREW_landbasedwind_class3_moderate_1,TREW_landbasedwind_class3_moderate_2,TREW_landbasedwind_class3_moderate_3
1,1,1,0.216,1,1,1,1,1,1,1,1,1,0.496,1,1,0.000,1,1,1,1,1,1,0.489,1,0.000,1,1,1,1,0.000,0.000,0.784,0.753,0.703,1,1,1,1,0.000,0.000,0.000,0.794,0.684,0.415
2,1,1,0.216,1,1,1,1,1,1,1,1,1,0.533,1,1,0.000,1,1,1,1,1,1,0.512,1,0.000,1,1,1,1,0.000,0.000,0.856,0.799,0.775,1,1,1,1,0.000,0.000,0.000,0.870,0.720,0.447
3,1,1,0.216,1,1,1,1,1,1,1,1,1,0.513,1,1,0.000,1,1,1,1,1,1,0.468,1,0.000,1,1,1,1,0.000,0.000,0.802,0.729,0.651,1,1,1,1,0.000,0.000,0.000,0.816,0.691,0.479
4,1,1,0.216,1,1,1,1,1,1,1,1,1,0.433,1,1,0.000,1,1,1,1,1,1,0.484,1,0.000,1,1,1,1,0.000,0.000,0.722,0.644,0.591,1,1,1,1,0.000,0.000,0.000,0.836,0.711,0.493
5,1,1,0.216,1,1,1,1,1,1,1,1,1,0.428,1,1,0.000,1,1,1,1,1,1,0.514,1,0.000,1,1,1,1,0.000,0.000,0.709,0.588,0.497,1,1,1,1,0.000,0.000,0.000,0.881,0.724,0.470
6,1,1,0.216,1,1,1,1,1,1,1,1,1,0.413,1,1,0.000,1,1,1,1,1,1,0.535,1,0.000,1,1,1,1,0.000,0.000,0.742,0.523,0.433,1,1,1,1,0.000,0.000,0.000,0.879,0.723,0.450
7,1,1,0.216,1,1,1,1,1,1,1,1,1,0.363,1,1,0.000,1,1,1,1,1,1,0.593,1,0.000,1,1,1,1,0.000,0.000,0.695,0.446,0.282,1,1,1,1,0.000,0.000,0.000,0.869,0.686,0.352
8,1,1,0.216,1,1,1,1,1,1,1,1,1,0.359,1,1,0.000,1,1,1,1,1,1,0.597,1,0.000,1,1,1,1,0.000,0.000,0.684,0.446,0.303,1,1,1,1,0.000,0.000,0.000,0.809,0.622,0.347
9,1,1,0.216,1,1,1,1,1,1,1,1,1,0.259,1,1,0.003,1,1,1,1,1,1,0.599,1,0.000,1,1,1,1,0.002,0.001,0.630,0.421,0.307,1,1,1,1,0.000,0.000,0.000,0.772,0.615,0.316
10,1,1,0.216,1,1,1,1,1,1,1,1,1,0.331,1,1,0.144,1,1,1,1,1,1,0.569,1,0.299,1,1,1,1,0.189,0.184,0.634,0.500,0.329,1,1,1,1,0.217,0.224,0.252,0.737,0.564,0.279
11,1,1,0.216,1,1,1,1,1,1,1,1,1,0.508,1,1,0.368,1,1,1,1,1,1,0.616,1,0.526,1,1,1,1,0.356,0.335,0.800,0.652,0.396,1,1,1,1,0.499,0.516,0.519,0.688,0.458,0.222
12,1,1,0.216,1,1,1,1,1,1,1,1,1,0.562,1,1,0.494,1,1,1,1,1,1,0.628,1,0.614,1,1,1,1,0.473,0.440,0.908,0.829,0.550,1,1,1,1,0.603,0.614,0.619,0.642,0.357,0.118
13,1,1,0.216,1,1,1,1,1,1,1,1,1,0.572,1,1,0.573,1,1,1,1,1,1,0.615,1,0.669,1,1,1,1,0.534,0.518,0.953,0.837,0.557,1,1,1,1,0.599,0.639,0.632,0.634,0.307,0.090
14,1,1,0.216,1,1,1,1,1,1,1,1,1,0.603,1,1,0.625,1,1,1,1,1,1,0.563,1,0.731,1,1,1,1,0.585,0.572,0.907,0.803,0.521,1,1,1,1,0.603,0.644,0.637,0.618,0.395,0.151
15,1,1,0.216,1,1,1,1,1,1,1,1,1,0.632,1,1,0.626,1,1,1,1,1,1,0.546,1,0.676,1,1,1,1,0.613,0.585,0.906,0.839,0.466,1,1,1,1,0.617,0.620,0.660,0.668,0.508,0.238
16,1,1,0.216,1,1,1,1,1,1,1,1,1,0.626,1,1,0.586,1,1,1,1,1,1,0.573,1,0.689,1,1,1,1,0.562,0.559,0.889,0.851,0.475,1,1,1,1,0.565,0.601,0.646,0.719,0.569,0.271
17,1,1,0.216,1,1,1,1,1,1,1,1,1,0.647,1,1,0.527,1,1,1,1,1,1,0.608,1,0.586,1,1,1,1,0.478,0.494,0.893,0.854,0.518,1,1,1,1,0.520,0.601,0.624,0.768,0.645,0.366
18,1,1,0.216,1,1,1,1,1,1,1,1,1,0.627,1,1,0.394,1,1,1,1,1,1,0.598,1,0.544,1,1,1,1,0.379,0.408,0.823,0.834,0.554,1,1,1,1,0.456,0.516,0.528,0.784,0.688,0.462
19,1,1,0.216,1,1,1,1,1,1,1,1,1,0.608,1,1,0.213,1,1,1,1,1,1,0.613,1,0.448,1,1,1,1,0.204,0.197,0.692,0.769,0.520,1,1,1,1,0.354,0.380,0.381,0.816,0.777,0.612
20,1,1,0.216,1,1,1,1,1,1,1,1,1,0.511,1,1,0.014,1,1,1,1,1,1,0.642,1,0.231,1,1,1,1,0.020,0.023,0.768,0.789,0.608,1,1,1,1,0.254,0.253,0.245,0.880,0.797,0.633
21,1,1,0.216,1,1,1,1,1,1,1,1,1,0.470,1,1,0.000,1,1,1,1,1,1,0.629,1,0.000,1,1,1,1,0.000,0.000,0.840,0.837,0.720,1,1,1,1,0.000,0.000,0.000,0.915,0.785,0.604
22,1,1,0.216,1,1,1,1,1,1,1,1,1,0.475,1,1,0.000,1,1,1,1,1,1,0.613,1,0.000,1,1,1,1,0.000,0.000,0.783,0.855,0.693,1,1,1,1,0.000,0.000,0.000,0.911,0.778,0.573
23,1,1,0.216,1,1,1,1,1,1,1,1,1,0.543,1,1,0.000,1,1,1,1,1,1,0.616,1,0.000,1,1,1,1,0.000,0.000,0.885,0.878,0.740,1,1,1,1,0.000,0.000,0.000,0.935,0.811,0.552
24,1,1,0.216,1,1,1,1,1,1,1,1,1,0.573,1,1,0.000,1,1,1,1,1,1,0.617,1,0.000,1,1,1,1,0.000,0.000,0.912,0.861,0.755,1,1,1,1,0.000,0.000,0.000,0.891,0.768,0.494
25,1,1,0.216,1,1,1,1,1,1,1,1,1,0.548,1,1,0.000,1,1,1,1,1,1,0.633,1,0.000,1,1,1,1,0.000,0.000,0.883,0.893,0.889,1,1,1,1,0.000,0.000,0.000,0.887,0.775,0.512
26,1,1,0.216,1,1,1,1,1,1,1,1,1,0.537,1,1,0.000,1,1,1,1,1,1,0.586,1,0.000,1,1,1,1,0.000,0.000,0.921,0.911,0.916,1,1,1,1,0.000,0.000,0.000,0.813,0.730,0.537
27,1,1,0.216,1,1,1,1,1,1,1,1,1,0.572,1,1,0.000,1,1,1,1,1,1,0.643,1,0.000,1,1,1,1,0.000,0.000,0.954,0.862,0.815,1,1,1,1,0.000,0.000,0.000,0.848,0.721,0.538
28,1,1,0.216,1,1,1,1,1,1,1,1,1,0.566,1,1,0.000,1,1,1,1,1,1,0.626,1,0.000,1,1,1,1,0.000,0.000,0.955,0.817,0.727,1,1,1,1,0.000,0.000,0.000,0.848,0.762,0.571
29,1,1,0.216,1,1,1,1,1,1,1,1,1,0.484,1,1,0.000,1,1,1,1,1,1,0.597,1,0.000,1,1,1,1,0.000,0.000,0.950,0.744,0.664,1,1,1,1,0.000,0.000,0.000,0.804,0.729,0.538
30,1,1,0.216,1,1,1,1,1,1,1,1,1,0.401,1,1,0.000,1,1,1,1,1,1,0.589,1,0.000,1,1,1,1,0.000,0.000,0.930,0.683,0.575,1,1,1,1,0.000,0.000,0.000,0.790,0.655,0.444
31,1,1,0.216,1,1,1,1,1,1,1,1,1,0.338,1,1,0.000,1,1,1,1,1,1,0.547,1,0.000,1,1,1,1,0.000,0.000,0.887,0.627,0.500,1,1,1,1,0.000,0.000,0.000,0.728,0.606,0.435
32,1,1,0.216,1,1,1,1,1,1,1,1,1,0.401,1,1,0.000,1,1,1,1,1,1,0.584,1,0.000,1,1,1,1,0.000,0.000,0.891,0.702,0.467,1,1,1,1,0.000,0.000,0.000,0.664,0.563,0.408
33,1,1,0.216,1,1,1,1,1,1,1,1,1,0.445,1,1,0.006,1,1,1,1,1,1,0.600,1,0.000,1,1,1,1,0.009,0.007,0.871,0.637,0.417,1,1,1,1,0.000,0.000,0.000,0.634,0.517,0.420
34,1,1,0.216,1,1,1,1,1,1,1,1,1,0.480,1,1,0.180,1,1,1,1,1,1,0.613,1,0.335,1,1,1,1,0.243,0.226,0.811,0.573,0.324,1,1,1,1,0.388,0.345,0.345,0.671,0.543,0.425
35,1,1,0.216,1,1,1,1,1,1,1,1,1,0.613,1,1,0.398,1,1,1,1,1,1,0.685,1,0.567,1,1,1,1,0.435,0.421,0.919,0.769,0.444,1,1,1,1,0.618,0.558,0.553,0.680,0.505,0.308
36,1,1,0.216,1,1,1,1,1,1,1,1,1,0.631,1,1,0.516,1,1,1,1,1,1,0.658,1,0.684,1,1,1,1,0.505,0.500,0.935,0.805,0.576,1,1,1,1,0.736,0.693,0.676,0.645,0.477,0.262
37,1,1,0.216,1,1,1,1,1,1,1,1,1,0.653,1,1,0.579,1,1,1,1,1,1,0.651,1,0.767,1,1,1,1,0.529,0.524,0.952,0.841,0.652,1,1,1,1,0.814,0.805,0.774,0.679,0.568,0.331
38,1,1,0.216,1,1,1,1,1,1,1,1,1,0.624,1,1,0.581,1,1,1,1,1,1,0.557,1,0.813,1,1,1,1,0.585,0.581,0.960,0.913,0.747,1,1,1,1,0.846,0.817,0.814,0.641,0.635,0.440
39,1,1,0.216,1,1,1,1,1,1,1,1,1,0.638,1,1,0.628,1,1,1,1,1,1,0.529,1,0.781,1,1,1,1,0.633,0.619,0.958,0.880,0.706,1,1,1,1,0.873,0.864,0.865,0.597,0.631,0.400
40,1,1,0.216,1,1,1,1,1,1,1,1,1,0.656,1,1,0.617,1,1,1,1,1,1,0.540,1,0.736,1,1,1,1,0.617,0.591,0.941,0.870,0.672,1,1,1,1,0.864,0.827,0.822,0.661,0.726,0.578
41,1,1,0.216,1,1,1,1,1,1,1,1,1,0.675,1,1,0.511,1,1,1,1,1,1,0.630,1,0.679,1,1,1,1,0.544,0.515,0.930,0.858,0.623,1,1,1,1,0.787,0.762,0.757,0.802,0.807,0.604
42,1,1,0.216,1,1,1,1,1,1,1,1,1,0.686,1,1,0.437,1,1,1,1,1,1,0.648,1,0.652,1,1,1,1,0.421,0.400,0.892,0.863,0.624,1,1,1,1,0.724,0.715,0.724,0.841,0.862,0.654
43,1,1,0.216,1,1,1,1,1,1,1,1,1,0.603,1,1,0.262,1,1,1,1,1,1,0.697,1,0.483,1,1,1,1,0.223,0.259,0.849,0.846,0.650,1,1,1,1,0.585,0.543,0.534,0.863,0.888,0.697
44,1,1,0.216,1,1,1,1,1,1,1,1,1,0.556,1,1,0.080,1,1,1,1,1,1,0.732,1,0.233,1,1,1,1,0.046,0.064,0.884,0.833,0.678,1,1,1,1,0.328,0.319,0.294,0.894,0.874,0.699
45,1,1,0.216,1,1,1,1,1,1,1,1,1,0.584,1,1,0.000,1,1,1,1,1,1,0.754,1,0.000,1,1,1,1,0.000,0.000,0.858,0.856,0.769,1,1,1,1,0.000,0.000,0.000,0.902,0.858,0.662
46,1,1,0.216,1,1,1,1,1,1,1,1,1,0.592,1,1,0.000,1,1,1,1,1,1,0.748,1,0.000,1,1,1,1,0.000,0.000,0.918,0.877,0.793,1,1,1,1,0.000,0.000,0.000,0.911,0.841,0.616
47,1,1,0.216,1,1,1,1,1,1,1,1,1,0.654,1,1,0.000,1,1,1,1,1,1,0.740,1,0.000,1,1,1,1,0.000,0.000,0.968,0.915,0.874,1,1,1,1,0.000,0.000,0.000,0.964,0.877,0.683
48,1,1,0.216,1,1,1,1,1,1,1,1,1,0.683,1,1,0.000,1,1,1,1,1,1,0.783,1,0.000,1,1,1,1,0.000,0.000,0.982,0.924,0.930,1,1,1,1,0.000,0.000,0.000,0.975,0.922,0.730
49,1,1,0.041,1,1,1,1,1,1,1,1,1,0.181,1,1,0.000,1,1,1,1,1,1,0.283,1,0.000,1,1,1,1,0.000,0.000,0.500,0.394,0.382,1,1,1,1,0.000,0.000,0.000,0.383,0.369,0.349
50,1,1,0.041,1,1,1,1,1,1,1,1,1,0.135,1,1,0.000,1,1,1,1,1,1,0.215,1,0.000,1,1,1,1,0.000,0.000,0.407,0.347,0.326,1,1,1,1,0.000,0.000,0.000,0.339,0.320,0.313
51,1,1,0.041,1,1,1,1,1,1,1,1,1,0.128,1,1,0.000,1,1,1,1,1,1,0.180,1,0.000,1,1,1,1,0.000,0.000,0.341,0.271,0.231,1,1,1,1,0.000,0.000,0.000,0.335,0.271,0.251
52,1,1,0.041,1,1,1,1,1,1,1,1,1,0.110,1,1,0.000,1,1,1,1,1,1,0.251,1,0.000,1,1,1,1,0.000,0.000,0.260,0.153,0.103,1,1,1,1,0.000,0.000,0.000,0.394,0.271,0.221
53,1,1,0.040,1,1,1,1,1,1,1,1,1,0.106,1,1,0.000,1,1,1,1,1,1,0.282,1,0.000,1,1,1,1,0.000,0.000,0.244,0.110,0.062,1,1,1,1,0.000,0.000,0.000,0.438,0.272,0.183
54,1,1,0.040,1,1,1,1,1,1,1,1,1,0.085,1,1,0.000,1,1,1,1,1,1,0.195,1,0.000,1,1,1,1,0.000,0.000,0.219,0.098,0.067,1,1,1,1,0.000,0.000,0.000,0.358,0.234,0.186
55,1,1,0.040,1,1,1,1,1,1,1,1,1,0.102,1,1,0.000,1,1,1,1,1,1,0.166,1,0.000,1,1,1,1,0.000,0.000,0.241,0.104,0.085,1,1,1,1,0.000,0.000,0.000,0.330,0.238,0.158
56,1,1,0.040,1,1,1,1,1,1,1,1,1,0.103,1,1,0.003,1,1,1,1,1,1,0.127,1,0.000,1,1,1,1,0.000,0.000,0.188,0.112,0.081,1,1,1,1,0.000,0.000,0.000,0.201,0.172,0.132
57,1,1,0.040,1,1,1,1,1,1,1,1,1,0.070,1,1,0.155,1,1,1,1,1,1,0.098,1,0.292,1,1,1,1,0.144,0.146,0.138,0.105,0.072,1,1,1,1,0.304,0.297,0.288,0.139,0.139,0.107
58,1,1,0.039,1,1,1,1,1,1,1,1,1,0.047,1,1,0.309,1,1,1,1,1,1,0.021,1,0.519,1,1,1,1,0.343,0.345,0.085,0.073,0.043,1,1,1,1,0.513,0.510,0.503,0.045,0.049,0.031
59,1,1,0.039,1,1,1,1,1,1,1,1,1,0.036,1,1,0.461,1,1,1,1,1,1,0.022,1,0.635,1,1,1,1,0.504,0.479,0.082,0.061,0.040,1,1,1,1,0.634,0.654,0.660,0.065,0.037,0.010
60,1,1,0.039,1,1,1,1,1,1,1,1,1,0.023,1,1,0.538,1,1,1,1,1,1,0.010,1,0.690,1,1,1,1,0.584,0.564,0.065,0.045,0.027,1,1,1,1,0.682,0.713,0.711,0.041,0.037,0.006
61,1,1,0.039,1,1,1,1,1,1,1,1,1,0.031,1,1,0.621,1,1,1,1,1,1,0.005,1,0.753,1,1,1,1,0.626,0.619,0.038,0.042,0.026,1,1,1,1,0.748,0.741,0.730,0.007,0.027,0.015
62,1,1,0.039,1,1,1,1,1,1,1,1,1,0.034,1,1,0.678,1,1,1,1,1,1,0.007,1,0.765,1,1,1,1,0.650,0.636,0.015,0.019,0.014,1,1,1,1,0.693,0.659,0.679,0.016,0.055,0.043
63,1,1,0.039,1,1,1,1,1,1,1,1,1,0.135,1,1,0.679,1,1,1,1,1,1,0.018,1,0.693,1,1,1,1,0.668,0.653,0.036,0.040,0.025,1,1,1,1,0.674,0.644,0.620,0.035,0.093,0.122
64,1,1,0.039,1,1,1,1,1,1,1,1,1,0.212,1,1,0.642,1,1,1,1,1,1,0.052,1,0.675,1,1,1,1,0.633,0.623,0.087,0.132,0.106,1,1,1,1,0.640,0.615,0.639,0.082,0.136,0.154
65,1,1,0.039,1,1,1,1,1,1,1,1,1,0.190,1,1,0.567,1,1,1,1,1,1,0.037,1,0.614,1,1,1,1,0.562,0.553,0.091,0.186,0.166,1,1,1,1,0.635,0.613,0.632,0.082,0.135,0.120
66,1,1,0.039,1,1,1,1,1,1,1,1,1,0.211,1,1,0.473,1,1,1,1,1,1,0.073,1,0.556,1,1,1,1,0.471,0.424,0.176,0.265,0.217,1,1,1,1,0.574,0.533,0.558,0.175,0.187,0.134
67,1,1,0.039,1,1,1,1,1,1,1,1,1,0.260,1,1,0.331,1,1,1,1,1,1,0.177,1,0.484,1,1,1,1,0.342,0.306,0.306,0.343,0.264,1,1,1,1,0.428,0.472,0.491,0.246,0.243,0.195
68,1,1,0.039,1,1,1,1,1,1,1,1,1,0.311,1,1,0.118,1,1,1,1,1,1,0.203,1,0.255,1,1,1,1,0.183,0.158,0.427,0.416,0.289,1,1,1,1,0.301,0.338,0.312,0.271,0.232,0.157
69,1,1,0.039,1,1,1,1,1,1,1,1,1,0.311,1,1,0.008,1,1,1,1,1,1,0.208,1,0.045,1,1,1,1,0.015,0.013,0.454,0.478,0.333,1,1,1,1,0.070,0.079,0.078,0.324,0.344,0.253
70,1,1,0.039,1,1,1,1,1,1,1,1,1,0.282,1,1,0.000,1,1,1,1,1,1,0.312,1,0.000,1,1,1,1,0.000,0.000,0.449,0.515,0.375,1,1,1,1,0.000,0.000,0.000,0.394,0.346,0.234
71,1,1,0.039,1,1,1,1,1,1,1,1,1,0.248,1,1,0.000,1,1,1,1,1,1,0.203,1,0.000,1,1,1,1,0.000,0.000,0.398,0.515,0.387,1,1,1,1,0.000,0.000,0.000,0.304,0.316,0.252
72,1,1,0.039,1,1,1,1,1,1,1,1,1,0.190,1,1,0.000,1,1,1,1,1,1,0.125,1,0.000,1,1,1,1,0.000,0.000,0.285,0.417,0.313,1,1,1,1,0.000,0.000,0.000,0.207,0.310,0.325
73,1,1,0.039,1,1,1,1,1,1,1,1,1,0.201,1,1,0.000,1,1,1,1,1,1,0.096,1,0.000,1,1,1,1,0.000,0.000,0.235,0.381,0.301,1,1,1,1,0.000,0.000,0.000,0.133,0.229,0.310
74,1,1,0.039,1,1,1,1,1,1,1,1,1,0.206,1,1,0.000,1,1,1,1,1,1,0.101,1,0.000,1,1,1,1,0.000,0.000,0.269,0.392,0.332,1,1,1,1,0.000,0.000,0.000,0.122,0.220,0.317
75,1,1,0.039,1,1,1,1,1,1,1,1,1,0.193,1,1,0.000,1,1,1,1,1,1,0.083,1,0.000,1,1,1,1,0.000,0.000,0.278,0.355,0.253,1,1,1,1,0.000,0.000,0.000,0.143,0.217,0.270
76,1,1,0.039,1,1,1,1,1,1,1,1,1,0.183,1,1,0.000,1,1,1,1,1,1,0.067,1,0.000,1,1,1,1,0.000,0.000,0.325,0.373,0.254,1,1,1,1,0.000,0.000,0.000,0.105,0.170,0.207
77,1,1,0.039,1,1,1,1,1,1,1,1,1,0.208,1,1,0.000,1,1,1,1,1,1,0.081,1,0.000,1,1,1,1,0.000,0.000,0.343,0.372,0.251,1,1,1,1,0.000,0.000,0.000,0.094,0.185,0.172
78,1,1,0.039,1,1,1,1,1,1,1,1,1,0.152,1,1,0.000,1,1,1,1,1,1,0.160,1,0.000,1,1,1,1,0.000,0.000,0.272,0.273,0.200,1,1,1,1,0.000,0.000,0.000,0.152,0.225,0.169
79,1,1,0.039,1,1,1,1,1,1,1,1,1,0.149,1,1,0.000,1,1,1,1,1,1,0.124,1,0.000,1,1,1,1,0.000,0.000,0.215,0.229,0.155,1,1,1,1,0.000,0.000,0.000,0.156,0.194,0.153
80,1,1,0.039,1,1,1,1,1,1,1,1,1,0.125,1,1,0.000,1,1,1,1,1,1,0.094,1,0.000,1,1,1,1,0.000,0.000,0.136,0.160,0.074,1,1,1,1,0.000,0.000,0.000,0.150,0.183,0.150
81,1,1,0.039,1,1,1,1,1,1,1,1,1,0.092,1,1,0.085,1,1,1,1,1,1,0.061,1,0.231,1,1,1,1,0.123,0.115,0.080,0.098,0.058,1,1,1,1,0.205,0.166,0.188,0.112,0.121,0.113
82,1,1,0.039,1,1,1,1,1,1,1,1,1,0.094,1,1,0.263,1,1,1,1,1,1,0.054,1,0.431,1,1,1,1,0.317,0.315,0.069,0.104,0.045,1,1,1,1,0.436,0.407,0.384,0.083,0.083,0.096
83,1,1,0.039,1,1,1,1,1,1,1,1,1,0.096,1,1,0.433,1,1,1,1,1,1,0.058,1,0.579,1,1,1,1,0.467,0.467,0.076,0.126,0.062,1,1,1,1,0.594,0.576,0.573,0.089,0.076,0.047
84,1,1,0.039,1,1,1,1,1,1,1,1,1,0.062,1,1,0.516,1,1,1,1,1,1,0.063,1,0.611,1,1,1,1,0.550,0.536,0.047,0.090,0.050,1,1,1,1,0.682,0.646,0.589,0.105,0.104,0.081
85,1,1,0.039,1,1,1,1,1,1,1,1,1,0.041,1,1,0.515,1,1,1,1,1,1,0.055,1,0.649,1,1,1,1,0.587,0.582,0.037,0.061,0.028,1,1,1,1,0.699,0.671,0.624,0.111,0.113,0.084
86,1,1,0.039,1,1,1,1,1,1,1,1,1,0.029,1,1,0.560,1,1,1,1,1,1,0.043,1,0.692,1,1,1,1,0.588,0.599,0.034,0.050,0.035,1,1,1,1,0.696,0.656,0.624,0.102,0.160,0.169
87,1,1,0.039,1,1,1,1,1,1,1,1,1,0.102,1,1,0.602,1,1,1,1,1,1,0.072,1,0.663,1,1,1,1,0.621,0.611,0.057,0.061,0.031,1,1,1,1,0.664,0.602,0.609,0.133,0.196,0.210
88,1,1,0.039,1,1,1,1,1,1,1,1,1,0.254,1,1,0.601,1,1,1,1,1,1,0.118,1,0.619,1,1,1,1,0.615,0.602,0.071,0.073,0.033,1,1,1,1,0.630,0.607,0.610,0.164,0.215,0.211
89,1,1,0.039,1,1,1,1,1,1,1,1,1,0.343,1,1,0.549,1,1,1,1,1,1,0.180,1,0.516,1,1,1,1,0.526,0.533,0.155,0.165,0.171,1,1,1,1,0.617,0.580,0.609,0.197,0.229,0.259
90,1,1,0.039,1,1,1,1,1,1,1,1,1,0.304,1,1,0.436,1,1,1,1,1,1,0.162,1,0.554,1,1,1,1,0.441,0.428,0.252,0.273,0.289,1,1,1,1,0.639,0.622,0.640,0.218,0.200,0.244
91,1,1,0.039,1,1,1,1,1,1,1,1,1,0.242,1,1,0.310,1,1,1,1,1,1,0.100,1,0.485,1,1,1,1,0.299,0.277,0.220,0.326,0.280,1,1,1,1,0.604,0.573,0.598,0.154,0.179,0.251
92,1,1,0.039,1,1,1,1,1,1,1,1,1,0.302,1,1,0.139,1,1,1,1,1,1,0.122,1,0.315,1,1,1,1,0.118,0.113,0.311,0.403,0.266,1,1,1,1,0.440,0.428,0.421,0.181,0.224,0.294
93,1,1,0.039,1,1,1,1,1,1,1,1,1,0.418,1,1,0.001,1,1,1,1,1,1,0.145,1,0.117,1,1,1,1,0.003,0.003,0.348,0.501,0.270,1,1,1,1,0.115,0.129,0.146,0.239,0.273,0.323
94,1,1,0.039,1,1,1,1,1,1,1,1,1,0.346,1,1,0.000,1,1,1,1,1,1,0.092,1,0.000,1,1,1,1,0.000,0.000,0.256,0.453,0.251,1,1,1,1,0.000,0.000,0.000,0.160,0.256,0.335
95,1,1,0.039,1,1,1,1,1,1,1,1,1,0.192,1,1,0.000,1,1,1,1,1,1,0.148,1,0.000,1,1,1,1,0.000,0.000,0.175,0.312,0.265,1,1,1,1,0.000,0.000,0.000,0.233,0.354,0.360
96,1,1,0.039,1,1,1,1,1,1,1,1,1,0.256,1,1,0.000,1,1,1,1,1,1,0.168,1,0.000,1,1,1,1,0.000,0.000,0.284,0.436,0.379,1,1,1,1,0.000,0.000,0.000,0.279,0.368,0.360
97,1,1,0.000,1,1,1,1,1,1,1,1,1,0.650,1,1,0.000,1,1,1,1,1,1,0.779,1,0.000,1,1,1,1,0.000,0.000,0.735,0.685,0.477,1,1,1,1,0.000,0.000,0.000,0.897,0.751,0.596
98,1,1,0.000,1,1,1,1,1,1,1,1,1,0.627,1,1,0.000,1,1,1,1,1,1,0.720,1,0.000,1,1,1,1,0.000,0.000,0.839,0.713,0.545,1,1,1,1,0.000,0.000,0.000,0.872,0.734,0.577
99,1,1,0.000,1,1,1,1,1,1,1,1,1,0.619,1,1,0.000,1,1,1,1,1,1,0.752,1,0.000,1,1,1,1,0.000,0.000,0.946,0.764,0.566,1,1,1,1,0.000,0.000,0.000,0.882,0.743,0.581
100,1,1,0.000,1,1,1,1,1,1,1,1,1,0.673,1,1,0.000,1,1,1,1,1,1,0.783,1,0.000,1,1,1,1,0.000,0.000,0.955,0.793,0.526,1,1,1,1,0.000,0.000,0.000,0.871,0.735,0.563
101,1,1,0.000,1,1,1,1,1,1,1,1,1,0.660,1,1,0.000,1,1,1,1,1,1,0.783,1,0.000,1,1,1,1,0.000,0.000,0.919,0.758,0.524,1,1,1,1,0.000,0.000,0.000,0.901,0.747,0.573
102,1,1,0.000,1,1,1,1,1,1,1,1,1,0.570,1,1,0.000,1,1,1,1,1,1,0.672,1,0.000,1,1,1,1,0.000,0.000,0.852,0.632,0.465,1,1,1,1,0.000,0.000,0.000,0.892,0.710,0.543
103,1,1,0.000,1,1,1,1,1,1,1,1,1,0.478,1,1,0.000,1,1,1,1,1,1,0.632,1,0.000,1,1,1,1,0.000,0.000,0.803,0.570,0.484,1,1,1,1,0.000,0.000,0.000,0.873,0.670,0.536
104,1,1,0.000,1,1,1,1,1,1,1,1,1,0.398,1,1,0.000,1,1,1,1,1,1,0.635,1,0.000,1,1,1,1,0.000,0.000,0.796,0.583,0.519,1,1,1,1,0.000,0.000,0.000,0.877,0.668,0.549
105,1,1,0.000,1,1,1,1,1,1,1,1,1,0.362,1,1,0.000,1,1,1,1,1,1,0.656,1,0.000,1,1,1,1,0.000,0.000,0.800,0.619,0.576,1,1,1,1,0.000,0.000,0.000,0.854,0.710,0.543
106,1,1,0.000,1,1,1,1,1,1,1,1,1,0.365,1,1,0.044,1,1,1,1,1,1,0.586,1,0.028,1,1,1,1,0.090,0.078,0.776,0.609,0.620,1,1,1,1,0.006,0.008,0.004,0.802,0.617,0.492
107,1,1,0.000,1,1,1,1,1,1,1,1,1,0.369,1,1,0.266,1,1,1,1,1,1,0.640,1,0.321,1,1,1,1,0.310,0.292,0.827,0.673,0.693,1,1,1,1,0.288,0.253,0.236,0.858,0.624,0.490
108,1,1,0.000,1,1,1,1,1,1,1,1,1,0.474,1,1,0.516,1,1,1,1,1,1,0.705,1,0.484,1,1,1,1,0.504,0.496,0.896,0.751,0.693,1,1,1,1,0.436,0.471,0.464,0.947,0.780,0.517
109,1,1,0.000,1,1,1,1,1,1,1,1,1,0.427,1,1,0.625,1,1,1,1,1,1,0.664,1,0.664,1,1,1,1,0.587,0.572,0.920,0.817,0.684,1,1,1,1,0.562,0.630,0.646,0.898,0.826,0.620
110,1,1,0.000,1,1,1,1,1,1,1,1,1,0.439,1,1,0.583,1,1,1,1,1,1,0.669,1,0.763,1,1,1,1,0.631,0.578,0.947,0.871,0.593,1,1,1,1,0.808,0.773,0.769,0.867,0.816,0.649
111,1,1,0.000,1,1,1,1,1,1,1,1,1,0.322,1,1,0.649,1,1,1,1,1,1,0.576,1,0.822,1,1,1,1,0.590,0.577,0.885,0.833,0.582,1,1,1,1,0.780,0.741,0.751,0.782,0.772,0.627
112,1,1,0.000,1,1,1,1,1,1,1,1,1,0.472,1,1,0.577,1,1,1,1,1,1,0.555,1,0.783,1,1,1,1,0.568,0.571,0.925,0.878,0.576,1,1,1,1,0.759,0.752,0.724,0.768,0.726,0.560
113,1,1,0.000,1,1,1,1,1,1,1,1,1,0.570,1,1,0.571,1,1,1,1,1,1,0.544,1,0.652,1,1,1,1,0.541,0.517,0.929,0.910,0.693,1,1,1,1,0.672,0.652,0.658,0.764,0.733,0.554
114,1,1,0.000,1,1,1,1,1,1,1,1,1,0.683,1,1,0.465,1,1,1,1,1,1,0.602,1,0.583,1,1,1,1,0.430,0.432,0.958,0.918,0.830,1,1,1,1,0.537,0.538,0.535,0.785,0.717,0.552
115,1,1,0.000,1,1,1,1,1,1,1,1,1,0.651,1,1,0.242,1,1,1,1,1,1,0.636,1,0.367,1,1,1,1,0.240,0.243,0.949,0.908,0.758,1,1,1,1,0.263,0.308,0.337,0.810,0.771,0.625
116,1,1,0.000,1,1,1,1,1,1,1,1,1,0.502,1,1,0.000,1,1,1,1,1,1,0.581,1,0.040,1,1,1,1,0.000,0.000,0.918,0.835,0.674,1,1,1,1,0.032,0.024,0.040,0.853,0.719,0.640
117,1,1,0.000,1,1,1,1,1,1,1,1,1,0.504,1,1,0.000,1,1,1,1,1,1,0.517,1,0.000,1,1,1,1,0.000,0.000,0.901,0.800,0.752,1,1,1,1,0.000,0.000,0.000,0.795,0.653,0.627
118,1,1,0.000,1,1,1,1,1,1,1,1,1,0.534,1,1,0.000,1,1,1,1,1,1,0.464,1,0.000,1,1,1,1,0.000,0.000,0.878,0.753,0.724,1,1,1,1,0.000,0.000,0.000,0.735,0.574,0.534
119,1,1,0.000,1,1,1,1,1,1,1,1,1,0.546,1,1,0.000,1,1,1,1,1,1,0.464,1,0.000,1,1,1,1,0.000,0.000,0.840,0.728,0.710,1,1,1,1,0.000,0.000,0.000,0.721,0.491,0.495
120,1,1,0.000,1,1,1,1,1,1,1,1,1,0.539,1,1,0.000,1,1,1,1,1,1,0.509,1,0.000,1,1,1,1,0.000,0.000,0.881,0.770,0.760,1,1,1,1,0.000,0.000,0.000,0.678,0.492,0.502
121,1,1,0.000,1,1,1,1,1,1,1,1,1,0.553,1,1,0.000,1,1,1,1,1,1,0.509,1,0.000,1,1,1,1,0.000,0.000,0.921,0.848,0.813,1,1,1,1,0.000,0.000,0.000,0.652,0.496,0.487
122,1,1,0.000,1,1,1,1,1,1,1,1,1,0.569,1,1,0.000,1,1,1,1,1,1,0.488,1,0.000,1,1,1,1,0.000,0.000,0.877,0.825,0.705,1,1,1,1,0.000,0.000,0.000,0.660,0.487,0.471
123,1,1,0.000,1,1,1,1,1,1,1,1,1,0.593,1,1,0.000,1,1,1,1,1,1,0.518,1,0.000,1,1,1,1,0.000,0.000,0.898,0.791,0.621,1,1,1,1,0.000,0.000,0.000,0.673,0.466,0.478
124,1,1,0.000,1,1,1,1,1,1,1,1,1,0.708,1,1,0.000,1,1,1,1,1,1,0.567,1,0.000,1,1,1,1,0.000,0.000,0.909,0.775,0.599,1,1,1,1,0.000,0.000,0.000,0.701,0.454,0.483
125,1,1,0.000,1,1,1,1,1,1,1,1,1,0.659,1,1,0.000,1,1,1,1,1,1,0.616,1,0.000,1,1,1,1,0.000,0.000,0.918,0.781,0.584,1,1,1,1,0.000,0.000,0.000,0.754,0.516,0.511
126,1,1,0.000,1,1,1,1,1,1,1,1,1,0.695,1,1,0.000,1,1,1,1,1,1,0.595,1,0.000,1,1,1,1,0.000,0.000,0.917,0.811,0.627,1,1,1,1,0.000,0.000,0.000,0.732,0.480,0.464
127,1,1,0.000,1,1,1,1,1,1,1,1,1,0.698,1,1,0.000,1,1,1,1,1,1,0.573,1,0.000,1,1,1,1,0.000,0.000,0.936,0.840,0.643,1,1,1,1,0.000,0.000,0.000,0.692,0.445,0.451
128,1,1,0.000,1,1,1,1,1,1,1,1,1,0.620,1,1,0.000,1,1,1,1,1,1,0.438,1,0.000,1,1,1,1,0.000,0.000,0.881,0.791,0.673,1,1,1,1,0.000,0.000,0.000,0.547,0.364,0.404
129,1,1,0.000,1,1,1,1,1,1,1,1,1,0.692,1,1,0.000,1,1,1,1,1,1,0.438,1,0.000,1,1,1,1,0.000,0.000,0.851,0.806,0.759,1,1,1,1,0.000,0.000,0.000,0.587,0.391,0.408
130,1,1,0.000,1,1,1,1,1,1,1,1,1,0.674,1,1,0.042,1,1,1,1,1,1,0.490,1,0.081,1,1,1,1,0.056,0.043,0.828,0.766,0.683,1,1,1,1,0.092,0.123,0.120,0.598,0.360,0.384
131,1,1,0.000,1,1,1,1,1,1,1,1,1,0.663,1,1,0.252,1,1,1,1,1,1,0.486,1,0.453,1,1,1,1,0.264,0.240,0.832,0.778,0.626,1,1,1,1,0.446,0.459,0.458,0.577,0.340,0.368
132,1,1,0.000,1,1,1,1,1,1,1,1,1,0.674,1,1,0.394,1,1,1,1,1,1,0.459,1,0.643,1,1,1,1,0.379,0.360,0.857,0.789,0.619,1,1,1,1,0.664,0.653,0.650,0.561,0.313,0.342
133,1,1,0.000,1,1,1,1,1,1,1,1,1,0.593,1,1,0.492,1,1,1,1,1,1,0.402,1,0.752,1,1,1,1,0.464,0.453,0.775,0.697,0.540,1,1,1,1,0.796,0.767,0.771,0.477,0.255,0.343
134,1,1,0.000,1,1,1,1,1,1,1,1,1,0.557,1,1,0.508,1,1,1,1,1,1,0.335,1,0.795,1,1,1,1,0.520,0.515,0.678,0.660,0.449,1,1,1,1,0.784,0.773,0.771,0.385,0.221,0.338
135,1,1,0.000,1,1,1,1,1,1,1,1,1,0.527,1,1,0.503,1,1,1,1,1,1,0.243,1,0.829,1,1,1,1,0.532,0.510,0.576,0.595,0.394,1,1,1,1,0.689,0.751,0.757,0.256,0.169,0.243
136,1,1,0.000,1,1,1,1,1,1,1,1,1,0.469,1,1,0.525,1,1,1,1,1,1,0.189,1,0.804,1,1,1,1,0.583,0.547,0.545,0.570,0.430,1,1,1,1,0.664,0.713,0.689,0.227,0.149,0.225
137,1,1,0.000,1,1,1,1,1,1,1,1,1,0.386,1,1,0.517,1,1,1,1,1,1,0.178,1,0.791,1,1,1,1,0.574,0.530,0.519,0.507,0.425,1,1,1,1,0.647,0.696,0.695,0.201,0.148,0.239
138,1,1,0.000,1,1,1,1,1,1,1,1,1,0.372,1,1,0.439,1,1,1,1,1,1,0.134,1,0.669,1,1,1,1,0.482,0.445,0.450,0.508,0.471,1,1,1,1,0.581,0.626,0.630,0.146,0.144,0.278
139,1,1,0.000,1,1,1,1,1,1,1,1,1,0.363,1,1,0.272,1,1,1,1,1,1,0.148,1,0.488,1,1,1,1,0.305,0.273,0.415,0.469,0.460,1,1,1,1,0.423,0.428,0.440,0.161,0.149,0.319
140,1,1,0.000,1,1,1,1,1,1,1,1,1,0.367,1,1,0.001,1,1,1,1,1,1,0.148,1,0.143,1,1,1,1,0.000,0.000,0.477,0.527,0.447,1,1,1,1,0.171,0.154,0.157,0.181,0.155,0.319
141,1,1,0.000,1,1,1,1,1,1,1,1,1,0.276,1,1,0.000,1,1,1,1,1,1,0.113,1,0.000,1,1,1,1,0.000,0.000,0.298,0.351,0.367,1,1,1,1,0.000,0.000,0.000,0.145,0.185,0.350
142,1,1,0.000,1,1,1,1,1,1,1,1,1,0.266,1,1,0.000,1,1,1,1,1,1,0.076,1,0.000,1,1,1,1,0.000,0.000,0.305,0.294,0.368,1,1,1,1,0.000,0.000,0.000,0.118,0.176,0.330
143,1,1,0.000,1,1,1,1,1,1,1,1,1,0.220,1,1,0.000,1,1,1,1,1,1,0.083,1,0.000,1,1,1,1,0.000,0.000,0.269,0.258,0.306,1,1,1,1,0.000,0.000,0.000,0.109,0.160,0.260
144,1,1,0.000,1,1,1,1,1,1,1,1,1,0.214,1,1,0.000,1,1,1,1,1,1,0.129,1,0.000,1,1,1,1,0.000,0.000,0.298,0.277,0.270,1,1,1,1,0.000,0.000,0.000,0.169,0.185,0.202
145,1,1,0.047,1,1,1,1,1,1,1,1,1,0.156,1,1,0.000,1,1,1,1,1,1,0.231,1,0.000,1,1,1,1,0.000,0.000,0.587,0.522,0.499,1,1,1,1,0.000,0.000,0.000,0.363,0.383,0.299
146,1,1,0.047,1,1,1,1,1,1,1,1,1,0.149,1,1,0.000,1,1,1,1,1,1,0.203,1,0.000,1,1,1,1,0.000,0.000,0.497,0.459,0.460,1,1,1,1,0.000,0.000,0.000,0.386,0.369,0.275
147,1,1,0.047,1,1,1,1,1,1,1,1,1,0.135,1,1,0.000,1,1,1,1,1,1,0.195,1,0.000,1,1,1,1,0.000,0.000,0.440,0.410,0.452,1,1,1,1,0.000,0.000,0.000,0.385,0.346,0.254
148,1,1,0.047,1,1,1,1,1,1,1,1,1,0.126,1,1,0.000,1,1,1,1,1,1,0.249,1,0.000,1,1,1,1,0.000,0.000,0.395,0.345,0.299,1,1,1,1,0.000,0.000,0.000,0.469,0.381,0.226
149,1,1,0.047,1,1,1,1,1,1,1,1,1,0.128,1,1,0.000,1,1,1,1,1,1,0.263,1,0.000,1,1,1,1,0.000,0.000,0.324,0.304,0.232,1,1,1,1,0.000,0.000,0.000,0.455,0.375,0.186
150,1,1,0.047,1,1,1,1,1,1,1,1,1,0.131,1,1,0.000,1,1,1,1,1,1,0.234,1,0.000,1,1,1,1,0.000,0.000,0.343,0.262,0.199,1,1,1,1,0.000,0.000,0.000,0.408,0.373,0.203
151,1,1,0.047,1,1,1,1,1,1,1,1,1,0.103,1,1,0.000,1,1,1,1,1,1,0.277,1,0.000,1,1,1,1,0.000,0.000,0.289,0.211,0.179,1,1,1,1,0.000,0.000,0.000,0.440,0.368,0.232
152,1,1,0.047,1,1,1,1,1,1,1,1,1,0.070,1,1,0.004,1,1,1,1,1,1,0.280,1,0.000,1,1,1,1,0.003,0.003,0.196,0.161,0.161,1,1,1,1,0.000,0.000,0.000,0.409,0.295,0.213
153,1,1,0.047,1,1,1,1,1,1,1,1,1,0.048,1,1,0.249,1,1,1,1,1,1,0.201,1,0.268,1,1,1,1,0.342,0.345,0.121,0.107,0.107,1,1,1,1,0.247,0.249,0.247,0.319,0.244,0.156
154,1,1,0.048,1,1,1,1,1,1,1,1,1,0.047,1,1,0.463,1,1,1,1,1,1,0.162,1,0.521,1,1,1,1,0.555,0.553,0.129,0.095,0.105,1,1,1,1,0.504,0.504,0.502,0.239,0.171,0.090
155,1,1,0.048,1,1,1,1,1,1,1,1,1,0.049,1,1,0.611,1,1,1,1,1,1,0.131,1,0.669,1,1,1,1,0.675,0.674,0.135,0.102,0.096,1,1,1,1,0.656,0.655,0.654,0.232,0.168,0.062
156,1,1,0.048,1,1,1,1,1,1,1,1,1,0.045,1,1,0.700,1,1,1,1,1,1,0.095,1,0.747,1,1,1,1,0.720,0.724,0.095,0.089,0.062,1,1,1,1,0.728,0.729,0.726,0.185,0.169,0.054
157,1,1,0.048,1,1,1,1,1,1,1,1,1,0.030,1,1,0.742,1,1,1,1,1,1,0.075,1,0.783,1,1,1,1,0.733,0.735,0.084,0.070,0.035,1,1,1,1,0.758,0.758,0.755,0.155,0.150,0.072
158,1,1,0.048,1,1,1,1,1,1,1,1,1,0.068,1,1,0.747,1,1,1,1,1,1,0.085,1,0.794,1,1,1,1,0.737,0.740,0.067,0.057,0.046,1,1,1,1,0.775,0.774,0.771,0.173,0.166,0.067
159,1,1,0.048,1,1,1,1,1,1,1,1,1,0.138,1,1,0.752,1,1,1,1,1,1,0.133,1,0.802,1,1,1,1,0.737,0.742,0.097,0.093,0.076,1,1,1,1,0.790,0.785,0.781,0.239,0.261,0.157
160,1,1,0.048,1,1,1,1,1,1,1,1,1,0.122,1,1,0.746,1,1,1,1,1,1,0.148,1,0.796,1,1,1,1,0.734,0.736,0.163,0.156,0.174,1,1,1,1,0.792,0.786,0.783,0.273,0.353,0.235
161,1,1,0.048,1,1,1,1,1,1,1,1,1,0.153,1,1,0.704,1,1,1,1,1,1,0.156,1,0.803,1,1,1,1,0.721,0.725,0.151,0.181,0.140,1,1,1,1,0.793,0.784,0.777,0.278,0.333,0.216
162,1,1,0.048,1,1,1,1,1,1,1,1,1,0.208,1,1,0.631,1,1,1,1,1,1,0.114,1,0.768,1,1,1,1,0.688,0.694,0.194,0.255,0.223,1,1,1,1,0.766,0.764,0.759,0.240,0.329,0.291
163,1,1,0.048,1,1,1,1,1,1,1,1,1,0.212,1,1,0.496,1,1,1,1,1,1,0.155,1,0.685,1,1,1,1,0.590,0.593,0.239,0.328,0.209,1,1,1,1,0.694,0.693,0.694,0.350,0.466,0.411
164,1,1,0.048,1,1,1,1,1,1,1,1,1,0.190,1,1,0.288,1,1,1,1,1,1,0.153,1,0.498,1,1,1,1,0.391,0.395,0.213,0.313,0.227,1,1,1,1,0.516,0.514,0.518,0.333,0.463,0.442
165,1,1,0.048,1,1,1,1,1,1,1,1,1,0.178,1,1,0.056,1,1,1,1,1,1,0.163,1,0.224,1,1,1,1,0.091,0.091,0.292,0.402,0.249,1,1,1,1,0.250,0.247,0.252,0.413,0.585,0.559
166,1,1,0.049,1,1,1,1,1,1,1,1,1,0.223,1,1,0.000,1,1,1,1,1,1,0.211,1,0.000,1,1,1,1,0.000,0.000,0.403,0.511,0.395,1,1,1,1,0.000,0.000,0.000,0.461,0.573,0.500
167,1,1,0.049,1,1,1,1,1,1,1,1,1,0.200,1,1,0.000,1,1,1,1,1,1,0.241,1,0.000,1,1,1,1,0.000,0.000,0.534,0.556,0.570,1,1,1,1,0.000,0.000,0.000,0.543,0.608,0.496
168,1,1,0.049,1,1,1,1,1,1,1,1,1,0.193,1,1,0.000,1,1,1,1,1,1,0.250,1,0.000,1,1,1,1,0.000,0.000,0.647,0.581,0.570,1,1,1,1,0.000,0.000,0.000,0.554,0.593,0.461
169,1,1,0.049,1,1,1,1,1,1,1,1,1,0.251,1,1,0.000,1,1,1,1,1,1,0.438,1,0.000,1,1,1,1,0.000,0.000,0.738,0.566,0.493,1,1,1,1,0.000,0.000,0.000,0.768,0.703,0.501
170,1,1,0.049,1,1,1,1,1,1,1,1,1,0.248,1,1,0.000,1,1,1,1,1,1,0.535,1,0.000,1,1,1,1,0.000,0.000,0.703,0.449,0.351,1,1,1,1,0.000,0.000,0.000,0.897,0.766,0.517
171,1,1,0.049,1,1,1,1,1,1,1,1,1,0.219,1,1,0.000,1,1,1,1,1,1,0.574,1,0.000,1,1,1,1,0.000,0.000,0.678,0.419,0.309,1,1,1,1,0.000,0.000,0.000,0.918,0.778,0.512
172,1,1,0.049,1,1,1,1,1,1,1,1,1,0.176,1,1,0.000,1,1,1,1,1,1,0.517,1,0.000,1,1,1,1,0.000,0.000,0.607,0.301,0.219,1,1,1,1,0.000,0.000,0.000,0.885,0.754,0.458
173,1,1,0.049,1,1,1,1,1,1,1,1,1,0.148,1,1,0.000,1,1,1,1,1,1,0.517,1,0.000,1,1,1,1,0.000,0.000,0.507,0.242,0.131,1,1,1,1,0.000,0.000,0.000,0.843,0.659,0.324
174,1,1,0.049,1,1,1,1,1,1,1,1,1,0.152,1,1,0.000,1,1,1,1,1,1,0.523,1,0.000,1,1,1,1,0.000,0.000,0.441,0.235,0.120,1,1,1,1,0.000,0.000,0.000,0.751,0.586,0.283
175,1,1,0.049,1,1,1,1,1,1,1,1,1,0.130,1,1,0.000,1,1,1,1,1,1,0.472,1,0.000,1,1,1,1,0.000,0.000,0.384,0.215,0.145,1,1,1,1,0.000,0.000,0.000,0.691,0.558,0.265
176,1,1,0.049,1,1,1,1,1,1,1,1,1,0.179,1,1,0.008,1,1,1,1,1,1,0.421,1,0.000,1,1,1,1,0.006,0.009,0.424,0.220,0.117,1,1,1,1,0.000,0.000,0.000,0.536,0.452,0.202
177,1,1,0.049,1,1,1,1,1,1,1,1,1,0.115,1,1,0.252,1,1,1,1,1,1,0.338,1,0.331,1,1,1,1,0.377,0.368,0.265,0.162,0.086,1,1,1,1,0.316,0.318,0.314,0.497,0.472,0.213
178,1,1,0.050,1,1,1,1,1,1,1,1,1,0.074,1,1,0.472,1,1,1,1,1,1,0.233,1,0.576,1,1,1,1,0.587,0.579,0.117,0.068,0.033,1,1,1,1,0.561,0.562,0.558,0.335,0.337,0.136
179,1,1,0.050,1,1,1,1,1,1,1,1,1,0.078,1,1,0.626,1,1,1,1,1,1,0.234,1,0.733,1,1,1,1,0.708,0.700,0.082,0.069,0.027,1,1,1,1,0.712,0.713,0.711,0.348,0.356,0.163
180,1,1,0.050,1,1,1,1,1,1,1,1,1,0.035,1,1,0.705,1,1,1,1,1,1,0.144,1,0.789,1,1,1,1,0.738,0.731,0.026,0.025,0.014,1,1,1,1,0.771,0.769,0.766,0.242,0.252,0.120
181,1,1,0.050,1,1,1,1,1,1,1,1,1,0.022,1,1,0.753,1,1,1,1,1,1,0.083,1,0.814,1,1,1,1,0.746,0.742,0.020,0.019,0.011,1,1,1,1,0.790,0.787,0.784,0.156,0.187,0.080
182,1,1,0.050,1,1,1,1,1,1,1,1,1,0.092,1,1,0.770,1,1,1,1,1,1,0.075,1,0.839,1,1,1,1,0.767,0.765,0.050,0.045,0.024,1,1,1,1,0.805,0.806,0.804,0.158,0.179,0.094
183,1,1,0.050,1,1,1,1,1,1,1,1,1,0.244,1,1,0.759,1,1,1,1,1,1,0.113,1,0.831,1,1,1,1,0.757,0.754,0.075,0.090,0.034,1,1,1,1,0.801,0.801,0.799,0.209,0.244,0.197
184,1,1,0.050,1,1,1,1,1,1,1,1,1,0.169,1,1,0.748,1,1,1,1,1,1,0.124,1,0.823,1,1,1,1,0.743,0.741,0.097,0.146,0.055,1,1,1,1,0.799,0.795,0.793,0.214,0.273,0.285
185,1,1,0.050,1,1,1,1,1,1,1,1,1,0.103,1,1,0.700,1,1,1,1,1,1,0.098,1,0.799,1,1,1,1,0.726,0.719,0.090,0.176,0.089,1,1,1,1,0.773,0.766,0.766,0.151,0.283,0.358
186,1,1,0.050,1,1,1,1,1,1,1,1,1,0.168,1,1,0.623,1,1,1,1,1,1,0.093,1,0.762,1,1,1,1,0.692,0.687,0.121,0.229,0.156,1,1,1,1,0.739,0.723,0.720,0.139,0.281,0.402
187,1,1,0.050,1,1,1,1,1,1,1,1,1,0.279,1,1,0.477,1,1,1,1,1,1,0.115,1,0.685,1,1,1,1,0.574,0.569,0.167,0.310,0.179,1,1,1,1,0.684,0.670,0.662,0.171,0.312,0.380
188,1,1,0.050,1,1,1,1,1,1,1,1,1,0.273,1,1,0.264,1,1,1,1,1,1,0.115,1,0.519,1,1,1,1,0.380,0.376,0.227,0.340,0.212,1,1,1,1,0.522,0.518,0.517,0.199,0.347,0.419
189,1,1,0.050,1,1,1,1,1,1,1,1,1,0.275,1,1,0.033,1,1,1,1,1,1,0.154,1,0.253,1,1,1,1,0.076,0.066,0.367,0.429,0.309,1,1,1,1,0.271,0.269,0.273,0.291,0.446,0.450
190,1,1,0.051,1,1,1,1,1,1,1,1,1,0.241,1,1,0.000,1,1,1,1,1,1,0.222,1,0.000,1,1,1,1,0.000,0.000,0.535,0.505,0.415,1,1,1,1,0.000,0.000,0.000,0.356,0.465,0.499
191,1,1,0.051,1,1,1,1,1,1,1,1,1,0.258,1,1,0.000,1,1,1,1,1,1,0.236,1,0.000,1,1,1,1,0.000,0.000,0.665,0.541,0.565,1,1,1,1,0.000,0.000,0.000,0.463,0.559,0.554
192,1,1,0.051,1,1,1,1,1,1,1,1,1,0.186,1,1,0.000,1,1,1,1,1,1,0.069,1,0.000,1,1,1,1,0.000,0.000,0.257,0.360,0.264,1,1,1,1,0.000,0.000,0.000,0.110,0.203,0.149
193,1,1,0.107,1,1,1,1,1,1,1,1,1,0.491,1,1,0.000,1,1,1,1,1,1,0.540,1,0.000,1,1,1,1,0.000,0.000,0.866,0.890,0.734,1,1,1,1,0.000,0.000,0.000,0.787,0.823,0.643
194,1,1,0.107,1,1,1,1,1,1,1,1,1,0.390,1,1,0.000,1,1,1,1,1,1,0.487,1,0.000,1,1,1,1,0.000,0.000,0.823,0.841,0.676,1,1,1,1,0.000,0.000,0.000,0.765,0.788,0.574
195,1,1,0.107,1,1,1,1,1,1,1,1,1,0.360,1,1,0.000,1,1,1,1,1,1,0.530,1,0.000,1,1,1,1,0.000,0.000,0.843,0.798,0.649,1,1,1,1,0.000,0.000,0.000,0.826,0.779,0.565
196,1,1,0.107,1,1,1,1,1,1,1,1,1,0.411,1,1,0.000,1,1,1,1,1,1,0.515,1,0.000,1,1,1,1,0.000,0.000,0.863,0.762,0.632,1,1,1,1,0.000,0.000,0.000,0.819,0.741,0.559
197,1,1,0.107,1,1,1,1,1,1,1,1,1,0.315,1,1,0.000,1,1,1,1,1,1,0.569,1,0.000,1,1,1,1,0.000,0.000,0.800,0.665,0.514,1,1,1,1,0.000,0.000,0.000,0.821,0.693,0.523
198,1,1,0.107,1,1,1,1,1,1,1,1,1,0.258,1,1,0.000,1,1,1,1,1,1,0.534,1,0.000,1,1,1,1,0.000,0.000,0.748,0.588,0.432,1,1,1,1,0.000,0.000,0.000,0.770,0.627,0.475
199,1,1,0.107,1,1,1,1,1,1,1,1,1,0.322,1,1,0.000,1,1,1,1,1,1,0.562,1,0.000,1,1,1,1,0.000,0.000,0.821,0.638,0.425,1,1,1,1,0.000,0.000,0.000,0.826,0.650,0.394
200,1,1,0.107,1,1,1,1,1,1,1,1,1,0.296,1,1,0.021,1,1,1,1,1,1,0.536,1,0.037,1,1,1,1,0.050,0.037,0.753,0.537,0.264,1,1,1,1,0.002,0.003,0.000,0.784,0.568,0.326
201,1,1,0.107,1,1,1,1,1,1,1,1,1,0.312,1,1,0.172,1,1,1,1,1,1,0.531,1,0.337,1,1,1,1,0.268,0.255,0.626,0.481,0.209,1,1,1,1,0.344,0.336,0.332,0.755,0.568,0.331
202,1,1,0.107,1,1,1,1,1,1,1,1,1,0.392,1,1,0.360,1,1,1,1,1,1,0.545,1,0.571,1,1,1,1,0.471,0.434,0.775,0.645,0.372,1,1,1,1,0.598,0.598,0.593,0.785,0.512,0.265
203,1,1,0.107,1,1,1,1,1,1,1,1,1,0.428,1,1,0.534,1,1,1,1,1,1,0.438,1,0.726,1,1,1,1,0.610,0.575,0.702,0.615,0.307,1,1,1,1,0.724,0.719,0.723,0.557,0.414,0.224
204,1,1,0.107,1,1,1,1,1,1,1,1,1,0.394,1,1,0.614,1,1,1,1,1,1,0.347,1,0.785,1,1,1,1,0.659,0.618,0.667,0.527,0.232,1,1,1,1,0.763,0.766,0.767,0.428,0.385,0.249
205,1,1,0.107,1,1,1,1,1,1,1,1,1,0.432,1,1,0.664,1,1,1,1,1,1,0.457,1,0.817,1,1,1,1,0.707,0.675,0.667,0.521,0.274,1,1,1,1,0.792,0.788,0.784,0.458,0.322,0.181
206,1,1,0.107,1,1,1,1,1,1,1,1,1,0.469,1,1,0.681,1,1,1,1,1,1,0.470,1,0.823,1,1,1,1,0.714,0.689,0.592,0.470,0.288,1,1,1,1,0.798,0.794,0.788,0.412,0.266,0.138
207,1,1,0.107,1,1,1,1,1,1,1,1,1,0.514,1,1,0.679,1,1,1,1,1,1,0.403,1,0.826,1,1,1,1,0.717,0.692,0.629,0.529,0.323,1,1,1,1,0.792,0.787,0.777,0.344,0.270,0.165
208,1,1,0.107,1,1,1,1,1,1,1,1,1,0.555,1,1,0.677,1,1,1,1,1,1,0.405,1,0.816,1,1,1,1,0.701,0.676,0.670,0.554,0.330,1,1,1,1,0.773,0.761,0.763,0.348,0.286,0.189
209,1,1,0.107,1,1,1,1,1,1,1,1,1,0.581,1,1,0.617,1,1,1,1,1,1,0.491,1,0.767,1,1,1,1,0.681,0.659,0.737,0.621,0.365,1,1,1,1,0.770,0.759,0.757,0.450,0.405,0.333
210,1,1,0.107,1,1,1,1,1,1,1,1,1,0.589,1,1,0.582,1,1,1,1,1,1,0.531,1,0.612,1,1,1,1,0.650,0.617,0.782,0.730,0.492,1,1,1,1,0.720,0.717,0.673,0.564,0.491,0.369
211,1,1,0.107,1,1,1,1,1,1,1,1,1,0.572,1,1,0.454,1,1,1,1,1,1,0.574,1,0.438,1,1,1,1,0.563,0.541,0.843,0.776,0.496,1,1,1,1,0.540,0.544,0.521,0.674,0.569,0.406
212,1,1,0.107,1,1,1,1,1,1,1,1,1,0.600,1,1,0.266,1,1,1,1,1,1,0.621,1,0.241,1,1,1,1,0.375,0.367,0.870,0.828,0.540,1,1,1,1,0.177,0.287,0.307,0.751,0.597,0.429
213,1,1,0.107,1,1,1,1,1,1,1,1,1,0.615,1,1,0.069,1,1,1,1,1,1,0.710,1,0.089,1,1,1,1,0.099,0.097,0.825,0.857,0.633,1,1,1,1,0.012,0.030,0.072,0.878,0.707,0.481
214,1,1,0.107,1,1,1,1,1,1,1,1,1,0.518,1,1,0.000,1,1,1,1,1,1,0.738,1,0.000,1,1,1,1,0.000,0.000,0.868,0.858,0.706,1,1,1,1,0.000,0.000,0.000,0.914,0.773,0.549
215,1,1,0.107,1,1,1,1,1,1,1,1,1,0.504,1,1,0.000,1,1,1,1,1,1,0.647,1,0.000,1,1,1,1,0.000,0.000,0.954,0.885,0.755,1,1,1,1,0.000,0.000,0.000,0.891,0.770,0.609
216,1,1,0.107,1,1,1,1,1,1,1,1,1,0.595,1,1,0.000,1,1,1,1,1,1,0.742,1,0.000,1,1,1,1,0.000,0.000,0.975,0.876,0.773,1,1,1,1,0.000,0.000,0.000,0.936,0.779,0.640
217,1,1,0.107,1,1,1,1,1,1,1,1,1,0.559,1,1,0.000,1,1,1,1,1,1,0.749,1,0.000,1,1,1,1,0.000,0.000,0.947,0.842,0.757,1,1,1,1,0.000,0.000,0.000,0.926,0.764,0.640
218,1,1,0.107,1,1,1,1,1,1,1,1,1,0.480,1,1,0.000,1,1,1,1,1,1,0.540,1,0.000,1,1,1,1,0.000,0.000,0.851,0.750,0.620,1,1,1,1,0.000,0.000,0.000,0.848,0.748,0.651
219,1,1,0.107,1,1,1,1,1,1,1,1,1,0.444,1,1,0.000,1,1,1,1,1,1,0.535,1,0.000,1,1,1,1,0.000,0.000,0.803,0.656,0.555,1,1,1,1,0.000,0.000,0.000,0.782,0.728,0.612
220,1,1,0.107,1,1,1,1,1,1,1,1,1,0.410,1,1,0.000,1,1,1,1,1,1,0.383,1,0.000,1,1,1,1,0.000,0.000,0.773,0.605,0.460,1,1,1,1,0.000,0.000,0.000,0.669,0.673,0.616
221,1,1,0.107,1,1,1,1,1,1,1,1,1,0.261,1,1,0.000,1,1,1,1,1,1,0.283,1,0.000,1,1,1,1,0.000,0.000,0.563,0.439,0.351,1,1,1,1,0.000,0.000,0.000,0.593,0.610,0.558
222,1,1,0.107,1,1,1,1,1,1,1,1,1,0.212,1,1,0.000,1,1,1,1,1,1,0.289,1,0.000,1,1,1,1,0.000,0.000,0.563,0.418,0.395,1,1,1,1,0.000,0.000,0.000,0.577,0.542,0.486
223,1,1,0.107,1,1,1,1,1,1,1,1,1,0.189,1,1,0.000,1,1,1,1,1,1,0.275,1,0.000,1,1,1,1,0.000,0.000,0.483,0.420,0.308,1,1,1,1,0.000,0.000,0.000,0.550,0.501,0.386
224,1,1,0.107,1,1,1,1,1,1,1,1,1,0.262,1,1,0.005,1,1,1,1,1,1,0.302,1,0.021,1,1,1,1,0.006,0.005,0.583,0.419,0.252,1,1,1,1,0.005,0.010,0.011,0.425,0.388,0.303
225,1,1,0.107,1,1,1,1,1,1,1,1,1,0.240,1,1,0.202,1,1,1,1,1,1,0.463,1,0.327,1,1,1,1,0.173,0.202,0.644,0.417,0.217,1,1,1,1,0.388,0.388,0.386,0.654,0.472,0.319
226,1,1,0.107,1,1,1,1,1,1,1,1,1,0.332,1,1,0.374,1,1,1,1,1,1,0.490,1,0.577,1,1,1,1,0.339,0.376,0.717,0.534,0.272,1,1,1,1,0.589,0.574,0.567,0.673,0.409,0.177
227,1,1,0.107,1,1,1,1,1,1,1,1,1,0.255,1,1,0.516,1,1,1,1,1,1,0.443,1,0.693,1,1,1,1,0.468,0.476,0.607,0.490,0.259,1,1,1,1,0.681,0.662,0.698,0.707,0.377,0.110
228,1,1,0.107,1,1,1,1,1,1,1,1,1,0.257,1,1,0.597,1,1,1,1,1,1,0.424,1,0.760,1,1,1,1,0.580,0.612,0.626,0.445,0.190,1,1,1,1,0.744,0.753,0.759,0.743,0.378,0.140
229,1,1,0.107,1,1,1,1,1,1,1,1,1,0.321,1,1,0.651,1,1,1,1,1,1,0.366,1,0.809,1,1,1,1,0.630,0.656,0.466,0.402,0.194,1,1,1,1,0.747,0.758,0.777,0.583,0.296,0.102
230,1,1,0.107,1,1,1,1,1,1,1,1,1,0.411,1,1,0.707,1,1,1,1,1,1,0.321,1,0.820,1,1,1,1,0.679,0.700,0.487,0.448,0.225,1,1,1,1,0.778,0.770,0.775,0.539,0.295,0.144
231,1,1,0.107,1,1,1,1,1,1,1,1,1,0.472,1,1,0.717,1,1,1,1,1,1,0.266,1,0.808,1,1,1,1,0.708,0.708,0.544,0.494,0.300,1,1,1,1,0.800,0.785,0.762,0.465,0.285,0.165
232,1,1,0.107,1,1,1,1,1,1,1,1,1,0.428,1,1,0.709,1,1,1,1,1,1,0.298,1,0.788,1,1,1,1,0.704,0.693,0.510,0.456,0.236,1,1,1,1,0.790,0.777,0.766,0.482,0.301,0.186
233,1,1,0.107,1,1,1,1,1,1,1,1,1,0.372,1,1,0.664,1,1,1,1,1,1,0.350,1,0.745,1,1,1,1,0.671,0.676,0.564,0.487,0.297,1,1,1,1,0.775,0.731,0.712,0.526,0.373,0.291
234,1,1,0.107,1,1,1,1,1,1,1,1,1,0.409,1,1,0.598,1,1,1,1,1,1,0.405,1,0.666,1,1,1,1,0.643,0.654,0.618,0.587,0.417,1,1,1,1,0.648,0.652,0.666,0.578,0.498,0.419
235,1,1,0.107,1,1,1,1,1,1,1,1,1,0.346,1,1,0.463,1,1,1,1,1,1,0.514,1,0.585,1,1,1,1,0.544,0.552,0.590,0.600,0.466,1,1,1,1,0.437,0.446,0.470,0.669,0.622,0.480
236,1,1,0.107,1,1,1,1,1,1,1,1,1,0.326,1,1,0.280,1,1,1,1,1,1,0.587,1,0.301,1,1,1,1,0.367,0.373,0.698,0.682,0.564,1,1,1,1,0.150,0.176,0.197,0.754,0.683,0.543
237,1,1,0.107,1,1,1,1,1,1,1,1,1,0.343,1,1,0.073,1,1,1,1,1,1,0.582,1,0.095,1,1,1,1,0.096,0.101,0.677,0.712,0.603,1,1,1,1,0.042,0.041,0.045,0.803,0.747,0.617
238,1,1,0.107,1,1,1,1,1,1,1,1,1,0.275,1,1,0.000,1,1,1,1,1,1,0.523,1,0.000,1,1,1,1,0.000,0.000,0.704,0.744,0.636,1,1,1,1,0.000,0.000,0.000,0.770,0.735,0.602
239,1,1,0.107,1,1,1,1,1,1,1,1,1,0.399,1,1,0.000,1,1,1,1,1,1,0.450,1,0.000,1,1,1,1,0.000,0.000,0.845,0.848,0.683,1,1,1,1,0.000,0.000,0.000,0.705,0.700,0.566
240,1,1,0.107,1,1,1,1,1,1,1,1,1,0.375,1,1,0.000,1,1,1,1,1,1,0.404,1,0.000,1,1,1,1,0.000,0.000,0.879,0.770,0.648,1,1,1,1,0.000,0.000,0.000,0.640,0.683,0.532
241,1,1,0.231,1,1,1,1,1,1,1,1,1,0.358,1,1,0.000,1,1,1,1,1,1,0.543,1,0.000,1,1,1,1,0.000,0.000,0.775,0.725,0.776,1,1,1,1,0.000,0.000,0.000,0.769,0.629,0.431
242,1,1,0.231,1,1,1,1,1,1,1,1,1,0.386,1,1,0.000,1,1,1,1,1,1,0.439,1,0.000,1,1,1,1,0.000,0.000,0.870,0.785,0.772,1,1,1,1,0.000,0.000,0.000,0.716,0.616,0.447
243,1,1,0.231,1,1,1,1,1,1,1,1,1,0.424,1,1,0.000,1,1,1,1,1,1,0.426,1,0.000,1,1,1,1,0.000,0.000,0.786,0.729,0.709,1,1,1,1,0.000,0.000,0.000,0.704,0.618,0.411
244,1,1,0.231,1,1,1,1,1,1,1,1,1,0.434,1,1,0.000,1,1,1,1,1,1,0.416,1,0.000,1,1,1,1,0.000,0.000,0.717,0.650,0.613,1,1,1,1,0.000,0.000,0.000,0.675,0.622,0.427
245,1,1,0.231,1,1,1,1,1,1,1,1,1,0.362,1,1,0.000,1,1,1,1,1,1,0.369,1,0.000,1,1,1,1,0.000,0.000,0.642,0.534,0.506,1,1,1,1,0.000,0.000,0.000,0.588,0.549,0.384
246,1,1,0.231,1,1,1,1,1,1,1,1,1,0.263,1,1,0.000,1,1,1,1,1,1,0.275,1,0.000,1,1,1,1,0.000,0.000,0.545,0.454,0.415,1,1,1,1,0.000,0.000,0.000,0.481,0.443,0.350
247,1,1,0.231,1,1,1,1,1,1,1,1,1,0.159,1,1,0.000,1,1,1,1,1,1,0.225,1,0.000,1,1,1,1,0.000,0.000,0.391,0.368,0.313,1,1,1,1,0.000,0.000,0.000,0.361,0.332,0.310
248,1,1,0.232,1,1,1,1,1,1,1,1,1,0.130,1,1,0.000,1,1,1,1,1,1,0.178,1,0.000,1,1,1,1,0.000,0.000,0.311,0.267,0.186,1,1,1,1,0.000,0.000,0.000,0.260,0.279,0.286
249,1,1,0.232,1,1,1,1,1,1,1,1,1,0.101,1,1,0.032,1,1,1,1,1,1,0.155,1,0.047,1,1,1,1,0.044,0.040,0.266,0.230,0.141,1,1,1,1,0.032,0.037,0.038,0.244,0.260,0.253
250,1,1,0.232,1,1,1,1,1,1,1,1,1,0.080,1,1,0.176,1,1,1,1,1,1,0.120,1,0.341,1,1,1,1,0.194,0.168,0.201,0.154,0.067,1,1,1,1,0.416,0.389,0.392,0.179,0.227,0.217
251,1,1,0.232,1,1,1,1,1,1,1,1,1,0.097,1,1,0.332,1,1,1,1,1,1,0.137,1,0.574,1,1,1,1,0.315,0.298,0.206,0.188,0.075,1,1,1,1,0.637,0.634,0.609,0.129,0.168,0.102
252,1,1,0.232,1,1,1,1,1,1,1,1,1,0.214,1,1,0.437,1,1,1,1,1,1,0.100,1,0.688,1,1,1,1,0.429,0.422,0.245,0.327,0.105,1,1,1,1,0.733,0.737,0.750,0.080,0.072,0.034
253,1,1,0.232,1,1,1,1,1,1,1,1,1,0.311,1,1,0.546,1,1,1,1,1,1,0.099,1,0.761,1,1,1,1,0.512,0.500,0.267,0.414,0.158,1,1,1,1,0.799,0.777,0.785,0.065,0.052,0.018
254,1,1,0.233,1,1,1,1,1,1,1,1,1,0.362,1,1,0.611,1,1,1,1,1,1,0.094,1,0.842,1,1,1,1,0.563,0.553,0.253,0.319,0.133,1,1,1,1,0.840,0.828,0.840,0.067,0.055,0.032
255,1,1,0.233,1,1,1,1,1,1,1,1,1,0.389,1,1,0.618,1,1,1,1,1,1,0.070,1,0.828,1,1,1,1,0.555,0.560,0.222,0.288,0.132,1,1,1,1,0.856,0.843,0.852,0.077,0.071,0.052
256,1,1,0.233,1,1,1,1,1,1,1,1,1,0.357,1,1,0.622,1,1,1,1,1,1,0.082,1,0.844,1,1,1,1,0.570,0.557,0.247,0.324,0.154,1,1,1,1,0.869,0.850,0.854,0.114,0.109,0.110
257,1,1,0.233,1,1,1,1,1,1,1,1,1,0.355,1,1,0.592,1,1,1,1,1,1,0.196,1,0.860,1,1,1,1,0.519,0.474,0.268,0.367,0.184,1,1,1,1,0.876,0.846,0.848,0.202,0.174,0.154
258,1,1,0.233,1,1,1,1,1,1,1,1,1,0.369,1,1,0.365,1,1,1,1,1,1,0.233,1,0.769,1,1,1,1,0.369,0.362,0.324,0.432,0.208,1,1,1,1,0.818,0.796,0.791,0.230,0.210,0.200
259,1,1,0.233,1,1,1,1,1,1,1,1,1,0.439,1,1,0.254,1,1,1,1,1,1,0.281,1,0.580,1,1,1,1,0.198,0.189,0.305,0.413,0.218,1,1,1,1,0.654,0.639,0.634,0.300,0.284,0.236
260,1,1,0.233,1,1,1,1,1,1,1,1,1,0.421,1,1,0.059,1,1,1,1,1,1,0.396,1,0.375,1,1,1,1,0.039,0.038,0.424,0.494,0.324,1,1,1,1,0.383,0.391,0.399,0.459,0.411,0.298
261,1,1,0.234,1,1,1,1,1,1,1,1,1,0.433,1,1,0.000,1,1,1,1,1,1,0.434,1,0.001,1,1,1,1,0.000,0.000,0.423,0.588,0.428,1,1,1,1,0.000,0.000,0.000,0.546,0.495,0.359
262,1,1,0.234,1,1,1,1,1,1,1,1,1,0.428,1,1,0.000,1,1,1,1,1,1,0.425,1,0.000,1,1,1,1,0.000,0.000,0.416,0.577,0.523,1,1,1,1,0.000,0.000,0.000,0.516,0.527,0.400
263,1,1,0.234,1,1,1,1,1,1,1,1,1,0.386,1,1,0.000,1,1,1,1,1,1,0.577,1,0.000,1,1,1,1,0.000,0.000,0.451,0.572,0.456,1,1,1,1,0.000,0.000,0.000,0.690,0.666,0.488
264,1,1,0.234,1,1,1,1,1,1,1,1,1,0.375,1,1,0.000,1,1,1,1,1,1,0.627,1,0.000,1,1,1,1,0.000,0.000,0.529,0.607,0.485,1,1,1,1,0.000,0.000,0.000,0.793,0.766,0.560
265,1,1,0.234,1,1,1,1,1,1,1,1,1,0.353,1,1,0.000,1,1,1,1,1,1,0.622,1,0.000,1,1,1,1,0.000,0.000,0.510,0.546,0.479,1,1,1,1,0.000,0.000,0.000,0.827,0.803,0.561
266,1,1,0.234,1,1,1,1,1,1,1,1,1,0.316,1,1,0.000,1,1,1,1,1,1,0.506,1,0.000,1,1,1,1,0.000,0.000,0.577,0.532,0.511,1,1,1,1,0.000,0.000,0.000,0.731,0.778,0.581
267,1,1,0.234,1,1,1,1,1,1,1,1,1,0.294,1,1,0.000,1,1,1,1,1,1,0.427,1,0.000,1,1,1,1,0.000,0.000,0.588,0.413,0.381,1,1,1,1,0.000,0.000,0.000,0.664,0.710,0.529
268,1,1,0.235,1,1,1,1,1,1,1,1,1,0.234,1,1,0.000,1,1,1,1,1,1,0.375,1,0.000,1,1,1,1,0.000,0.000,0.496,0.324,0.334,1,1,1,1,0.000,0.000,0.000,0.636,0.635,0.457
269,1,1,0.235,1,1,1,1,1,1,1,1,1,0.162,1,1,0.000,1,1,1,1,1,1,0.410,1,0.000,1,1,1,1,0.000,0.000,0.380,0.230,0.231,1,1,1,1,0.000,0.000,0.000,0.699,0.612,0.403
270,1,1,0.235,1,1,1,1,1,1,1,1,1,0.145,1,1,0.000,1,1,1,1,1,1,0.386,1,0.000,1,1,1,1,0.000,0.000,0.286,0.204,0.177,1,1,1,1,0.000,0.000,0.000,0.685,0.591,0.402
271,1,1,0.235,1,1,1,1,1,1,1,1,1,0.164,1,1,0.000,1,1,1,1,1,1,0.340,1,0.000,1,1,1,1,0.000,0.000,0.238,0.206,0.139,1,1,1,1,0.000,0.000,0.000,0.652,0.584,0.374
272,1,1,0.235,1,1,1,1,1,1,1,1,1,0.144,1,1,0.000,1,1,1,1,1,1,0.333,1,0.000,1,1,1,1,0.000,0.000,0.220,0.142,0.093,1,1,1,1,0.000,0.000,0.000,0.583,0.604,0.400
273,1,1,0.235,1,1,1,1,1,1,1,1,1,0.141,1,1,0.038,1,1,1,1,1,1,0.338,1,0.135,1,1,1,1,0.085,0.059,0.143,0.129,0.070,1,1,1,1,0.157,0.116,0.105,0.617,0.585,0.360
274,1,1,0.235,1,1,1,1,1,1,1,1,1,0.164,1,1,0.195,1,1,1,1,1,1,0.288,1,0.453,1,1,1,1,0.280,0.236,0.093,0.110,0.073,1,1,1,1,0.479,0.430,0.421,0.530,0.514,0.307
275,1,1,0.236,1,1,1,1,1,1,1,1,1,0.164,1,1,0.382,1,1,1,1,1,1,0.188,1,0.718,1,1,1,1,0.431,0.404,0.102,0.123,0.117,1,1,1,1,0.679,0.669,0.678,0.248,0.253,0.144
276,1,1,0.236,1,1,1,1,1,1,1,1,1,0.061,1,1,0.486,1,1,1,1,1,1,0.143,1,0.835,1,1,1,1,0.508,0.503,0.059,0.094,0.085,1,1,1,1,0.799,0.752,0.770,0.205,0.221,0.103
277,1,1,0.236,1,1,1,1,1,1,1,1,1,0.050,1,1,0.578,1,1,1,1,1,1,0.074,1,0.855,1,1,1,1,0.568,0.566,0.067,0.089,0.083,1,1,1,1,0.811,0.786,0.788,0.133,0.220,0.105
278,1,1,0.236,1,1,1,1,1,1,1,1,1,0.081,1,1,0.615,1,1,1,1,1,1,0.074,1,0.872,1,1,1,1,0.621,0.612,0.079,0.109,0.080,1,1,1,1,0.785,0.820,0.835,0.115,0.199,0.118
279,1,1,0.236,1,1,1,1,1,1,1,1,1,0.164,1,1,0.619,1,1,1,1,1,1,0.107,1,0.892,1,1,1,1,0.645,0.620,0.104,0.137,0.076,1,1,1,1,0.807,0.844,0.856,0.107,0.189,0.143
280,1,1,0.236,1,1,1,1,1,1,1,1,1,0.267,1,1,0.635,1,1,1,1,1,1,0.134,1,0.870,1,1,1,1,0.643,0.624,0.137,0.213,0.108,1,1,1,1,0.838,0.851,0.852,0.117,0.228,0.183
281,1,1,0.237,1,1,1,1,1,1,1,1,1,0.349,1,1,0.621,1,1,1,1,1,1,0.244,1,0.813,1,1,1,1,0.611,0.604,0.183,0.265,0.185,1,1,1,1,0.761,0.801,0.820,0.195,0.237,0.217
282,1,1,0.237,1,1,1,1,1,1,1,1,1,0.421,1,1,0.534,1,1,1,1,1,1,0.304,1,0.731,1,1,1,1,0.485,0.498,0.316,0.400,0.233,1,1,1,1,0.665,0.721,0.715,0.184,0.252,0.292
283,1,1,0.237,1,1,1,1,1,1,1,1,1,0.422,1,1,0.378,1,1,1,1,1,1,0.312,1,0.578,1,1,1,1,0.345,0.374,0.371,0.444,0.280,1,1,1,1,0.531,0.566,0.571,0.202,0.330,0.409
284,1,1,0.237,1,1,1,1,1,1,1,1,1,0.302,1,1,0.135,1,1,1,1,1,1,0.419,1,0.398,1,1,1,1,0.129,0.164,0.365,0.468,0.294,1,1,1,1,0.407,0.384,0.375,0.303,0.402,0.389
285,1,1,0.237,1,1,1,1,1,1,1,1,1,0.309,1,1,0.000,1,1,1,1,1,1,0.464,1,0.001,1,1,1,1,0.000,0.000,0.348,0.504,0.397,1,1,1,1,0.000,0.000,0.000,0.373,0.480,0.404
286,1,1,0.237,1,1,1,1,1,1,1,1,1,0.370,1,1,0.000,1,1,1,1,1,1,0.517,1,0.000,1,1,1,1,0.000,0.000,0.470,0.564,0.356,1,1,1,1,0.000,0.000,0.000,0.541,0.587,0.401
287,1,1,0.237,1,1,1,1,1,1,1,1,1,0.354,1,1,0.000,1,1,1,1,1,1,0.545,1,0.000,1,1,1,1,0.000,0.000,0.642,0.517,0.293,1,1,1,1,0.000,0.000,0.000,0.678,0.624,0.431
288,1,1,0.238,1,1,1,1,1,1,1,1,1,0.464,1,1,0.000,1,1,1,1,1,1,0.566,1,0.000,1,1,1,1,0.000,0.000,0.823,0.640,0.370,1,1,1,1,0.000,0.000,0.000,0.783,0.631,0.439
289,1,1,0.004,1,1,1,1,1,1,1,1,1,0.430,1,1,0.000,1,1,1,1,1,1,0.830,1,0.000,1,1,1,1,0.000,0.000,0.899,0.670,0.636,1,1,1,1,0.000,0.000,0.000,0.967,0.868,0.483
290,1,1,0.004,1,1,1,1,1,1,1,1,1,0.361,1,1,0.000,1,1,1,1,1,1,0.833,1,0.000,1,1,1,1,0.000,0.000,0.841,0.607,0.611,1,1,1,1,0.000,0.000,0.000,0.956,0.853,0.490
291,1,1,0.004,1,1,1,1,1,1,1,1,1,0.344,1,1,0.000,1,1,1,1,1,1,0.812,1,0.000,1,1,1,1,0.000,0.000,0.820,0.574,0.565,1,1,1,1,0.000,0.000,0.000,0.950,0.830,0.580
292,1,1,0.004,1,1,1,1,1,1,1,1,1,0.318,1,1,0.000,1,1,1,1,1,1,0.793,1,0.000,1,1,1,1,0.000,0.000,0.803,0.507,0.564,1,1,1,1,0.000,0.000,0.000,0.936,0.789,0.592
293,1,1,0.004,1,1,1,1,1,1,1,1,1,0.285,1,1,0.000,1,1,1,1,1,1,0.738,1,0.000,1,1,1,1,0.000,0.000,0.775,0.468,0.557,1,1,1,1,0.000,0.000,0.000,0.915,0.782,0.569
294,1,1,0.004,1,1,1,1,1,1,1,1,1,0.289,1,1,0.000,1,1,1,1,1,1,0.716,1,0.000,1,1,1,1,0.000,0.000,0.731,0.441,0.523,1,1,1,1,0.000,0.000,0.000,0.891,0.779,0.575
295,1,1,0.004,1,1,1,1,1,1,1,1,1,0.287,1,1,0.000,1,1,1,1,1,1,0.684,1,0.000,1,1,1,1,0.000,0.000,0.709,0.445,0.505,1,1,1,1,0.000,0.000,0.000,0.857,0.783,0.536
296,1,1,0.004,1,1,1,1,1,1,1,1,1,0.312,1,1,0.000,1,1,1,1,1,1,0.611,1,0.000,1,1,1,1,0.000,0.000,0.705,0.482,0.476,1,1,1,1,0.000,0.000,0.000,0.800,0.736,0.467
297,1,1,0.004,1,1,1,1,1,1,1,1,1,0.213,1,1,0.000,1,1,1,1,1,1,0.656,1,0.000,1,1,1,1,0.000,0.000,0.652,0.427,0.448,1,1,1,1,0.000,0.000,0.000,0.858,0.717,0.450
298,1,1,0.004,1,1,1,1,1,1,1,1,1,0.194,1,1,0.068,1,1,1,1,1,1,0.661,1,0.201,1,1,1,1,0.100,0.090,0.598,0.362,0.412,1,1,1,1,0.194,0.210,0.210,0.884,0.701,0.424
299,1,1,0.004,1,1,1,1,1,1,1,1,1,0.171,1,1,0.357,1,1,1,1,1,1,0.559,1,0.581,1,1,1,1,0.388,0.356,0.555,0.319,0.392,1,1,1,1,0.538,0.554,0.562,0.801,0.584,0.321
300,1,1,0.004,1,1,1,1,1,1,1,1,1,0.228,1,1,0.549,1,1,1,1,1,1,0.463,1,0.766,1,1,1,1,0.563,0.536,0.561,0.294,0.315,1,1,1,1,0.721,0.742,0.750,0.557,0.364,0.183
301,1,1,0.004,1,1,1,1,1,1,1,1,1,0.275,1,1,0.669,1,1,1,1,1,1,0.417,1,0.876,1,1,1,1,0.659,0.635,0.626,0.311,0.348,1,1,1,1,0.817,0.838,0.845,0.423,0.261,0.103
302,1,1,0.003,1,1,1,1,1,1,1,1,1,0.243,1,1,0.715,1,1,1,1,1,1,0.295,1,0.905,1,1,1,1,0.715,0.702,0.529,0.238,0.323,1,1,1,1,0.846,0.867,0.876,0.349,0.201,0.136
303,1,1,0.003,1,1,1,1,1,1,1,1,1,0.151,1,1,0.735,1,1,1,1,1,1,0.179,1,0.897,1,1,1,1,0.729,0.720,0.423,0.215,0.282,1,1,1,1,0.834,0.855,0.865,0.216,0.166,0.201
304,1,1,0.003,1,1,1,1,1,1,1,1,1,0.114,1,1,0.724,1,1,1,1,1,1,0.108,1,0.887,1,1,1,1,0.713,0.701,0.360,0.187,0.212,1,1,1,1,0.826,0.847,0.857,0.163,0.135,0.224
305,1,1,0.003,1,1,1,1,1,1,1,1,1,0.085,1,1,0.647,1,1,1,1,1,1,0.075,1,0.836,1,1,1,1,0.664,0.656,0.285,0.169,0.200,1,1,1,1,0.802,0.809,0.815,0.122,0.112,0.199
306,1,1,0.003,1,1,1,1,1,1,1,1,1,0.068,1,1,0.497,1,1,1,1,1,1,0.086,1,0.697,1,1,1,1,0.540,0.534,0.199,0.150,0.184,1,1,1,1,0.693,0.695,0.701,0.119,0.108,0.228
307,1,1,0.003,1,1,1,1,1,1,1,1,1,0.095,1,1,0.268,1,1,1,1,1,1,0.111,1,0.480,1,1,1,1,0.321,0.321,0.184,0.168,0.226,1,1,1,1,0.491,0.494,0.498,0.174,0.171,0.259
308,1,1,0.003,1,1,1,1,1,1,1,1,1,0.131,1,1,0.002,1,1,1,1,1,1,0.122,1,0.113,1,1,1,1,0.000,0.000,0.203,0.177,0.217,1,1,1,1,0.172,0.173,0.178,0.170,0.160,0.222
309,1,1,0.003,1,1,1,1,1,1,1,1,1,0.230,1,1,0.000,1,1,1,1,1,1,0.191,1,0.000,1,1,1,1,0.000,0.000,0.336,0.278,0.286,1,1,1,1,0.000,0.000,0.000,0.305,0.261,0.340
310,1,1,0.003,1,1,1,1,1,1,1,1,1,0.319,1,1,0.000,1,1,1,1,1,1,0.207,1,0.000,1,1,1,1,0.000,0.000,0.420,0.354,0.344,1,1,1,1,0.000,0.000,0.000,0.322,0.322,0.372
311,1,1,0.003,1,1,1,1,1,1,1,1,1,0.306,1,1,0.000,1,1,1,1,1,1,0.201,1,0.000,1,1,1,1,0.000,0.000,0.462,0.386,0.387,1,1,1,1,0.000,0.000,0.000,0.356,0.366,0.396
312,1,1,0.003,1,1,1,1,1,1,1,1,1,0.311,1,1,0.000,1,1,1,1,1,1,0.275,1,0.000,1,1,1,1,0.000,0.000,0.476,0.403,0.432,1,1,1,1,0.000,0.000,0.000,0.452,0.356,0.306
313,1,1,0.003,1,1,1,1,1,1,1,1,1,0.301,1,1,0.000,1,1,1,1,1,1,0.311,1,0.000,1,1,1,1,0.000,0.000,0.565,0.509,0.389,1,1,1,1,0.000,0.000,0.000,0.492,0.347,0.247
314,1,1,0.003,1,1,1,1,1,1,1,1,1,0.219,1,1,0.000,1,1,1,1,1,1,0.331,1,0.000,1,1,1,1,0.000,0.000,0.576,0.450,0.353,1,1,1,1,0.000,0.000,0.000,0.564,0.371,0.267
315,1,1,0.003,1,1,1,1,1,1,1,1,1,0.169,1,1,0.000,1,1,1,1,1,1,0.266,1,0.000,1,1,1,1,0.000,0.000,0.547,0.414,0.377,1,1,1,1,0.000,0.000,0.000,0.530,0.355,0.247
316,1,1,0.003,1,1,1,1,1,1,1,1,1,0.154,1,1,0.000,1,1,1,1,1,1,0.215,1,0.000,1,1,1,1,0.000,0.000,0.523,0.354,0.349,1,1,1,1,0.000,0.000,0.000,0.481,0.325,0.277
317,1,1,0.002,1,1,1,1,1,1,1,1,1,0.167,1,1,0.000,1,1,1,1,1,1,0.186,1,0.000,1,1,1,1,0.000,0.000,0.509,0.339,0.319,1,1,1,1,0.000,0.000,0.000,0.424,0.298,0.283
318,1,1,0.002,1,1,1,1,1,1,1,1,1,0.215,1,1,0.000,1,1,1,1,1,1,0.214,1,0.000,1,1,1,1,0.000,0.000,0.469,0.289,0.249,1,1,1,1,0.000,0.000,0.000,0.433,0.282,0.321
319,1,1,0.002,1,1,1,1,1,1,1,1,1,0.235,1,1,0.000,1,1,1,1,1,1,0.219,1,0.000,1,1,1,1,0.000,0.000,0.347,0.228,0.217,1,1,1,1,0.000,0.000,0.000,0.440,0.296,0.322
320,1,1,0.002,1,1,1,1,1,1,1,1,1,0.178,1,1,0.000,1,1,1,1,1,1,0.195,1,0.000,1,1,1,1,0.000,0.000,0.295,0.227,0.221,1,1,1,1,0.000,0.000,0.000,0.311,0.287,0.385
321,1,1,0.002,1,1,1,1,1,1,1,1,1,0.229,1,1,0.000,1,1,1,1,1,1,0.163,1,0.000,1,1,1,1,0.000,0.000,0.278,0.194,0.235,1,1,1,1,0.000,0.000,0.000,0.322,0.344,0.445
322,1,1,0.002,1,1,1,1,1,1,1,1,1,0.177,1,1,0.088,1,1,1,1,1,1,0.176,1,0.157,1,1,1,1,0.111,0.108,0.291,0.159,0.169,1,1,1,1,0.143,0.141,0.151,0.471,0.452,0.473
323,1,1,0.002,1,1,1,1,1,1,1,1,1,0.036,1,1,0.464,1,1,1,1,1,1,0.096,1,0.510,1,1,1,1,0.465,0.472,0.056,0.065,0.022,1,1,1,1,0.486,0.485,0.488,0.163,0.198,0.194
324,1,1,0.002,1,1,1,1,1,1,1,1,1,0.133,1,1,0.550,1,1,1,1,1,1,0.115,1,0.713,1,1,1,1,0.520,0.500,0.157,0.059,0.038,1,1,1,1,0.688,0.686,0.686,0.289,0.280,0.184
325,1,1,0.002,1,1,1,1,1,1,1,1,1,0.091,1,1,0.554,1,1,1,1,1,1,0.158,1,0.843,1,1,1,1,0.605,0.594,0.134,0.050,0.043,1,1,1,1,0.811,0.807,0.807,0.394,0.291,0.131
326,1,1,0.002,1,1,1,1,1,1,1,1,1,0.093,1,1,0.631,1,1,1,1,1,1,0.160,1,0.908,1,1,1,1,0.673,0.674,0.159,0.058,0.068,1,1,1,1,0.872,0.869,0.871,0.373,0.223,0.079
327,1,1,0.002,1,1,1,1,1,1,1,1,1,0.072,1,1,0.740,1,1,1,1,1,1,0.116,1,0.922,1,1,1,1,0.734,0.719,0.097,0.045,0.081,1,1,1,1,0.885,0.883,0.886,0.275,0.148,0.055
328,1,1,0.002,1,1,1,1,1,1,1,1,1,0.061,1,1,0.739,1,1,1,1,1,1,0.105,1,0.920,1,1,1,1,0.757,0.738,0.096,0.043,0.078,1,1,1,1,0.885,0.882,0.886,0.231,0.108,0.036
329,1,1,0.002,1,1,1,1,1,1,1,1,1,0.063,1,1,0.679,1,1,1,1,1,1,0.083,1,0.863,1,1,1,1,0.699,0.690,0.097,0.043,0.072,1,1,1,1,0.829,0.828,0.833,0.172,0.081,0.029
330,1,1,0.002,1,1,1,1,1,1,1,1,1,0.057,1,1,0.562,1,1,1,1,1,1,0.056,1,0.739,1,1,1,1,0.574,0.573,0.106,0.041,0.057,1,1,1,1,0.717,0.716,0.721,0.117,0.050,0.032
331,1,1,0.002,1,1,1,1,1,1,1,1,1,0.087,1,1,0.336,1,1,1,1,1,1,0.032,1,0.524,1,1,1,1,0.367,0.370,0.083,0.052,0.064,1,1,1,1,0.518,0.517,0.522,0.070,0.049,0.054
332,1,1,0.002,1,1,1,1,1,1,1,1,1,0.162,1,1,0.003,1,1,1,1,1,1,0.035,1,0.134,1,1,1,1,0.001,0.000,0.187,0.152,0.113,1,1,1,1,0.196,0.196,0.204,0.057,0.076,0.093
333,1,1,0.001,1,1,1,1,1,1,1,1,1,0.207,1,1,0.000,1,1,1,1,1,1,0.084,1,0.000,1,1,1,1,0.000,0.000,0.275,0.222,0.156,1,1,1,1,0.000,0.000,0.000,0.084,0.140,0.181
334,1,1,0.001,1,1,1,1,1,1,1,1,1,0.173,1,1,0.000,1,1,1,1,1,1,0.130,1,0.000,1,1,1,1,0.000,0.000,0.353,0.274,0.183,1,1,1,1,0.000,0.000,0.000,0.134,0.206,0.286
335,1,1,0.001,1,1,1,1,1,1,1,1,1,0.150,1,1,0.000,1,1,1,1,1,1,0.138,1,0.000,1,1,1,1,0.000,0.000,0.321,0.211,0.117,1,1,1,1,0.000,0.000,0.000,0.169,0.256,0.327
336,1,1,0.001,1,1,1,1,1,1,1,1,1,0.174,1,1,0.000,1,1,1,1,1,1,0.146,1,0.000,1,1,1,1,0.000,0.000,0.355,0.211,0.127,1,1,1,1,0.000,0.000,0.000,0.179,0.301,0.378
337,1,1,0.000,1,1,1,1,1,1,1,1,1,0.177,1,1,0.000,1,1,1,1,1,1,0.395,1,0.000,1,1,1,1,0.000,0.000,0.445,0.235,0.257,1,1,1,1,0.000,0.000,0.000,0.608,0.501,0.283
338,1,1,0.000,1,1,1,1,1,1,1,1,1,0.090,1,1,0.000,1,1,1,1,1,1,0.440,1,0.000,1,1,1,1,0.000,0.000,0.384,0.205,0.314,1,1,1,1,0.000,0.000,0.000,0.582,0.439,0.270
339,1,1,0.000,1,1,1,1,1,1,1,1,1,0.099,1,1,0.000,1,1,1,1,1,1,0.333,1,0.000,1,1,1,1,0.000,0.000,0.412,0.208,0.299,1,1,1,1,0.000,0.000,0.000,0.546,0.444,0.338
340,1,1,0.000,1,1,1,1,1,1,1,1,1,0.092,1,1,0.000,1,1,1,1,1,1,0.177,1,0.000,1,1,1,1,0.000,0.000,0.307,0.175,0.219,1,1,1,1,0.000,0.000,0.000,0.385,0.430,0.386
341,1,1,0.000,1,1,1,1,1,1,1,1,1,0.087,1,1,0.000,1,1,1,1,1,1,0.241,1,0.000,1,1,1,1,0.000,0.000,0.196,0.174,0.218,1,1,1,1,0.000,0.000,0.000,0.353,0.440,0.373
342,1,1,0.000,1,1,1,1,1,1,1,1,1,0.091,1,1,0.000,1,1,1,1,1,1,0.315,1,0.000,1,1,1,1,0.000,0.000,0.248,0.185,0.170,1,1,1,1,0.000,0.000,0.000,0.423,0.413,0.392
343,1,1,0.000,1,1,1,1,1,1,1,1,1,0.128,1,1,0.000,1,1,1,1,1,1,0.338,1,0.000,1,1,1,1,0.000,0.000,0.326,0.160,0.126,1,1,1,1,0.000,0.000,0.000,0.468,0.395,0.364
344,1,1,0.000,1,1,1,1,1,1,1,1,1,0.231,1,1,0.000,1,1,1,1,1,1,0.306,1,0.000,1,1,1,1,0.000,0.000,0.366,0.169,0.086,1,1,1,1,0.000,0.000,0.000,0.385,0.353,0.316
345,1,1,0.000,1,1,1,1,1,1,1,1,1,0.250,1,1,0.000,1,1,1,1,1,1,0.287,1,0.000,1,1,1,1,0.000,0.000,0.433,0.208,0.089,1,1,1,1,0.000,0.000,0.000,0.410,0.380,0.279
346,1,1,0.000,1,1,1,1,1,1,1,1,1,0.232,1,1,0.028,1,1,1,1,1,1,0.312,1,0.199,1,1,1,1,0.070,0.051,0.526,0.265,0.116,1,1,1,1,0.200,0.202,0.198,0.431,0.370,0.250
347,1,1,0.000,1,1,1,1,1,1,1,1,1,0.243,1,1,0.211,1,1,1,1,1,1,0.306,1,0.550,1,1,1,1,0.316,0.269,0.486,0.255,0.132,1,1,1,1,0.523,0.523,0.522,0.422,0.305,0.174
348,1,1,0.000,1,1,1,1,1,1,1,1,1,0.203,1,1,0.435,1,1,1,1,1,1,0.303,1,0.757,1,1,1,1,0.526,0.476,0.451,0.259,0.151,1,1,1,1,0.726,0.724,0.722,0.387,0.264,0.112
349,1,1,0.000,1,1,1,1,1,1,1,1,1,0.213,1,1,0.621,1,1,1,1,1,1,0.296,1,0.880,1,1,1,1,0.689,0.635,0.471,0.311,0.164,1,1,1,1,0.844,0.840,0.839,0.325,0.223,0.067
350,1,1,0.000,1,1,1,1,1,1,1,1,1,0.225,1,1,0.744,1,1,1,1,1,1,0.253,1,0.931,1,1,1,1,0.738,0.700,0.559,0.377,0.223,1,1,1,1,0.897,0.891,0.891,0.245,0.156,0.050
351,1,1,0.000,1,1,1,1,1,1,1,1,1,0.342,1,1,0.765,1,1,1,1,1,1,0.268,1,0.949,1,1,1,1,0.785,0.755,0.616,0.411,0.298,1,1,1,1,0.917,0.911,0.911,0.251,0.167,0.072
352,1,1,0.000,1,1,1,1,1,1,1,1,1,0.369,1,1,0.792,1,1,1,1,1,1,0.179,1,0.942,1,1,1,1,0.803,0.780,0.582,0.409,0.378,1,1,1,1,0.907,0.903,0.903,0.187,0.164,0.106
353,1,1,0.000,1,1,1,1,1,1,1,1,1,0.401,1,1,0.784,1,1,1,1,1,1,0.218,1,0.896,1,1,1,1,0.776,0.778,0.645,0.461,0.411,1,1,1,1,0.873,0.872,0.874,0.226,0.200,0.140
354,1,1,0.000,1,1,1,1,1,1,1,1,1,0.313,1,1,0.643,1,1,1,1,1,1,0.276,1,0.788,1,1,1,1,0.667,0.669,0.680,0.478,0.463,1,1,1,1,0.767,0.765,0.768,0.229,0.220,0.172
355,1,1,0.000,1,1,1,1,1,1,1,1,1,0.317,1,1,0.416,1,1,1,1,1,1,0.242,1,0.576,1,1,1,1,0.451,0.458,0.720,0.561,0.517,1,1,1,1,0.569,0.568,0.572,0.246,0.261,0.224
356,1,1,0.000,1,1,1,1,1,1,1,1,1,0.278,1,1,0.073,1,1,1,1,1,1,0.219,1,0.239,1,1,1,1,0.061,0.080,0.604,0.442,0.522,1,1,1,1,0.251,0.249,0.253,0.262,0.275,0.210
357,1,1,0.000,1,1,1,1,1,1,1,1,1,0.193,1,1,0.000,1,1,1,1,1,1,0.212,1,0.000,1,1,1,1,0.000,0.000,0.498,0.352,0.485,1,1,1,1,0.000,0.000,0.000,0.322,0.333,0.259
358,1,1,0.000,1,1,1,1,1,1,1,1,1,0.189,1,1,0.000,1,1,1,1,1,1,0.352,1,0.000,1,1,1,1,0.000,0.000,0.525,0.342,0.490,1,1,1,1,0.000,0.000,0.000,0.586,0.525,0.371
359,1,1,0.000,1,1,1,1,1,1,1,1,1,0.217,1,1,0.000,1,1,1,1,1,1,0.388,1,0.000,1,1,1,1,0.000,0.000,0.602,0.414,0.485,1,1,1,1,0.000,0.000,0.000,0.638,0.562,0.392
360,1,1,0.000,1,1,1,1,1,1,1,1,1,0.278,1,1,0.000,1,1,1,1,1,1,0.460,1,0.000,1,1,1,1,0.000,0.000,0.651,0.489,0.514,1,1,1,1,0.000,0.000,0.000,0.696,0.561,0.371
361,1,1,0.000,1,1,1,1,1,1,1,1,1,0.194,1,1,0.000,1,1,1,1,1,1,0.455,1,0.000,1,1,1,1,0.000,0.000,0.579,0.468,0.569,1,1,1,1,0.000,0.000,0.000,0.753,0.553,0.386
362,1,1,0.000,1,1,1,1,1,1,1,1,1,0.227,1,1,0.000,1,1,1,1,1,1,0.391,1,0.000,1,1,1,1,0.000,0.000,0.538,0.481,0.644,1,1,1,1,0.000,0.000,0.000,0.719,0.555,0.443
363,1,1,0.000,1,1,1,1,1,1,1,1,1,0.203,1,1,0.000,1,1,1,1,1,1,0.327,1,0.000,1,1,1,1,0.000,0.000,0.474,0.488,0.662,1,1,1,1,0.000,0.000,0.000,0.691,0.555,0.423
364,1,1,0.000,1,1,1,1,1,1,1,1,1,0.255,1,1,0.000,1,1,1,1,1,1,0.370,1,0.000,1,1,1,1,0.000,0.000,0.562,0.515,0.613,1,1,1,1,0.000,0.000,0.000,0.667,0.554,0.399
365,1,1,0.000,1,1,1,1,1,1,1,1,1,0.291,1,1,0.000,1,1,1,1,1,1,0.385,1,0.000,1,1,1,1,0.000,0.000,0.579,0.512,0.522,1,1,1,1,0.000,0.000,0.000,0.615,0.521,0.430
366,1,1,0.000,1,1,1,1,1,1,1,1,1,0.323,1,1,0.000,1,1,1,1,1,1,0.457,1,0.000,1,1,1,1,0.000,0.000,0.650,0.560,0.623,1,1,1,1,0.000,0.000,0.000,0.659,0.498,0.441
367,1,1,0.000,1,1,1,1,1,1,1,1,1,0.372,1,1,0.000,1,1,1,1,1,1,0.449,1,0.000,1,1,1,1,0.000,0.000,0.621,0.544,0.638,1,1,1,1,0.000,0.000,0.000,0.712,0.516,0.458
368,1,1,0.000,1,1,1,1,1,1,1,1,1,0.417,1,1,0.000,1,1,1,1,1,1,0.540,1,0.000,1,1,1,1,0.000,0.000,0.726,0.598,0.544,1,1,1,1,0.000,0.000,0.000,0.675,0.579,0.470
369,1,1,0.000,1,1,1,1,1,1,1,1,1,0.400,1,1,0.000,1,1,1,1,1,1,0.619,1,0.000,1,1,1,1,0.000,0.000,0.750,0.654,0.647,1,1,1,1,0.000,0.000,0.000,0.783,0.606,0.410
370,1,1,0.000,1,1,1,1,1,1,1,1,1,0.450,1,1,0.289,1,1,1,1,1,1,0.700,1,0.219,1,1,1,1,0.334,0.331,0.862,0.851,0.889,1,1,1,1,0.029,0.093,0.131,0.862,0.635,0.434
371,1,1,0.000,1,1,1,1,1,1,1,1,1,0.557,1,1,0.563,1,1,1,1,1,1,0.807,1,0.514,1,1,1,1,0.594,0.587,0.915,0.902,0.826,1,1,1,1,0.394,0.422,0.430,0.890,0.633,0.387
372,1,1,0.000,1,1,1,1,1,1,1,1,1,0.502,1,1,0.746,1,1,1,1,1,1,0.770,1,0.729,1,1,1,1,0.747,0.739,0.856,0.802,0.772,1,1,1,1,0.688,0.641,0.627,0.837,0.597,0.347
373,1,1,0.000,1,1,1,1,1,1,1,1,1,0.440,1,1,0.864,1,1,1,1,1,1,0.699,1,0.847,1,1,1,1,0.844,0.842,0.736,0.662,0.696,1,1,1,1,0.826,0.824,0.812,0.777,0.598,0.346
374,1,1,0.000,1,1,1,1,1,1,1,1,1,0.371,1,1,0.902,1,1,1,1,1,1,0.624,1,0.881,1,1,1,1,0.893,0.891,0.625,0.514,0.588,1,1,1,1,0.869,0.864,0.859,0.714,0.540,0.371
375,1,1,0.000,1,1,1,1,1,1,1,1,1,0.299,1,1,0.920,1,1,1,1,1,1,0.473,1,0.883,1,1,1,1,0.902,0.901,0.498,0.442,0.615,1,1,1,1,0.828,0.806,0.804,0.637,0.473,0.427
376,1,1,0.000,1,1,1,1,1,1,1,1,1,0.246,1,1,0.908,1,1,1,1,1,1,0.423,1,0.886,1,1,1,1,0.886,0.877,0.448,0.401,0.574,1,1,1,1,0.703,0.742,0.739,0.557,0.440,0.453
377,1,1,0.000,1,1,1,1,1,1,1,1,1,0.322,1,1,0.786,1,1,1,1,1,1,0.376,1,0.817,1,1,1,1,0.808,0.789,0.494,0.510,0.609,1,1,1,1,0.606,0.635,0.642,0.487,0.392,0.466
378,1,1,0.000,1,1,1,1,1,1,1,1,1,0.326,1,1,0.614,1,1,1,1,1,1,0.476,1,0.668,1,1,1,1,0.666,0.639,0.560,0.550,0.607,1,1,1,1,0.523,0.539,0.538,0.634,0.472,0.484
379,1,1,0.000,1,1,1,1,1,1,1,1,1,0.396,1,1,0.358,1,1,1,1,1,1,0.576,1,0.409,1,1,1,1,0.397,0.384,0.703,0.676,0.619,1,1,1,1,0.327,0.356,0.362,0.791,0.580,0.567
380,1,1,0.000,1,1,1,1,1,1,1,1,1,0.459,1,1,0.013,1,1,1,1,1,1,0.628,1,0.063,1,1,1,1,0.027,0.023,0.826,0.755,0.712,1,1,1,1,0.135,0.088,0.073,0.818,0.590,0.580
381,1,1,0.000,1,1,1,1,1,1,1,1,1,0.408,1,1,0.000,1,1,1,1,1,1,0.587,1,0.000,1,1,1,1,0.000,0.000,0.810,0.743,0.753,1,1,1,1,0.000,0.000,0.000,0.791,0.547,0.549
382,1,1,0.000,1,1,1,1,1,1,1,1,1,0.349,1,1,0.000,1,1,1,1,1,1,0.547,1,0.000,1,1,1,1,0.000,0.000,0.711,0.703,0.769,1,1,1,1,0.000,0.000,0.000,0.792,0.542,0.561
383,1,1,0.000,1,1,1,1,1,1,1,1,1,0.343,1,1,0.000,1,1,1,1,1,1,0.416,1,0.000,1,1,1,1,0.000,0.000,0.669,0.685,0.689,1,1,1,1,0.000,0.000,0.000,0.692,0.497,0.568
384,1,1,0.000,1,1,1,1,1,1,1,1,1,0.373,1,1,0.000,1,1,1,1,1,1,0.359,1,0.000,1,1,1,1,0.000,0.000,0.631,0.705,0.672,1,1,1,1,0.000,0.000,0.000,0.666,0.527,0.579
385,1,1,0.034,1,1,1,1,1,1,1,1,1,0.063,1,1,0.000,1,1,1,1,1,1,0.207,1,0.000,1,1,1,1,0.000,0.000,0.155,0.077,0.026,1,1,1,1,0.000,0.000,0.000,0.275,0.220,0.102
386,1,1,0.034,1,1,1,1,1,1,1,1,1,0.049,1,1,0.000,1,1,1,1,1,1,0.234,1,0.000,1,1,1,1,0.000,0.000,0.137,0.072,0.019,1,1,1,1,0.000,0.000,0.000,0.295,0.237,0.112
387,1,1,0.034,1,1,1,1,1,1,1,1,1,0.043,1,1,0.000,1,1,1,1,1,1,0.232,1,0.000,1,1,1,1,0.000,0.000,0.130,0.053,0.013,1,1,1,1,0.000,0.000,0.000,0.290,0.213,0.114
388,1,1,0.034,1,1,1,1,1,1,1,1,1,0.022,1,1,0.000,1,1,1,1,1,1,0.208,1,0.000,1,1,1,1,0.000,0.000,0.077,0.044,0.011,1,1,1,1,0.000,0.000,0.000,0.259,0.198,0.117
389,1,1,0.034,1,1,1,1,1,1,1,1,1,0.015,1,1,0.000,1,1,1,1,1,1,0.189,1,0.000,1,1,1,1,0.000,0.000,0.059,0.039,0.008,1,1,1,1,0.000,0.000,0.000,0.225,0.156,0.092
390,1,1,0.034,1,1,1,1,1,1,1,1,1,0.023,1,1,0.000,1,1,1,1,1,1,0.181,1,0.000,1,1,1,1,0.000,0.000,0.076,0.044,0.009,1,1,1,1,0.000,0.000,0.000,0.206,0.155,0.107
391,1,1,0.034,1,1,1,1,1,1,1,1,1,0.014,1,1,0.000,1,1,1,1,1,1,0.138,1,0.000,1,1,1,1,0.000,0.000,0.038,0.027,0.007,1,1,1,1,0.000,0.000,0.000,0.191,0.180,0.121
392,1,1,0.034,1,1,1,1,1,1,1,1,1,0.015,1,1,0.000,1,1,1,1,1,1,0.158,1,0.000,1,1,1,1,0.000,0.000,0.043,0.037,0.007,1,1,1,1,0.000,0.000,0.000,0.226,0.173,0.116
393,1,1,0.034,1,1,1,1,1,1,1,1,1,0.018,1,1,0.000,1,1,1,1,1,1,0.134,1,0.000,1,1,1,1,0.000,0.000,0.051,0.039,0.007,1,1,1,1,0.000,0.000,0.000,0.200,0.191,0.136
394,1,1,0.034,1,1,1,1,1,1,1,1,1,0.027,1,1,0.262,1,1,1,1,1,1,0.114,1,0.252,1,1,1,1,0.339,0.330,0.072,0.044,0.008,1,1,1,1,0.241,0.243,0.240,0.178,0.200,0.139
395,1,1,0.034,1,1,1,1,1,1,1,1,1,0.077,1,1,0.543,1,1,1,1,1,1,0.238,1,0.541,1,1,1,1,0.554,0.552,0.188,0.086,0.017,1,1,1,1,0.520,0.520,0.520,0.333,0.215,0.105
396,1,1,0.034,1,1,1,1,1,1,1,1,1,0.171,1,1,0.646,1,1,1,1,1,1,0.413,1,0.695,1,1,1,1,0.657,0.652,0.374,0.174,0.055,1,1,1,1,0.670,0.672,0.670,0.489,0.305,0.109
397,1,1,0.034,1,1,1,1,1,1,1,1,1,0.183,1,1,0.693,1,1,1,1,1,1,0.416,1,0.797,1,1,1,1,0.740,0.737,0.479,0.197,0.073,1,1,1,1,0.764,0.765,0.765,0.530,0.384,0.157
398,1,1,0.034,1,1,1,1,1,1,1,1,1,0.187,1,1,0.792,1,1,1,1,1,1,0.399,1,0.833,1,1,1,1,0.779,0.772,0.549,0.234,0.102,1,1,1,1,0.801,0.801,0.800,0.531,0.420,0.201
399,1,1,0.034,1,1,1,1,1,1,1,1,1,0.220,1,1,0.756,1,1,1,1,1,1,0.401,1,0.833,1,1,1,1,0.773,0.757,0.572,0.260,0.145,1,1,1,1,0.800,0.800,0.800,0.572,0.448,0.229
400,1,1,0.034,1,1,1,1,1,1,1,1,1,0.202,1,1,0.710,1,1,1,1,1,1,0.379,1,0.792,1,1,1,1,0.710,0.694,0.521,0.268,0.153,1,1,1,1,0.763,0.763,0.764,0.560,0.441,0.276
401,1,1,0.034,1,1,1,1,1,1,1,1,1,0.225,1,1,0.586,1,1,1,1,1,1,0.385,1,0.694,1,1,1,1,0.601,0.590,0.555,0.294,0.153,1,1,1,1,0.673,0.673,0.674,0.535,0.474,0.224
402,1,1,0.034,1,1,1,1,1,1,1,1,1,0.216,1,1,0.410,1,1,1,1,1,1,0.367,1,0.525,1,1,1,1,0.431,0.429,0.554,0.285,0.140,1,1,1,1,0.519,0.518,0.521,0.512,0.459,0.297
403,1,1,0.034,1,1,1,1,1,1,1,1,1,0.111,1,1,0.124,1,1,1,1,1,1,0.220,1,0.251,1,1,1,1,0.144,0.146,0.304,0.154,0.080,1,1,1,1,0.266,0.264,0.269,0.305,0.354,0.240
404,1,1,0.034,1,1,1,1,1,1,1,1,1,0.060,1,1,0.000,1,1,1,1,1,1,0.127,1,0.000,1,1,1,1,0.000,0.000,0.158,0.077,0.037,1,1,1,1,0.000,0.000,0.000,0.144,0.233,0.141
405,1,1,0.034,1,1,1,1,1,1,1,1,1,0.056,1,1,0.000,1,1,1,1,1,1,0.136,1,0.000,1,1,1,1,0.000,0.000,0.150,0.087,0.029,1,1,1,1,0.000,0.000,0.000,0.115,0.178,0.103
406,1,1,0.034,1,1,1,1,1,1,1,1,1,0.052,1,1,0.000,1,1,1,1,1,1,0.151,1,0.000,1,1,1,1,0.000,0.000,0.130,0.083,0.025,1,1,1,1,0.000,0.000,0.000,0.152,0.209,0.122
407,1,1,0.035,1,1,1,1,1,1,1,1,1,0.063,1,1,0.000,1,1,1,1,1,1,0.172,1,0.000,1,1,1,1,0.000,0.000,0.160,0.097,0.020,1,1,1,1,0.000,0.000,0.000,0.192,0.220,0.121
408,1,1,0.035,1,1,1,1,1,1,1,1,1,0.065,1,1,0.000,1,1,1,1,1,1,0.207,1,0.000,1,1,1,1,0.000,0.000,0.146,0.095,0.021,1,1,1,1,0.000,0.000,0.000,0.215,0.215,0.127
409,1,1,0.035,1,1,1,1,1,1,1,1,1,0.057,1,1,0.000,1,1,1,1,1,1,0.234,1,0.000,1,1,1,1,0.000,0.000,0.161,0.101,0.018,1,1,1,1,0.000,0.000,0.000,0.217,0.211,0.109
410,1,1,0.035,1,1,1,1,1,1,1,1,1,0.072,1,1,0.000,1,1,1,1,1,1,0.199,1,0.000,1,1,1,1,0.000,0.000,0.158,0.085,0.010,1,1,1,1,0.000,0.000,0.000,0.204,0.204,0.102
411,1,1,0.035,1,1,1,1,1,1,1,1,1,0.074,1,1,0.000,1,1,1,1,1,1,0.178,1,0.000,1,1,1,1,0.000,0.000,0.149,0.076,0.009,1,1,1,1,0.000,0.000,0.000,0.226,0.213,0.108
412,1,1,0.035,1,1,1,1,1,1,1,1,1,0.056,1,1,0.000,1,1,1,1,1,1,0.172,1,0.000,1,1,1,1,0.000,0.000,0.142,0.079,0.008,1,1,1,1,0.000,0.000,0.000,0.205,0.172,0.082
413,1,1,0.035,1,1,1,1,1,1,1,1,1,0.038,1,1,0.000,1,1,1,1,1,1,0.174,1,0.000,1,1,1,1,0.000,0.000,0.104,0.046,0.005,1,1,1,1,0.000,0.000,0.000,0.249,0.163,0.103
414,1,1,0.035,1,1,1,1,1,1,1,1,1,0.035,1,1,0.000,1,1,1,1,1,1,0.120,1,0.000,1,1,1,1,0.000,0.000,0.078,0.038,0.003,1,1,1,1,0.000,0.000,0.000,0.181,0.155,0.100
415,1,1,0.035,1,1,1,1,1,1,1,1,1,0.034,1,1,0.000,1,1,1,1,1,1,0.107,1,0.000,1,1,1,1,0.000,0.000,0.073,0.021,0.003,1,1,1,1,0.000,0.000,0.000,0.209,0.149,0.100
416,1,1,0.035,1,1,1,1,1,1,1,1,1,0.042,1,1,0.000,1,1,1,1,1,1,0.150,1,0.000,1,1,1,1,0.000,0.000,0.086,0.026,0.003,1,1,1,1,0.000,0.000,0.000,0.265,0.199,0.113
417,1,1,0.035,1,1,1,1,1,1,1,1,1,0.040,1,1,0.000,1,1,1,1,1,1,0.147,1,0.000,1,1,1,1,0.000,0.000,0.086,0.021,0.002,1,1,1,1,0.000,0.000,0.000,0.245,0.184,0.111
418,1,1,0.035,1,1,1,1,1,1,1,1,1,0.032,1,1,0.292,1,1,1,1,1,1,0.132,1,0.231,1,1,1,1,0.325,0.325,0.067,0.017,0.003,1,1,1,1,0.227,0.232,0.230,0.206,0.188,0.112
419,1,1,0.035,1,1,1,1,1,1,1,1,1,0.065,1,1,0.519,1,1,1,1,1,1,0.216,1,0.512,1,1,1,1,0.531,0.533,0.143,0.045,0.009,1,1,1,1,0.491,0.504,0.502,0.327,0.294,0.107
420,1,1,0.035,1,1,1,1,1,1,1,1,1,0.152,1,1,0.622,1,1,1,1,1,1,0.287,1,0.668,1,1,1,1,0.620,0.623,0.351,0.114,0.037,1,1,1,1,0.657,0.663,0.661,0.399,0.315,0.097
421,1,1,0.035,1,1,1,1,1,1,1,1,1,0.164,1,1,0.686,1,1,1,1,1,1,0.289,1,0.763,1,1,1,1,0.689,0.695,0.400,0.146,0.060,1,1,1,1,0.748,0.752,0.752,0.486,0.393,0.138
422,1,1,0.035,1,1,1,1,1,1,1,1,1,0.169,1,1,0.733,1,1,1,1,1,1,0.278,1,0.801,1,1,1,1,0.720,0.715,0.397,0.187,0.081,1,1,1,1,0.785,0.788,0.787,0.463,0.407,0.198
423,1,1,0.035,1,1,1,1,1,1,1,1,1,0.179,1,1,0.755,1,1,1,1,1,1,0.338,1,0.809,1,1,1,1,0.729,0.721,0.440,0.201,0.097,1,1,1,1,0.791,0.786,0.792,0.499,0.435,0.244
424,1,1,0.035,1,1,1,1,1,1,1,1,1,0.180,1,1,0.708,1,1,1,1,1,1,0.364,1,0.760,1,1,1,1,0.688,0.679,0.429,0.199,0.107,1,1,1,1,0.754,0.754,0.757,0.454,0.432,0.300
425,1,1,0.035,1,1,1,1,1,1,1,1,1,0.246,1,1,0.586,1,1,1,1,1,1,0.273,1,0.654,1,1,1,1,0.596,0.594,0.436,0.216,0.089,1,1,1,1,0.666,0.668,0.670,0.434,0.415,0.242
426,1,1,0.035,1,1,1,1,1,1,1,1,1,0.264,1,1,0.404,1,1,1,1,1,1,0.196,1,0.490,1,1,1,1,0.430,0.434,0.428,0.268,0.127,1,1,1,1,0.513,0.517,0.519,0.363,0.390,0.247
427,1,1,0.035,1,1,1,1,1,1,1,1,1,0.213,1,1,0.140,1,1,1,1,1,1,0.135,1,0.228,1,1,1,1,0.157,0.160,0.302,0.259,0.120,1,1,1,1,0.266,0.261,0.266,0.250,0.289,0.245
428,1,1,0.035,1,1,1,1,1,1,1,1,1,0.117,1,1,0.000,1,1,1,1,1,1,0.059,1,0.000,1,1,1,1,0.000,0.000,0.149,0.136,0.061,1,1,1,1,0.000,0.000,0.000,0.107,0.207,0.170
429,1,1,0.035,1,1,1,1,1,1,1,1,1,0.100,1,1,0.000,1,1,1,1,1,1,0.064,1,0.000,1,1,1,1,0.000,0.000,0.155,0.129,0.060,1,1,1,1,0.000,0.000,0.000,0.085,0.157,0.119
430,1,1,0.035,1,1,1,1,1,1,1,1,1,0.063,1,1,0.000,1,1,1,1,1,1,0.079,1,0.000,1,1,1,1,0.000,0.000,0.133,0.112,0.060,1,1,1,1,0.000,0.000,0.000,0.119,0.215,0.171
431,1,1,0.035,1,1,1,1,1,1,1,1,1,0.078,1,1,0.000,1,1,1,1,1,1,0.151,1,0.000,1,1,1,1,0.000,0.000,0.165,0.117,0.041,1,1,1,1,0.000,0.000,0.000,0.196,0.219,0.133
432,1,1,0.035,1,1,1,1,1,1,1,1,1,0.100,1,1,0.000,1,1,1,1,1,1,0.151,1,0.000,1,1,1,1,0.000,0.000,0.185,0.131,0.054,1,1,1,1,0.000,0.000,0.000,0.229,0.233,0.149
433,1,1,0.015,1,1,1,1,1,1,1,1,1,0.161,1,1,0.000,1,1,1,1,1,1,0.156,1,0.000,1,1,1,1,0.000,0.000,0.296,0.187,0.243,1,1,1,1,0.000,0.000,0.000,0.282,0.293,0.175
434,1,1,0.015,1,1,1,1,1,1,1,1,1,0.148,1,1,0.000,1,1,1,1,1,1,0.243,1,0.000,1,1,1,1,0.000,0.000,0.290,0.153,0.115,1,1,1,1,0.000,0.000,0.000,0.327,0.296,0.135
435,1,1,0.015,1,1,1,1,1,1,1,1,1,0.177,1,1,0.000,1,1,1,1,1,1,0.241,1,0.000,1,1,1,1,0.000,0.000,0.270,0.137,0.077,1,1,1,1,0.000,0.000,0.000,0.296,0.310,0.132
436,1,1,0.015,1,1,1,1,1,1,1,1,1,0.188,1,1,0.000,1,1,1,1,1,1,0.231,1,0.000,1,1,1,1,0.000,0.000,0.317,0.138,0.060,1,1,1,1,0.000,0.000,0.000,0.306,0.341,0.145
437,1,1,0.015,1,1,1,1,1,1,1,1,1,0.189,1,1,0.000,1,1,1,1,1,1,0.225,1,0.000,1,1,1,1,0.000,0.000,0.306,0.135,0.053,1,1,1,1,0.000,0.000,0.000,0.328,0.353,0.163
438,1,1,0.015,1,1,1,1,1,1,1,1,1,0.265,1,1,0.000,1,1,1,1,1,1,0.210,1,0.000,1,1,1,1,0.000,0.000,0.360,0.180,0.089,1,1,1,1,0.000,0.000,0.000,0.268,0.314,0.151
439,1,1,0.015,1,1,1,1,1,1,1,1,1,0.197,1,1,0.000,1,1,1,1,1,1,0.172,1,0.000,1,1,1,1,0.000,0.000,0.297,0.158,0.063,1,1,1,1,0.000,0.000,0.000,0.236,0.294,0.162
440,1,1,0.015,1,1,1,1,1,1,1,1,1,0.183,1,1,0.000,1,1,1,1,1,1,0.183,1,0.000,1,1,1,1,0.000,0.000,0.312,0.141,0.062,1,1,1,1,0.000,0.000,0.000,0.262,0.325,0.191
441,1,1,0.015,1,1,1,1,1,1,1,1,1,0.197,1,1,0.000,1,1,1,1,1,1,0.145,1,0.000,1,1,1,1,0.000,0.000,0.262,0.148,0.078,1,1,1,1,0.000,0.000,0.000,0.240,0.338,0.221
442,1,1,0.015,1,1,1,1,1,1,1,1,1,0.157,1,1,0.166,1,1,1,1,1,1,0.168,1,0.041,1,1,1,1,0.163,0.186,0.279,0.124,0.102,1,1,1,1,0.023,0.025,0.026,0.250,0.319,0.204
443,1,1,0.015,1,1,1,1,1,1,1,1,1,0.141,1,1,0.472,1,1,1,1,1,1,0.166,1,0.442,1,1,1,1,0.480,0.481,0.225,0.099,0.045,1,1,1,1,0.455,0.443,0.430,0.275,0.349,0.206
444,1,1,0.015,1,1,1,1,1,1,1,1,1,0.093,1,1,0.642,1,1,1,1,1,1,0.123,1,0.682,1,1,1,1,0.661,0.660,0.111,0.046,0.027,1,1,1,1,0.661,0.655,0.654,0.211,0.303,0.144
445,1,1,0.015,1,1,1,1,1,1,1,1,1,0.054,1,1,0.795,1,1,1,1,1,1,0.088,1,0.820,1,1,1,1,0.754,0.738,0.045,0.026,0.022,1,1,1,1,0.784,0.778,0.779,0.123,0.184,0.084
446,1,1,0.015,1,1,1,1,1,1,1,1,1,0.044,1,1,0.837,1,1,1,1,1,1,0.164,1,0.891,1,1,1,1,0.828,0.825,0.074,0.039,0.032,1,1,1,1,0.848,0.845,0.847,0.224,0.269,0.087
447,1,1,0.015,1,1,1,1,1,1,1,1,1,0.068,1,1,0.892,1,1,1,1,1,1,0.265,1,0.915,1,1,1,1,0.869,0.858,0.152,0.089,0.062,1,1,1,1,0.875,0.870,0.872,0.271,0.302,0.090
448,1,1,0.015,1,1,1,1,1,1,1,1,1,0.131,1,1,0.865,1,1,1,1,1,1,0.298,1,0.894,1,1,1,1,0.835,0.829,0.195,0.111,0.041,1,1,1,1,0.855,0.851,0.854,0.284,0.312,0.097
449,1,1,0.015,1,1,1,1,1,1,1,1,1,0.136,1,1,0.757,1,1,1,1,1,1,0.315,1,0.819,1,1,1,1,0.749,0.747,0.261,0.116,0.037,1,1,1,1,0.787,0.784,0.787,0.269,0.272,0.101
450,1,1,0.015,1,1,1,1,1,1,1,1,1,0.152,1,1,0.578,1,1,1,1,1,1,0.285,1,0.675,1,1,1,1,0.587,0.589,0.286,0.117,0.034,1,1,1,1,0.655,0.652,0.657,0.209,0.274,0.122
451,1,1,0.015,1,1,1,1,1,1,1,1,1,0.138,1,1,0.305,1,1,1,1,1,1,0.177,1,0.437,1,1,1,1,0.329,0.333,0.203,0.117,0.080,1,1,1,1,0.435,0.433,0.439,0.142,0.220,0.140
452,1,1,0.015,1,1,1,1,1,1,1,1,1,0.121,1,1,0.000,1,1,1,1,1,1,0.137,1,0.006,1,1,1,1,0.000,0.000,0.211,0.130,0.097,1,1,1,1,0.000,0.000,0.000,0.144,0.255,0.197
453,1,1,0.015,1,1,1,1,1,1,1,1,1,0.149,1,1,0.000,1,1,1,1,1,1,0.201,1,0.000,1,1,1,1,0.000,0.000,0.307,0.213,0.134,1,1,1,1,0.000,0.000,0.000,0.229,0.337,0.276
454,1,1,0.015,1,1,1,1,1,1,1,1,1,0.189,1,1,0.000,1,1,1,1,1,1,0.258,1,0.000,1,1,1,1,0.000,0.000,0.458,0.279,0.183,1,1,1,1,0.000,0.000,0.000,0.371,0.441,0.346
455,1,1,0.015,1,1,1,1,1,1,1,1,1,0.190,1,1,0.000,1,1,1,1,1,1,0.300,1,0.000,1,1,1,1,0.000,0.000,0.512,0.271,0.228,1,1,1,1,0.000,0.000,0.000,0.431,0.516,0.359
456,1,1,0.015,1,1,1,1,1,1,1,1,1,0.202,1,1,0.000,1,1,1,1,1,1,0.380,1,0.000,1,1,1,1,0.000,0.000,0.581,0.345,0.323,1,1,1,1,0.000,0.000,0.000,0.566,0.594,0.354
457,1,1,0.015,1,1,1,1,1,1,1,1,1,0.268,1,1,0.000,1,1,1,1,1,1,0.381,1,0.000,1,1,1,1,0.000,0.000,0.631,0.391,0.396,1,1,1,1,0.000,0.000,0.000,0.518,0.611,0.343
458,1,1,0.015,1,1,1,1,1,1,1,1,1,0.265,1,1,0.000,1,1,1,1,1,1,0.477,1,0.000,1,1,1,1,0.000,0.000,0.656,0.431,0.446,1,1,1,1,0.000,0.000,0.000,0.588,0.662,0.362
459,1,1,0.015,1,1,1,1,1,1,1,1,1,0.264,1,1,0.000,1,1,1,1,1,1,0.569,1,0.000,1,1,1,1,0.000,0.000,0.689,0.468,0.498,1,1,1,1,0.000,0.000,0.000,0.683,0.658,0.342
460,1,1,0.015,1,1,1,1,1,1,1,1,1,0.286,1,1,0.000,1,1,1,1,1,1,0.552,1,0.000,1,1,1,1,0.000,0.000,0.656,0.455,0.500,1,1,1,1,0.000,0.000,0.000,0.673,0.642,0.343
461,1,1,0.015,1,1,1,1,1,1,1,1,1,0.291,1,1,0.000,1,1,1,1,1,1,0.577,1,0.000,1,1,1,1,0.000,0.000,0.607,0.424,0.496,1,1,1,1,0.000,0.000,0.000,0.703,0.627,0.336
462,1,1,0.015,1,1,1,1,1,1,1,1,1,0.332,1,1,0.000,1,1,1,1,1,1,0.602,1,0.000,1,1,1,1,0.000,0.000,0.635,0.435,0.525,1,1,1,1,0.000,0.000,0.000,0.751,0.616,0.329
463,1,1,0.015,1,1,1,1,1,1,1,1,1,0.300,1,1,0.000,1,1,1,1,1,1,0.525,1,0.000,1,1,1,1,0.000,0.000,0.636,0.435,0.524,1,1,1,1,0.000,0.000,0.000,0.713,0.580,0.303
464,1,1,0.015,1,1,1,1,1,1,1,1,1,0.241,1,1,0.000,1,1,1,1,1,1,0.452,1,0.000,1,1,1,1,0.000,0.000,0.653,0.430,0.519,1,1,1,1,0.000,0.000,0.000,0.572,0.508,0.302
465,1,1,0.015,1,1,1,1,1,1,1,1,1,0.273,1,1,0.000,1,1,1,1,1,1,0.444,1,0.000,1,1,1,1,0.000,0.000,0.644,0.412,0.502,1,1,1,1,0.000,0.000,0.000,0.500,0.425,0.256
466,1,1,0.015,1,1,1,1,1,1,1,1,1,0.241,1,1,0.228,1,1,1,1,1,1,0.344,1,0.121,1,1,1,1,0.259,0.259,0.626,0.384,0.469,1,1,1,1,0.121,0.096,0.084,0.386,0.326,0.214
467,1,1,0.015,1,1,1,1,1,1,1,1,1,0.184,1,1,0.526,1,1,1,1,1,1,0.218,1,0.481,1,1,1,1,0.547,0.547,0.545,0.306,0.413,1,1,1,1,0.459,0.455,0.451,0.292,0.257,0.182
468,1,1,0.015,1,1,1,1,1,1,1,1,1,0.091,1,1,0.719,1,1,1,1,1,1,0.154,1,0.687,1,1,1,1,0.722,0.722,0.307,0.139,0.281,1,1,1,1,0.658,0.651,0.648,0.202,0.158,0.083
469,1,1,0.015,1,1,1,1,1,1,1,1,1,0.057,1,1,0.846,1,1,1,1,1,1,0.092,1,0.816,1,1,1,1,0.822,0.821,0.192,0.098,0.212,1,1,1,1,0.783,0.776,0.774,0.092,0.074,0.035
470,1,1,0.015,1,1,1,1,1,1,1,1,1,0.040,1,1,0.896,1,1,1,1,1,1,0.048,1,0.881,1,1,1,1,0.865,0.865,0.097,0.051,0.117,1,1,1,1,0.842,0.837,0.838,0.055,0.038,0.019
471,1,1,0.015,1,1,1,1,1,1,1,1,1,0.029,1,1,0.900,1,1,1,1,1,1,0.064,1,0.901,1,1,1,1,0.865,0.866,0.066,0.048,0.135,1,1,1,1,0.862,0.860,0.861,0.089,0.069,0.030
472,1,1,0.015,1,1,1,1,1,1,1,1,1,0.027,1,1,0.868,1,1,1,1,1,1,0.051,1,0.879,1,1,1,1,0.833,0.834,0.036,0.040,0.183,1,1,1,1,0.842,0.840,0.842,0.080,0.084,0.049
473,1,1,0.015,1,1,1,1,1,1,1,1,1,0.038,1,1,0.760,1,1,1,1,1,1,0.057,1,0.807,1,1,1,1,0.750,0.752,0.031,0.031,0.183,1,1,1,1,0.779,0.776,0.779,0.116,0.109,0.085
474,1,1,0.015,1,1,1,1,1,1,1,1,1,0.056,1,1,0.584,1,1,1,1,1,1,0.068,1,0.667,1,1,1,1,0.595,0.599,0.039,0.052,0.132,1,1,1,1,0.650,0.648,0.652,0.135,0.141,0.108
475,1,1,0.015,1,1,1,1,1,1,1,1,1,0.080,1,1,0.318,1,1,1,1,1,1,0.080,1,0.435,1,1,1,1,0.338,0.347,0.058,0.074,0.181,1,1,1,1,0.439,0.436,0.441,0.142,0.185,0.124
476,1,1,0.015,1,1,1,1,1,1,1,1,1,0.116,1,1,0.000,1,1,1,1,1,1,0.118,1,0.010,1,1,1,1,0.000,0.000,0.102,0.117,0.209,1,1,1,1,0.000,0.000,0.000,0.181,0.258,0.209
477,1,1,0.015,1,1,1,1,1,1,1,1,1,0.171,1,1,0.000,1,1,1,1,1,1,0.301,1,0.000,1,1,1,1,0.000,0.000,0.196,0.224,0.220,1,1,1,1,0.000,0.000,0.000,0.395,0.495,0.406
478,1,1,0.015,1,1,1,1,1,1,1,1,1,0.223,1,1,0.000,1,1,1,1,1,1,0.381,1,0.000,1,1,1,1,0.000,0.000,0.358,0.295,0.262,1,1,1,1,0.000,0.000,0.000,0.532,0.602,0.421
479,1,1,0.015,1,1,1,1,1,1,1,1,1,0.230,1,1,0.000,1,1,1,1,1,1,0.403,1,0.000,1,1,1,1,0.000,0.000,0.464,0.361,0.286,1,1,1,1,0.000,0.000,0.000,0.634,0.694,0.443
480,1,1,0.015,1,1,1,1,1,1,1,1,1,0.244,1,1,0.000,1,1,1,1,1,1,0.433,1,0.000,1,1,1,1,0.000,0.000,0.508,0.380,0.307,1,1,1,1,0.000,0.000,0.000,0.699,0.715,0.426
