Time_Index,NG,None
0,0.071631,0.0
1,7.128,0.0
2,7.128,0.0
3,7.128,0.0
4,7.128,0.0
5,7.128,0.0
6,7.128,0.0
7,7.128,0.0
8,7.128,0.0
9,7.128,0.0
10,7.128,0.0
11,7.128,0.0
12,7.128,0.0
13,7.128,0.0
14,7.128,0.0
15,7.128,0.0
16,7.128,0.0
17,7.128,0.0
18,7.128,0.0
19,7.128,0.0
20,7.128,0.0
21,7.128,0.0
22,7.128,0.0
23,7.128,0.0
24,7.128,0.0
25,7.128,0.0
26,7.128,0.0
27,7.128,0.0
28,7.128,0.0
29,7.128,0.0
30,7.128,0.0
31,7.128,0.0
32,7.128,0.0
33,7.128,0.0
34,7.128,0.0
35,7.128,0.0
36,7.128,0.0
37,7.128,0.0
38,7.128,0.0
39,7.128,0.0
40,7.128,0.0
41,7.128,0.0
42,7.128,0.0
43,7.128,0.0
44,7.128,0.0
45,7.128,0.0
46,7.128,0.0
47,7.128,0.0
48,7.128,0.0
49,7.128,0.0
50,7.128,0.0
51,7.128,0.0
52,7.128,0.0
53,7.128,0.0
54,7.128,0.0
55,7.128,0.0
56,7.128,0.0
57,7.128,0.0
58,7.128,0.0
59,7.128,0.0
60,7.128,0.0
61,7.128,0.0
62,7.128,0.0
63,7.128,0.0
64,7.128,0.0
65,7.128,0.0
66,7.128,0.0
67,7.128,0.0
68,7.128,0.0
69,7.128,0.0
70,7.128,0.0
71,7.128,0.0
72,7.128,0.0
73,7.128,0.0
74,7.128,0.0
75,7.128,0.0
76,7.128,0.0
77,7.128,0.0
78,7.128,0.0
79,7.128,0.0
80,7.128,0.0
81,7.128,0.0
82,7.128,0.0
83,7.128,0.0
84,7.128,0.0
85,7.128,0.0
86,7.128,0.0
87,7.128,0.0
88,7.128,0.0
89,7.128,0.0
90,7.128,0.0
91,7.128,0.0
92,7.128,0.0
93,7.128,0.0
94,7.128,0.0
95,7.128,0.0
96,7.128,0.0
97,7.128,0.0
98,7.128,0.0
99,7.128,0.0
100,7.128,0.0
101,7.128,0.0
102,7.128,0.0
103,7.128,0.0
104,7.128,0.0
105,7.128,0.0
106,7.128,0.0
107,7.128,0.0
108,7.128,0.0
109,7.128,0.0
110,7.128,0.0
111,7.128,0.0
112,7.128,0.0
113,7.128,0.0
114,7.128,0.0
115,7.128,0.0
116,7.128,0.0
117,7.128,0.0
118,7.128,0.0
119,7.128,0.0
120,7.128,0.0
121,7.128,0.0
122,7.128,0.0
123,7.128,0.0
124,7.128,0.0
125,7.128,0.0
126,7.128,0.0
127,7.128,0.0
128,7.128,0.0
129,7.128,0.0
130,7.128,0.0
131,7.128,0.0
132,7.128,0.0
133,7.128,0.0
134,7.128,0.0
135,7.128,0.0
136,7.128,0.0
137,7.128,0.0
138,7.128,0.0
139,7.128,0.0
140,7.128,0.0
141,7.128,0.0
142,7.128,0.0
143,7.128,0.0
144,7.128,0.0
145,7.128,0.0
146,7.128,0.0
147,7.128,0.0
148,7.128,0.0
149,7.128,0.0
150,7.128,0.0
151,7.128,0.0
152,7.128,0.0
153,7.128,0.0
154,7.128,0.0
155,7.128,0.0
156,7.128,0.0
157,7.128,0.0
158,7.128,0.0
159,7.128,0.0
160,7.128,0.0
161,7.128,0.0
162,7.128,0.0
163,7.128,0.0
164,7.128,0.0
165,7.128,0.0
166,7.128,0.0
167,7.128,0.0
168,7.128,0.0
169,4.9815,0.0
170,4.9815,0.0
171,4.9815,0.0
172,4.9815,0.0
173,4.9815,0.0
174,4.9815,0.0
175,4.9815,0.0
176,4.9815,0.0
177,4.9815,0.0
178,4.9815,0.0
179,4.9815,0.0
180,4.9815,0.0
181,4.9815,0.0
182,4.9815,0.0
183,4.9815,0.0
184,4.9815,0.0
185,4.9815,0.0
186,4.9815,0.0
187,4.9815,0.0
188,4.9815,0.0
189,4.9815,0.0
190,4.9815,0.0
191,4.9815,0.0
192,4.9815,0.0
193,4.9815,0.0
194,4.9815,0.0
195,4.9815,0.0
196,4.9815,0.0
197,4.9815,0.0
198,4.9815,0.0
199,4.9815,0.0
200,4.9815,0.0
201,4.9815,0.0
202,4.9815,0.0
203,4.9815,0.0
204,4.9815,0.0
205,4.9815,0.0
206,4.9815,0.0
207,4.9815,0.0
208,4.9815,0.0
209,4.9815,0.0
210,4.9815,0.0
211,4.9815,0.0
212,4.9815,0.0
213,4.9815,0.0
214,4.9815,0.0
215,4.9815,0.0
216,4.9815,0.0
217,4.9815,0.0
218,4.9815,0.0
219,4.9815,0.0
220,4.9815,0.0
221,4.9815,0.0
222,4.9815,0.0
223,4.9815,0.0
224,4.9815,0.0
225,4.9815,0.0
226,4.9815,0.0
227,4.9815,0.0
228,4.9815,0.0
229,4.9815,0.0
230,4.9815,0.0
231,4.9815,0.0
232,4.9815,0.0
233,4.9815,0.0
234,4.9815,0.0
235,4.9815,0.0
236,4.9815,0.0
237,4.9815,0.0
238,4.9815,0.0
239,4.9815,0.0
240,4.9815,0.0
241,4.9815,0.0
242,4.9815,0.0
243,4.9815,0.0
244,4.9815,0.0
245,4.9815,0.0
246,4.9815,0.0
247,4.9815,0.0
248,4.9815,0.0
249,4.9815,0.0
250,4.9815,0.0
251,4.9815,0.0
252,4.9815,0.0
253,4.9815,0.0
254,4.9815,0.0
255,4.9815,0.0
256,4.9815,0.0
257,4.9815,0.0
258,4.9815,0.0
259,4.9815,0.0
260,4.9815,0.0
261,4.9815,0.0
262,4.9815,0.0
263,4.9815,0.0
264,4.9815,0.0
265,4.9815,0.0
266,4.9815,0.0
267,4.9815,0.0
268,4.9815,0.0
269,4.9815,0.0
270,4.9815,0.0
271,4.9815,0.0
272,4.9815,0.0
273,4.9815,0.0
274,4.9815,0.0
275,4.9815,0.0
276,4.9815,0.0
277,4.9815,0.0
278,4.9815,0.0
279,4.9815,0.0
280,4.9815,0.0
281,4.9815,0.0
282,4.9815,0.0
283,4.9815,0.0
284,4.9815,0.0
285,4.9815,0.0
286,4.9815,0.0
287,4.9815,0.0
288,4.9815,0.0
289,4.9815,0.0
290,4.9815,0.0
291,4.9815,0.0
292,4.9815,0.0
293,4.9815,0.0
294,4.9815,0.0
295,4.9815,0.0
296,4.9815,0.0
297,4.9815,0.0
298,4.9815,0.0
299,4.9815,0.0
300,4.9815,0.0
301,4.9815,0.0
302,4.9815,0.0
303,4.9815,0.0
304,4.9815,0.0
305,4.9815,0.0
306,4.9815,0.0
307,4.9815,0.0
308,4.9815,0.0
309,4.9815,0.0
310,4.9815,0.0
311,4.9815,0.0
312,4.9815,0.0
313,4.9815,0.0
314,4.9815,0.0
315,4.9815,0.0
316,4.9815,0.0
317,4.9815,0.0
318,4.9815,0.0
319,4.9815,0.0
320,4.9815,0.0
321,4.9815,0.0
322,4.9815,0.0
323,4.9815,0.0
324,4.9815,0.0
325,4.9815,0.0
326,4.9815,0.0
327,4.9815,0.0
328,4.9815,0.0
329,4.9815,0.0
330,4.9815,0.0
331,4.9815,0.0
332,4.9815,0.0
333,4.9815,0.0
334,4.9815,0.0
335,4.9815,0.0
336,4.9815,0.0
337,4.9815,0.0
338,4.9815,0.0
339,4.9815,0.0
340,4.9815,0.0
341,4.9815,0.0
342,4.9815,0.0
343,4.9815,0.0
344,4.9815,0.0
345,4.9815,0.0
346,4.9815,0.0
347,4.9815,0.0
348,4.9815,0.0
349,4.9815,0.0
350,4.9815,0.0
351,4.9815,0.0
352,4.9815,0.0
353,4.9815,0.0
354,4.9815,0.0
355,4.9815,0.0
356,4.9815,0.0
357,4.9815,0.0
358,4.9815,0.0
359,4.9815,0.0
360,4.9815,0.0
361,4.9815,0.0
362,4.9815,0.0
363,4.9815,0.0
364,4.9815,0.0
365,4.9815,0.0
366,4.9815,0.0
367,4.9815,0.0
368,4.9815,0.0
369,4.9815,0.0
370,4.9815,0.0
371,4.9815,0.0
372,4.9815,0.0
373,4.9815,0.0
374,4.9815,0.0
375,4.9815,0.0
376,4.9815,0.0
377,4.9815,0.0
378,4.9815,0.0
379,4.9815,0.0
380,4.9815,0.0
381,4.9815,0.0
382,4.9815,0.0
383,4.9815,0.0
384,4.9815,0.0
385,4.9815,0.0
386,4.9815,0.0
387,4.9815,0.0
388,4.9815,0.0
389,4.9815,0.0
390,4.9815,0.0
391,4.9815,0.0
392,4.9815,0.0
393,4.9815,0.0
394,4.9815,0.0
395,4.9815,0.0
396,4.9815,0.0
397,4.9815,0.0
398,4.9815,0.0
399,4.9815,0.0
400,4.9815,0.0
401,4.9815,0.0
402,4.9815,0.0
403,4.9815,0.0
404,4.9815,0.0
405,4.9815,0.0
406,4.9815,0.0
407,4.9815,0.0
408,4.9815,0.0
409,4.9815,0.0
410,4.9815,0.0
411,4.9815,0.0
412,4.9815,0.0
413,4.9815,0.0
414,4.9815,0.0
415,4.9815,0.0
416,4.9815,0.0
417,4.9815,0.0
418,4.9815,0.0
419,4.9815,0.0
420,4.9815,0.0
421,4.9815,0.0
422,4.9815,0.0
423,4.9815,0.0
424,4.9815,0.0
425,4.9815,0.0
426,4.9815,0.0
427,4.9815,0.0
428,4.9815,0.0
429,4.9815,0.0
430,4.9815,0.0
431,4.9815,0.0
432,4.9815,0.0
433,4.9815,0.0
434,4.9815,0.0
435,4.9815,0.0
436,4.9815,0.0
437,4.9815,0.0
438,4.9815,0.0
439,4.9815,0.0
440,4.9815,0.0
441,4.9815,0.0
442,4.9815,0.0
443,4.9815,0.0
444,4.9815,0.0
445,4.9815,0.0
446,4.9815,0.0
447,4.9815,0.0
448,4.9815,0.0
449,4.9815,0.0
450,4.9815,0.0
451,4.9815,0.0
452,4.9815,0.0
453,4.9815,0.0
454,4.9815,0.0
455,4.9815,0.0
456,4.9815,0.0
457,4.9815,0.0
458,4.9815,0.0
459,4.9815,0.0
460,4.9815,0.0
461,4.9815,0.0
462,4.9815,0.0
463,4.9815,0.0
464,4.9815,0.0
465,4.9815,0.0
466,4.9815,0.0
467,4.9815,0.0
468,4.9815,0.0
469,4.9815,0.0
470,4.9815,0.0
471,4.9815,0.0
472,4.9815,0.0
473,4.9815,0.0
474,4.9815,0.0
475,4.9815,0.0
476,4.9815,0.0
477,4.9815,0.0
478,4.9815,0.0
479,4.9815,0.0
480,4.9815,0.0
481,4.9815,0.0
482,4.9815,0.0
483,4.9815,0.0
484,4.9815,0.0
485,4.9815,0.0
486,4.9815,0.0
487,4.9815,0.0
488,4.9815,0.0
489,4.9815,0.0
490,4.9815,0.0
491,4.9815,0.0
492,4.9815,0.0
493,4.9815,0.0
494,4.9815,0.0
495,4.9815,0.0
496,4.9815,0.0
497,4.9815,0.0
498,4.9815,0.0
499,4.9815,0.0
500,4.9815,0.0
501,4.9815,0.0
502,4.9815,0.0
503,4.9815,0.0
504,4.9815,0.0
505,4.293,0.0
506,4.293,0.0
507,4.293,0.0
508,4.293,0.0
509,4.293,0.0
510,4.293,0.0
511,4.293,0.0
512,4.293,0.0
513,4.293,0.0
514,4.293,0.0
515,4.293,0.0
516,4.293,0.0
517,4.293,0.0
518,4.293,0.0
519,4.293,0.0
520,4.293,0.0
521,4.293,0.0
522,4.293,0.0
523,4.293,0.0
524,4.293,0.0
525,4.293,0.0
526,4.293,0.0
527,4.293,0.0
528,4.293,0.0
529,4.293,0.0
530,4.293,0.0
531,4.293,0.0
532,4.293,0.0
533,4.293,0.0
534,4.293,0.0
535,4.293,0.0
536,4.293,0.0
537,4.293,0.0
538,4.293,0.0
539,4.293,0.0
540,4.293,0.0
541,4.293,0.0
542,4.293,0.0
543,4.293,0.0
544,4.293,0.0
545,4.293,0.0
546,4.293,0.0
547,4.293,0.0
548,4.293,0.0
549,4.293,0.0
550,4.293,0.0
551,4.293,0.0
552,4.293,0.0
553,4.293,0.0
554,4.293,0.0
555,4.293,0.0
556,4.293,0.0
557,4.293,0.0
558,4.293,0.0
559,4.293,0.0
560,4.293,0.0
561,4.293,0.0
562,4.293,0.0
563,4.293,0.0
564,4.293,0.0
565,4.293,0.0
566,4.293,0.0
567,4.293,0.0
568,4.293,0.0
569,4.293,0.0
570,4.293,0.0
571,4.293,0.0
572,4.293,0.0
573,4.293,0.0
574,4.293,0.0
575,4.293,0.0
576,4.293,0.0
577,4.293,0.0
578,4.293,0.0
579,4.293,0.0
580,4.293,0.0
581,4.293,0.0
582,4.293,0.0
583,4.293,0.0
584,4.293,0.0
585,4.293,0.0
586,4.293,0.0
587,4.293,0.0
588,4.293,0.0
589,4.293,0.0
590,4.293,0.0
591,4.293,0.0
592,4.293,0.0
593,4.293,0.0
594,4.293,0.0
595,4.293,0.0
596,4.293,0.0
597,4.293,0.0
598,4.293,0.0
599,4.293,0.0
600,4.293,0.0
601,4.293,0.0
602,4.293,0.0
603,4.293,0.0
604,4.293,0.0
605,4.293,0.0
606,4.293,0.0
607,4.293,0.0
608,4.293,0.0
609,4.293,0.0
610,4.293,0.0
611,4.293,0.0
612,4.293,0.0
613,4.293,0.0
614,4.293,0.0
615,4.293,0.0
616,4.293,0.0
617,4.293,0.0
618,4.293,0.0
619,4.293,0.0
620,4.293,0.0
621,4.293,0.0
622,4.293,0.0
623,4.293,0.0
624,4.293,0.0
625,4.293,0.0
626,4.293,0.0
627,4.293,0.0
628,4.293,0.0
629,4.293,0.0
630,4.293,0.0
631,4.293,0.0
632,4.293,0.0
633,4.293,0.0
634,4.293,0.0
635,4.293,0.0
636,4.293,0.0
637,4.293,0.0
638,4.293,0.0
639,4.293,0.0
640,4.293,0.0
641,4.293,0.0
642,4.293,0.0
643,4.293,0.0
644,4.293,0.0
645,4.293,0.0
646,4.293,0.0
647,4.293,0.0
648,4.293,0.0
649,4.293,0.0
650,4.293,0.0
651,4.293,0.0
652,4.293,0.0
653,4.293,0.0
654,4.293,0.0
655,4.293,0.0
656,4.293,0.0
657,4.293,0.0
658,4.293,0.0
659,4.293,0.0
660,4.293,0.0
661,4.293,0.0
662,4.293,0.0
663,4.293,0.0
664,4.293,0.0
665,4.293,0.0
666,4.293,0.0
667,4.293,0.0
668,4.293,0.0
669,4.293,0.0
670,4.293,0.0
671,4.293,0.0
672,4.293,0.0
673,2.6325,0.0
674,2.6325,0.0
675,2.6325,0.0
676,2.6325,0.0
677,2.6325,0.0
678,2.6325,0.0
679,2.6325,0.0
680,2.6325,0.0
681,2.6325,0.0
682,2.6325,0.0
683,2.6325,0.0
684,2.6325,0.0
685,2.6325,0.0
686,2.6325,0.0
687,2.6325,0.0
688,2.6325,0.0
689,2.6325,0.0
690,2.6325,0.0
691,2.6325,0.0
692,2.6325,0.0
693,2.6325,0.0
694,2.6325,0.0
695,2.6325,0.0
696,2.6325,0.0
697,2.6325,0.0
698,2.6325,0.0
699,2.6325,0.0
700,2.6325,0.0
701,2.6325,0.0
702,2.6325,0.0
703,2.6325,0.0
704,2.6325,0.0
705,2.6325,0.0
706,2.6325,0.0
707,2.6325,0.0
708,2.6325,0.0
709,2.6325,0.0
710,2.6325,0.0
711,2.6325,0.0
712,2.6325,0.0
713,2.6325,0.0
714,2.6325,0.0
715,2.6325,0.0
716,2.6325,0.0
717,2.6325,0.0
718,2.6325,0.0
719,2.6325,0.0
720,2.6325,0.0
721,2.6325,0.0
722,2.6325,0.0
723,2.6325,0.0
724,2.6325,0.0
725,2.6325,0.0
726,2.6325,0.0
727,2.6325,0.0
728,2.6325,0.0
729,2.6325,0.0
730,2.6325,0.0
731,2.6325,0.0
732,2.6325,0.0
733,2.6325,0.0
734,2.6325,0.0
735,2.6325,0.0
736,2.6325,0.0
737,2.6325,0.0
738,2.6325,0.0
739,2.6325,0.0
740,2.6325,0.0
741,2.6325,0.0
742,2.6325,0.0
743,2.6325,0.0
744,2.6325,0.0
745,2.6325,0.0
746,2.6325,0.0
747,2.6325,0.0
748,2.6325,0.0
749,2.6325,0.0
750,2.6325,0.0
751,2.6325,0.0
752,2.6325,0.0
753,2.6325,0.0
754,2.6325,0.0
755,2.6325,0.0
756,2.6325,0.0
757,2.6325,0.0
758,2.6325,0.0
759,2.6325,0.0
760,2.6325,0.0
761,2.6325,0.0
762,2.6325,0.0
763,2.6325,0.0
764,2.6325,0.0
765,2.6325,0.0
766,2.6325,0.0
767,2.6325,0.0
768,2.6325,0.0
769,2.6325,0.0
770,2.6325,0.0
771,2.6325,0.0
772,2.6325,0.0
773,2.6325,0.0
774,2.6325,0.0
775,2.6325,0.0
776,2.6325,0.0
777,2.6325,0.0
778,2.6325,0.0
779,2.6325,0.0
780,2.6325,0.0
781,2.6325,0.0
782,2.6325,0.0
783,2.6325,0.0
784,2.6325,0.0
785,2.6325,0.0
786,2.6325,0.0
787,2.6325,0.0
788,2.6325,0.0
789,2.6325,0.0
790,2.6325,0.0
791,2.6325,0.0
792,2.6325,0.0
793,2.6325,0.0
794,2.6325,0.0
795,2.6325,0.0
796,2.6325,0.0
797,2.6325,0.0
798,2.6325,0.0
799,2.6325,0.0
800,2.6325,0.0
801,2.6325,0.0
802,2.6325,0.0
803,2.6325,0.0
804,2.6325,0.0
805,2.6325,0.0
806,2.6325,0.0
807,2.6325,0.0
808,2.6325,0.0
809,2.6325,0.0
810,2.6325,0.0
811,2.6325,0.0
812,2.6325,0.0
813,2.6325,0.0
814,2.6325,0.0
815,2.6325,0.0
816,2.6325,0.0
817,2.6325,0.0
818,2.6325,0.0
819,2.6325,0.0
820,2.6325,0.0
821,2.6325,0.0
822,2.6325,0.0
823,2.6325,0.0
824,2.6325,0.0
825,2.6325,0.0
826,2.6325,0.0
827,2.6325,0.0
828,2.6325,0.0
829,2.6325,0.0
830,2.6325,0.0
831,2.6325,0.0
832,2.6325,0.0
833,2.6325,0.0
834,2.6325,0.0
835,2.6325,0.0
836,2.6325,0.0
837,2.6325,0.0
838,2.6325,0.0
839,2.6325,0.0
840,2.6325,0.0
841,3.0105,0.0
842,3.0105,0.0
843,3.0105,0.0
844,3.0105,0.0
845,3.0105,0.0
846,3.0105,0.0
847,3.0105,0.0
848,3.0105,0.0
849,3.0105,0.0
850,3.0105,0.0
851,3.0105,0.0
852,3.0105,0.0
853,3.0105,0.0
854,3.0105,0.0
855,3.0105,0.0
856,3.0105,0.0
857,3.0105,0.0
858,3.0105,0.0
859,3.0105,0.0
860,3.0105,0.0
861,3.0105,0.0
862,3.0105,0.0
863,3.0105,0.0
864,3.0105,0.0
865,3.0105,0.0
866,3.0105,0.0
867,3.0105,0.0
868,3.0105,0.0
869,3.0105,0.0
870,3.0105,0.0
871,3.0105,0.0
872,3.0105,0.0
873,3.0105,0.0
874,3.0105,0.0
875,3.0105,0.0
876,3.0105,0.0
877,3.0105,0.0
878,3.0105,0.0
879,3.0105,0.0
880,3.0105,0.0
881,3.0105,0.0
882,3.0105,0.0
883,3.0105,0.0
884,3.0105,0.0
885,3.0105,0.0
886,3.0105,0.0
887,3.0105,0.0
888,3.0105,0.0
889,3.0105,0.0
890,3.0105,0.0
891,3.0105,0.0
892,3.0105,0.0
893,3.0105,0.0
894,3.0105,0.0
895,3.0105,0.0
896,3.0105,0.0
897,3.0105,0.0
898,3.0105,0.0
899,3.0105,0.0
900,3.0105,0.0
901,3.0105,0.0
902,3.0105,0.0
903,3.0105,0.0
904,3.0105,0.0
905,3.0105,0.0
906,3.0105,0.0
907,3.0105,0.0
908,3.0105,0.0
909,3.0105,0.0
910,3.0105,0.0
911,3.0105,0.0
912,3.0105,0.0
913,3.0105,0.0
914,3.0105,0.0
915,3.0105,0.0
916,3.0105,0.0
917,3.0105,0.0
918,3.0105,0.0
919,3.0105,0.0
920,3.0105,0.0
921,3.0105,0.0
922,3.0105,0.0
923,3.0105,0.0
924,3.0105,0.0
925,3.0105,0.0
926,3.0105,0.0
927,3.0105,0.0
928,3.0105,0.0
929,3.0105,0.0
930,3.0105,0.0
931,3.0105,0.0
932,3.0105,0.0
933,3.0105,0.0
934,3.0105,0.0
935,3.0105,0.0
936,3.0105,0.0
937,3.0105,0.0
938,3.0105,0.0
939,3.0105,0.0
940,3.0105,0.0
941,3.0105,0.0
942,3.0105,0.0
943,3.0105,0.0
944,3.0105,0.0
945,3.0105,0.0
946,3.0105,0.0
947,3.0105,0.0
948,3.0105,0.0
949,3.0105,0.0
950,3.0105,0.0
951,3.0105,0.0
952,3.0105,0.0
953,3.0105,0.0
954,3.0105,0.0
955,3.0105,0.0
956,3.0105,0.0
957,3.0105,0.0
958,3.0105,0.0
959,3.0105,0.0
960,3.0105,0.0
961,3.0105,0.0
962,3.0105,0.0
963,3.0105,0.0
964,3.0105,0.0
965,3.0105,0.0
966,3.0105,0.0
967,3.0105,0.0
968,3.0105,0.0
969,3.0105,0.0
970,3.0105,0.0
971,3.0105,0.0
972,3.0105,0.0
973,3.0105,0.0
974,3.0105,0.0
975,3.0105,0.0
976,3.0105,0.0
977,3.0105,0.0
978,3.0105,0.0
979,3.0105,0.0
980,3.0105,0.0
981,3.0105,0.0
982,3.0105,0.0
983,3.0105,0.0
984,3.0105,0.0
985,3.0105,0.0
986,3.0105,0.0
987,3.0105,0.0
988,3.0105,0.0
989,3.0105,0.0
990,3.0105,0.0
991,3.0105,0.0
992,3.0105,0.0
993,3.0105,0.0
994,3.0105,0.0
995,3.0105,0.0
996,3.0105,0.0
997,3.0105,0.0
998,3.0105,0.0
999,3.0105,0.0
1000,3.0105,0.0
1001,3.0105,0.0
1002,3.0105,0.0
1003,3.0105,0.0
1004,3.0105,0.0
1005,3.0105,0.0
1006,3.0105,0.0
1007,3.0105,0.0
1008,3.0105,0.0
1009,3.159,0.0
1010,3.159,0.0
1011,3.159,0.0
1012,3.159,0.0
1013,3.159,0.0
1014,3.159,0.0
1015,3.159,0.0
1016,3.159,0.0
1017,3.159,0.0
1018,3.159,0.0
1019,3.159,0.0
1020,3.159,0.0
1021,3.159,0.0
1022,3.159,0.0
1023,3.159,0.0
1024,3.159,0.0
1025,3.159,0.0
1026,3.159,0.0
1027,3.159,0.0
1028,3.159,0.0
1029,3.159,0.0
1030,3.159,0.0
1031,3.159,0.0
1032,3.159,0.0
1033,3.159,0.0
1034,3.159,0.0
1035,3.159,0.0
1036,3.159,0.0
1037,3.159,0.0
1038,3.159,0.0
1039,3.159,0.0
1040,3.159,0.0
1041,3.159,0.0
1042,3.159,0.0
1043,3.159,0.0
1044,3.159,0.0
1045,3.159,0.0
1046,3.159,0.0
1047,3.159,0.0
1048,3.159,0.0
1049,3.159,0.0
1050,3.159,0.0
1051,3.159,0.0
1052,3.159,0.0
1053,3.159,0.0
1054,3.159,0.0
1055,3.159,0.0
1056,3.159,0.0
1057,3.159,0.0
1058,3.159,0.0
1059,3.159,0.0
1060,3.159,0.0
1061,3.159,0.0
1062,3.159,0.0
1063,3.159,0.0
1064,3.159,0.0
1065,3.159,0.0
1066,3.159,0.0
1067,3.159,0.0
1068,3.159,0.0
1069,3.159,0.0
1070,3.159,0.0
1071,3.159,0.0
1072,3.159,0.0
1073,3.159,0.0
1074,3.159,0.0
1075,3.159,0.0
1076,3.159,0.0
1077,3.159,0.0
1078,3.159,0.0
1079,3.159,0.0
1080,3.159,0.0
1081,3.159,0.0
1082,3.159,0.0
1083,3.159,0.0
1084,3.159,0.0
1085,3.159,0.0
1086,3.159,0.0
1087,3.159,0.0
1088,3.159,0.0
1089,3.159,0.0
1090,3.159,0.0
1091,3.159,0.0
1092,3.159,0.0
1093,3.159,0.0
1094,3.159,0.0
1095,3.159,0.0
1096,3.159,0.0
1097,3.159,0.0
1098,3.159,0.0
1099,3.159,0.0
1100,3.159,0.0
1101,3.159,0.0
1102,3.159,0.0
1103,3.159,0.0
1104,3.159,0.0
1105,3.159,0.0
1106,3.159,0.0
1107,3.159,0.0
1108,3.159,0.0
1109,3.159,0.0
1110,3.159,0.0
1111,3.159,0.0
1112,3.159,0.0
1113,3.159,0.0
1114,3.159,0.0
1115,3.159,0.0
1116,3.159,0.0
1117,3.159,0.0
1118,3.159,0.0
1119,3.159,0.0
1120,3.159,0.0
1121,3.159,0.0
1122,3.159,0.0
1123,3.159,0.0
1124,3.159,0.0
1125,3.159,0.0
1126,3.159,0.0
1127,3.159,0.0
1128,3.159,0.0
1129,3.159,0.0
1130,3.159,0.0
1131,3.159,0.0
1132,3.159,0.0
1133,3.159,0.0
1134,3.159,0.0
1135,3.159,0.0
1136,3.159,0.0
1137,3.159,0.0
1138,3.159,0.0
1139,3.159,0.0
1140,3.159,0.0
1141,3.159,0.0
1142,3.159,0.0
1143,3.159,0.0
1144,3.159,0.0
1145,3.159,0.0
1146,3.159,0.0
1147,3.159,0.0
1148,3.159,0.0
1149,3.159,0.0
1150,3.159,0.0
1151,3.159,0.0
1152,3.159,0.0
1153,3.159,0.0
1154,3.159,0.0
1155,3.159,0.0
1156,3.159,0.0
1157,3.159,0.0
1158,3.159,0.0
1159,3.159,0.0
1160,3.159,0.0
1161,3.159,0.0
1162,3.159,0.0
1163,3.159,0.0
1164,3.159,0.0
1165,3.159,0.0
1166,3.159,0.0
1167,3.159,0.0
1168,3.159,0.0
1169,3.159,0.0
1170,3.159,0.0
1171,3.159,0.0
1172,3.159,0.0
1173,3.159,0.0
1174,3.159,0.0
1175,3.159,0.0
1176,3.159,0.0
1177,3.159,0.0
1178,3.159,0.0
1179,3.159,0.0
1180,3.159,0.0
1181,3.159,0.0
1182,3.159,0.0
1183,3.159,0.0
1184,3.159,0.0
1185,3.159,0.0
1186,3.159,0.0
1187,3.159,0.0
1188,3.159,0.0
1189,3.159,0.0
1190,3.159,0.0
1191,3.159,0.0
1192,3.159,0.0
1193,3.159,0.0
1194,3.159,0.0
1195,3.159,0.0
1196,3.159,0.0
1197,3.159,0.0
1198,3.159,0.0
1199,3.159,0.0
1200,3.159,0.0
1201,3.159,0.0
1202,3.159,0.0
1203,3.159,0.0
1204,3.159,0.0
1205,3.159,0.0
1206,3.159,0.0
1207,3.159,0.0
1208,3.159,0.0
1209,3.159,0.0
1210,3.159,0.0
1211,3.159,0.0
1212,3.159,0.0
1213,3.159,0.0
1214,3.159,0.0
1215,3.159,0.0
1216,3.159,0.0
1217,3.159,0.0
1218,3.159,0.0
1219,3.159,0.0
1220,3.159,0.0
1221,3.159,0.0
1222,3.159,0.0
1223,3.159,0.0
1224,3.159,0.0
1225,3.159,0.0
1226,3.159,0.0
1227,3.159,0.0
1228,3.159,0.0
1229,3.159,0.0
1230,3.159,0.0
1231,3.159,0.0
1232,3.159,0.0
1233,3.159,0.0
1234,3.159,0.0
1235,3.159,0.0
1236,3.159,0.0
1237,3.159,0.0
1238,3.159,0.0
1239,3.159,0.0
1240,3.159,0.0
1241,3.159,0.0
1242,3.159,0.0
1243,3.159,0.0
1244,3.159,0.0
1245,3.159,0.0
1246,3.159,0.0
1247,3.159,0.0
1248,3.159,0.0
1249,3.159,0.0
1250,3.159,0.0
1251,3.159,0.0
1252,3.159,0.0
1253,3.159,0.0
1254,3.159,0.0
1255,3.159,0.0
1256,3.159,0.0
1257,3.159,0.0
1258,3.159,0.0
1259,3.159,0.0
1260,3.159,0.0
1261,3.159,0.0
1262,3.159,0.0
1263,3.159,0.0
1264,3.159,0.0
1265,3.159,0.0
1266,3.159,0.0
1267,3.159,0.0
1268,3.159,0.0
1269,3.159,0.0
1270,3.159,0.0
1271,3.159,0.0
1272,3.159,0.0
1273,3.159,0.0
1274,3.159,0.0
1275,3.159,0.0
1276,3.159,0.0
1277,3.159,0.0
1278,3.159,0.0
1279,3.159,0.0
1280,3.159,0.0
1281,3.159,0.0
1282,3.159,0.0
1283,3.159,0.0
1284,3.159,0.0
1285,3.159,0.0
1286,3.159,0.0
1287,3.159,0.0
1288,3.159,0.0
1289,3.159,0.0
1290,3.159,0.0
1291,3.159,0.0
1292,3.159,0.0
1293,3.159,0.0
1294,3.159,0.0
1295,3.159,0.0
1296,3.159,0.0
1297,3.159,0.0
1298,3.159,0.0
1299,3.159,0.0
1300,3.159,0.0
1301,3.159,0.0
1302,3.159,0.0
1303,3.159,0.0
1304,3.159,0.0
1305,3.159,0.0
1306,3.159,0.0
1307,3.159,0.0
1308,3.159,0.0
1309,3.159,0.0
1310,3.159,0.0
1311,3.159,0.0
1312,3.159,0.0
1313,3.159,0.0
1314,3.159,0.0
1315,3.159,0.0
1316,3.159,0.0
1317,3.159,0.0
1318,3.159,0.0
1319,3.159,0.0
1320,3.159,0.0
1321,3.159,0.0
1322,3.159,0.0
1323,3.159,0.0
1324,3.159,0.0
1325,3.159,0.0
1326,3.159,0.0
1327,3.159,0.0
1328,3.159,0.0
1329,3.159,0.0
1330,3.159,0.0
1331,3.159,0.0
1332,3.159,0.0
1333,3.159,0.0
1334,3.159,0.0
1335,3.159,0.0
1336,3.159,0.0
1337,3.159,0.0
1338,3.159,0.0
1339,3.159,0.0
1340,3.159,0.0
1341,3.159,0.0
1342,3.159,0.0
1343,3.159,0.0
1344,3.159,0.0
1345,2.4435,0.0
1346,2.4435,0.0
1347,2.4435,0.0
1348,2.4435,0.0
1349,2.4435,0.0
1350,2.4435,0.0
1351,2.4435,0.0
1352,2.4435,0.0
1353,2.4435,0.0
1354,2.4435,0.0
1355,2.4435,0.0
1356,2.4435,0.0
1357,2.4435,0.0
1358,2.4435,0.0
1359,2.4435,0.0
1360,2.4435,0.0
1361,2.4435,0.0
1362,2.4435,0.0
1363,2.4435,0.0
1364,2.4435,0.0
1365,2.4435,0.0
1366,2.4435,0.0
1367,2.4435,0.0
1368,2.4435,0.0
1369,2.4435,0.0
1370,2.4435,0.0
1371,2.4435,0.0
1372,2.4435,0.0
1373,2.4435,0.0
1374,2.4435,0.0
1375,2.4435,0.0
1376,2.4435,0.0
1377,2.4435,0.0
1378,2.4435,0.0
1379,2.4435,0.0
1380,2.4435,0.0
1381,2.4435,0.0
1382,2.4435,0.0
1383,2.4435,0.0
1384,2.4435,0.0
1385,2.4435,0.0
1386,2.4435,0.0
1387,2.4435,0.0
1388,2.4435,0.0
1389,2.4435,0.0
1390,2.4435,0.0
1391,2.4435,0.0
1392,2.4435,0.0
1393,2.4435,0.0
1394,2.4435,0.0
1395,2.4435,0.0
1396,2.4435,0.0
1397,2.4435,0.0
1398,2.4435,0.0
1399,2.4435,0.0
1400,2.4435,0.0
1401,2.4435,0.0
1402,2.4435,0.0
1403,2.4435,0.0
1404,2.4435,0.0
1405,2.4435,0.0
1406,2.4435,0.0
1407,2.4435,0.0
1408,2.4435,0.0
1409,2.4435,0.0
1410,2.4435,0.0
1411,2.4435,0.0
1412,2.4435,0.0
1413,2.4435,0.0
1414,2.4435,0.0
1415,2.4435,0.0
1416,2.4435,0.0
1417,2.4435,0.0
1418,2.4435,0.0
1419,2.4435,0.0
1420,2.4435,0.0
1421,2.4435,0.0
1422,2.4435,0.0
1423,2.4435,0.0
1424,2.4435,0.0
1425,2.4435,0.0
1426,2.4435,0.0
1427,2.4435,0.0
1428,2.4435,0.0
1429,2.4435,0.0
1430,2.4435,0.0
1431,2.4435,0.0
1432,2.4435,0.0
1433,2.4435,0.0
1434,2.4435,0.0
1435,2.4435,0.0
1436,2.4435,0.0
1437,2.4435,0.0
1438,2.4435,0.0
1439,2.4435,0.0
1440,2.4435,0.0
1441,2.4435,0.0
1442,2.4435,0.0
1443,2.4435,0.0
1444,2.4435,0.0
1445,2.4435,0.0
1446,2.4435,0.0
1447,2.4435,0.0
1448,2.4435,0.0
1449,2.4435,0.0
1450,2.4435,0.0
1451,2.4435,0.0
1452,2.4435,0.0
1453,2.4435,0.0
1454,2.4435,0.0
1455,2.4435,0.0
1456,2.4435,0.0
1457,2.4435,0.0
1458,2.4435,0.0
1459,2.4435,0.0
1460,2.4435,0.0
1461,2.4435,0.0
1462,2.4435,0.0
1463,2.4435,0.0
1464,2.4435,0.0
1465,2.4435,0.0
1466,2.4435,0.0
1467,2.4435,0.0
1468,2.4435,0.0
1469,2.4435,0.0
1470,2.4435,0.0
1471,2.4435,0.0
1472,2.4435,0.0
1473,2.4435,0.0
1474,2.4435,0.0
1475,2.4435,0.0
1476,2.4435,0.0
1477,2.4435,0.0
1478,2.4435,0.0
1479,2.4435,0.0
1480,2.4435,0.0
1481,2.4435,0.0
1482,2.4435,0.0
1483,2.4435,0.0
1484,2.4435,0.0
1485,2.4435,0.0
1486,2.4435,0.0
1487,2.4435,0.0
1488,2.4435,0.0
1489,2.4435,0.0
1490,2.4435,0.0
1491,2.4435,0.0
1492,2.4435,0.0
1493,2.4435,0.0
1494,2.4435,0.0
1495,2.4435,0.0
1496,2.4435,0.0
1497,2.4435,0.0
1498,2.4435,0.0
1499,2.4435,0.0
1500,2.4435,0.0
1501,2.4435,0.0
1502,2.4435,0.0
1503,2.4435,0.0
1504,2.4435,0.0
1505,2.4435,0.0
1506,2.4435,0.0
1507,2.4435,0.0
1508,2.4435,0.0
1509,2.4435,0.0
1510,2.4435,0.0
1511,2.4435,0.0
1512,2.4435,0.0
1513,3.699,0.0
1514,3.699,0.0
1515,3.699,0.0
1516,3.699,0.0
1517,3.699,0.0
1518,3.699,0.0
1519,3.699,0.0
1520,3.699,0.0
1521,3.699,0.0
1522,3.699,0.0
1523,3.699,0.0
1524,3.699,0.0
1525,3.699,0.0
1526,3.699,0.0
1527,3.699,0.0
1528,3.699,0.0
1529,3.699,0.0
1530,3.699,0.0
1531,3.699,0.0
1532,3.699,0.0
1533,3.699,0.0
1534,3.699,0.0
1535,3.699,0.0
1536,3.699,0.0
1537,3.699,0.0
1538,3.699,0.0
1539,3.699,0.0
1540,3.699,0.0
1541,3.699,0.0
1542,3.699,0.0
1543,3.699,0.0
1544,3.699,0.0
1545,3.699,0.0
1546,3.699,0.0
1547,3.699,0.0
1548,3.699,0.0
1549,3.699,0.0
1550,3.699,0.0
1551,3.699,0.0
1552,3.699,0.0
1553,3.699,0.0
1554,3.699,0.0
1555,3.699,0.0
1556,3.699,0.0
1557,3.699,0.0
1558,3.699,0.0
1559,3.699,0.0
1560,3.699,0.0
1561,3.699,0.0
1562,3.699,0.0
1563,3.699,0.0
1564,3.699,0.0
1565,3.699,0.0
1566,3.699,0.0
1567,3.699,0.0
1568,3.699,0.0
1569,3.699,0.0
1570,3.699,0.0
1571,3.699,0.0
1572,3.699,0.0
1573,3.699,0.0
1574,3.699,0.0
1575,3.699,0.0
1576,3.699,0.0
1577,3.699,0.0
1578,3.699,0.0
1579,3.699,0.0
1580,3.699,0.0
1581,3.699,0.0
1582,3.699,0.0
1583,3.699,0.0
1584,3.699,0.0
1585,3.699,0.0
1586,3.699,0.0
1587,3.699,0.0
1588,3.699,0.0
1589,3.699,0.0
1590,3.699,0.0
1591,3.699,0.0
1592,3.699,0.0
1593,3.699,0.0
1594,3.699,0.0
1595,3.699,0.0
1596,3.699,0.0
1597,3.699,0.0
1598,3.699,0.0
1599,3.699,0.0
1600,3.699,0.0
1601,3.699,0.0
1602,3.699,0.0
1603,3.699,0.0
1604,3.699,0.0
1605,3.699,0.0
1606,3.699,0.0
1607,3.699,0.0
1608,3.699,0.0
1609,3.699,0.0
1610,3.699,0.0
1611,3.699,0.0
1612,3.699,0.0
1613,3.699,0.0
1614,3.699,0.0
1615,3.699,0.0
1616,3.699,0.0
1617,3.699,0.0
1618,3.699,0.0
1619,3.699,0.0
1620,3.699,0.0
1621,3.699,0.0
1622,3.699,0.0
1623,3.699,0.0
1624,3.699,0.0
1625,3.699,0.0
1626,3.699,0.0
1627,3.699,0.0
1628,3.699,0.0
1629,3.699,0.0
1630,3.699,0.0
1631,3.699,0.0
1632,3.699,0.0
1633,3.699,0.0
1634,3.699,0.0
1635,3.699,0.0
1636,3.699,0.0
1637,3.699,0.0
1638,3.699,0.0
1639,3.699,0.0
1640,3.699,0.0
1641,3.699,0.0
1642,3.699,0.0
1643,3.699,0.0
1644,3.699,0.0
1645,3.699,0.0
1646,3.699,0.0
1647,3.699,0.0
1648,3.699,0.0
1649,3.699,0.0
1650,3.699,0.0
1651,3.699,0.0
1652,3.699,0.0
1653,3.699,0.0
1654,3.699,0.0
1655,3.699,0.0
1656,3.699,0.0
1657,5.778,0.0
1658,5.778,0.0
1659,5.778,0.0
1660,5.778,0.0
1661,5.778,0.0
1662,5.778,0.0
1663,5.778,0.0
1664,5.778,0.0
1665,5.778,0.0
1666,5.778,0.0
1667,5.778,0.0
1668,5.778,0.0
1669,5.778,0.0
1670,5.778,0.0
1671,5.778,0.0
1672,5.778,0.0
1673,5.778,0.0
1674,5.778,0.0
1675,5.778,0.0
1676,5.778,0.0
1677,5.778,0.0
1678,5.778,0.0
1679,5.778,0.0
1680,5.778,0.0
1681,5.778,0.0
1682,5.778,0.0
1683,5.778,0.0
1684,5.778,0.0
1685,5.778,0.0
1686,5.778,0.0
1687,5.778,0.0
1688,5.778,0.0
1689,5.778,0.0
1690,5.778,0.0
1691,5.778,0.0
1692,5.778,0.0
1693,5.778,0.0
1694,5.778,0.0
1695,5.778,0.0
1696,5.778,0.0
1697,5.778,0.0
1698,5.778,0.0
1699,5.778,0.0
1700,5.778,0.0
1701,5.778,0.0
1702,5.778,0.0
1703,5.778,0.0
1704,5.778,0.0
1705,5.778,0.0
1706,5.778,0.0
1707,5.778,0.0
1708,5.778,0.0
1709,5.778,0.0
1710,5.778,0.0
1711,5.778,0.0
1712,5.778,0.0
1713,5.778,0.0
1714,5.778,0.0
1715,5.778,0.0
1716,5.778,0.0
1717,5.778,0.0
1718,5.778,0.0
1719,5.778,0.0
1720,5.778,0.0
1721,5.778,0.0
1722,5.778,0.0
1723,5.778,0.0
1724,5.778,0.0
1725,5.778,0.0
1726,5.778,0.0
1727,5.778,0.0
1728,5.778,0.0
1729,5.778,0.0
1730,5.778,0.0
1731,5.778,0.0
1732,5.778,0.0
1733,5.778,0.0
1734,5.778,0.0
1735,5.778,0.0
1736,5.778,0.0
1737,5.778,0.0
1738,5.778,0.0
1739,5.778,0.0
1740,5.778,0.0
1741,5.778,0.0
1742,5.778,0.0
1743,5.778,0.0
1744,5.778,0.0
1745,5.778,0.0
1746,5.778,0.0
1747,5.778,0.0
1748,5.778,0.0
1749,5.778,0.0
1750,5.778,0.0
1751,5.778,0.0
1752,5.778,0.0
1753,5.778,0.0
1754,5.778,0.0
1755,5.778,0.0
1756,5.778,0.0
1757,5.778,0.0
1758,5.778,0.0
1759,5.778,0.0
1760,5.778,0.0
1761,5.778,0.0
1762,5.778,0.0
1763,5.778,0.0
1764,5.778,0.0
1765,5.778,0.0
1766,5.778,0.0
1767,5.778,0.0
1768,5.778,0.0
1769,5.778,0.0
1770,5.778,0.0
1771,5.778,0.0
1772,5.778,0.0
1773,5.778,0.0
1774,5.778,0.0
1775,5.778,0.0
1776,5.778,0.0
1777,5.778,0.0
1778,5.778,0.0
1779,5.778,0.0
1780,5.778,0.0
1781,5.778,0.0
1782,5.778,0.0
1783,5.778,0.0
1784,5.778,0.0
1785,5.778,0.0
1786,5.778,0.0
1787,5.778,0.0
1788,5.778,0.0
1789,5.778,0.0
1790,5.778,0.0
1791,5.778,0.0
1792,5.778,0.0
1793,5.778,0.0
1794,5.778,0.0
1795,5.778,0.0
1796,5.778,0.0
1797,5.778,0.0
1798,5.778,0.0
1799,5.778,0.0
1800,5.778,0.0
1801,5.778,0.0
1802,5.778,0.0
1803,5.778,0.0
1804,5.778,0.0
1805,5.778,0.0
1806,5.778,0.0
1807,5.778,0.0
1808,5.778,0.0
1809,5.778,0.0
1810,5.778,0.0
1811,5.778,0.0
1812,5.778,0.0
1813,5.778,0.0
1814,5.778,0.0
1815,5.778,0.0
1816,5.778,0.0
1817,5.778,0.0
1818,5.778,0.0
1819,5.778,0.0
1820,5.778,0.0
1821,5.778,0.0
1822,5.778,0.0
1823,5.778,0.0
1824,5.778,0.0
1825,5.778,0.0
1826,5.778,0.0
1827,5.778,0.0
1828,5.778,0.0
1829,5.778,0.0
1830,5.778,0.0
1831,5.778,0.0
1832,5.778,0.0
1833,5.778,0.0
1834,5.778,0.0
1835,5.778,0.0
1836,5.778,0.0
1837,5.778,0.0
1838,5.778,0.0
1839,5.778,0.0
1840,5.778,0.0
1841,5.778,0.0
1842,5.778,0.0
1843,5.778,0.0
1844,5.778,0.0
1845,5.778,0.0
1846,5.778,0.0
1847,5.778,0.0
1848,5.778,0.0
