region,Resource,technology,cluster,R_ID,Zone,Num_VRE_Bins,THERM,VRE,MUST_RUN,STOR,FLEX,HYDRO,LDS,CapRes_1,Min_Share,Max_Share,Existing_Cap_MWh,Existing_Cap_MW,Existing_Charge_Cap_MW,num_units,unmodified_existing_cap_mw,New_Build,Cap_Size,Min_Cap_MW,Max_Cap_MW,Max_Cap_MWh,Min_Cap_MWh,Max_Charge_Cap_MW,Min_Charge_Cap_MW,Min_Share_percent,Max_Share_percent,capex_mw,Inv_Cost_per_MWyr,Fixed_OM_Cost_per_MWyr,capex_mwh,Inv_Cost_per_MWhyr,Fixed_OM_Cost_per_MWhyr,Var_OM_Cost_per_MWh,Var_OM_Cost_per_MWh_In,Inv_Cost_Charge_per_MWyr,Fixed_OM_Cost_Charge_per_MWyr,Start_Cost_per_MW,Start_Fuel_MMBTU_per_MW,Heat_Rate_MMBTU_per_MWh,heat_rate_mmbtu_mwh_iqr,heat_rate_mmbtu_mwh_std,Fuel,Min_Power,Self_Disch,Eff_Up,Eff_Down,Hydro_Energy_to_Power_Ratio,Min_Duration,Max_Duration,Reg_Max,Rsv_Max,Reg_Cost,Rsv_Cost,Max_Flexible_Demand_Delay,Max_Flexible_Demand_Advance,Flexible_Demand_Energy_Eff,CO2_Capture_Rate,CO2_Capture_Cost_per_Metric_Ton,Ramp_Up_Percentage,Ramp_Dn_Percentage,Up_Time,Down_Time,spur_miles,spur_capex,offshore_spur_miles,offshore_spur_capex,tx_miles,tx_capex,interconnect_annuity,regional_cost_multiplier,cap_recovery_years,wacc_real,ids,MISO_CleanPower,NY_CleanPower,PJM_CleanPower,SERC_CleanPower,variable_CF,RETRO,Num_RETRO_Sources,Retro1_Source,Retro1_Efficiency,Retro1_Inv_Cost_per_MWyr,Retro2_Source,Retro2_Efficiency,Retro2_Inv_Cost_per_MWyr
TRE,TRE_naturalgas_ccavgcf_moderate_0,NaturalGas_CCAvgCF_Moderate,0,54,1,0,1,0,0,0,0,0,0,0.93,0,0,0,0,0,0,0,1,500,0,-1,-1,0,0,0,0,0,950995.911,51116,28000,0,0,0,2,0,0,0,106,2,6.36,0,0,west_south_central_naturalgas,0.3,0,1,1,0,0,0,0,0,0,0,0,0,0,0,0,0.64,0.64,6,6,10,43330,0,0,0,0,0,0.889,30,0.039,0,0,0,0,0,0,0,0,0,0,0,0,0,0
TRE,TRE_naturalgas_ctavgcf_moderate_0,NaturalGas_CTAvgCF_Moderate,0,55,1,0,1,0,0,0,0,0,0,0.93,0,0,0,0,0,0,0,1,100,0,-1,-1,0,0,0,0,0,834771.199,44777,21000,0,0,0,5,0,0,0,137,3.5,9.72,0,0,west_south_central_naturalgas,0.3,0,1,1,0,0,0,0,0,0,0,0,0,0,0,0,3.78,3.78,1,1,10,43330,0,0,0,0,0,0.882,30,0.039,0,0,0,0,0,0,0,0,0,0,0,0,0,0
TRE,TRE_battery_moderate_0,Battery_*_Moderate,0,56,1,0,0,0,0,1,0,0,0,0.95,0,0,0,0,0,0,0,1,1,0,-1,-1,0,0,0,0,0,174652.09,14260,6043,168658.493,13771,5835,0.15,0.15,0,0,0,0,0,0,0,None,0,0,0.92,0.92,0,1,10,0,0,0,0,0,0,0,0,0,1,1,0,0,0,0,0,0,0,0,0,1,15,0.026,0,0,0,0,0,0,0,0,0,0,0,0,0,0
TRE,TRE_nuclear_nuclear_moderate_0,Nuclear_Nuclear_Moderate,0,57,1,0,1,0,0,0,0,0,0,0.93,0,0,0,0,0,0,0,0,2000,0,-1,-1,0,0,0,0,0,7142974.911,304067,145960,0,0,0,2.84,0,0,0,285,0,10.44,0,0,west_south_central_uranium,0.5,0,1,1,0,0,0,0.041666667,0.083333333,0,0,0,0,0,0,0,0.25,0.25,24,24,0,0,0,0,0,0,0,0.944,40,0.032,0,0,0,0,0,0,0,0,0,0,0,0,0,0
TRE,TRE_landbasedwind_class1_moderate_1,LandbasedWind_Class1_Moderate,1,58,1,1,0,1,0,0,0,0,0,0.8,0,0,0,0,0,0,0,1,1,0,1502.9,-1,0,0,0,0,0,1257200,87540,41380,0,0,0,-9.67,0,0,0,0,0,0,0,0,None,0,0,1,1,0,0,0,0,0,0,0,0,0,0,0,0,1,1,0,0,0,0,0,0,0,0,20800.865,0.933,30,0.038,0,0,0,0,0,0.427182436,0,0,0,0,0,0,0,0
TRE,TRE_landbasedwind_class1_moderate_2,LandbasedWind_Class1_Moderate,2,59,1,1,0,1,0,0,0,0,0,0.8,0,0,0,0,0,0,0,1,1,0,856.1,-1,0,0,0,0,0,1257200,82166,41380,0,0,0,-9.67,0,0,0,0,0,0,0,0,None,0,0,1,1,0,0,0,0,0,0,0,0,0,0,0,0,1,1,0,0,0,0,0,0,0,0,15426.201,0.933,30,0.038,0,0,0,0,0,0.441976339,0,0,0,0,0,0,0,0
TRE,TRE_landbasedwind_class1_moderate_3,LandbasedWind_Class1_Moderate,3,60,1,1,0,1,0,0,0,0,0,0.8,0,0,0,0,0,0,0,1,1,0,189,-1,0,0,0,0,0,1257200,83758,41380,0,0,0,-9.67,0,0,0,0,0,0,0,0,None,0,0,1,1,0,0,0,0,0,0,0,0,0,0,0,0,1,1,0,0,0,0,0,0,0,0,17018.102,0.933,30,0.038,0,0,0,0,0,0.45251739,0,0,0,0,0,0,0,0
TRE,TRE_landbasedwind_class1_moderate_4,LandbasedWind_Class1_Moderate,4,61,1,1,0,1,0,0,0,0,0,0.8,0,0,0,0,0,0,0,1,1,0,759.2,-1,0,0,0,0,0,1257200,83050,41380,0,0,0,-9.67,0,0,0,0,0,0,0,0,None,0,0,1,1,0,0,0,0,0,0,0,0,0,0,0,0,1,1,0,0,0,0,0,0,0,0,16310.886,0.933,30,0.038,0,0,0,0,0,0.403602421,0,0,0,0,0,0,0,0
TRE,TRE_landbasedwind_class1_moderate_5,LandbasedWind_Class1_Moderate,5,62,1,1,0,1,0,0,0,0,0,0.8,0,0,0,0,0,0,0,1,1,0,14.6,-1,0,0,0,0,0,1257200,88026,41380,0,0,0,-9.67,0,0,0,0,0,0,0,0,None,0,0,1,1,0,0,0,0,0,0,0,0,0,0,0,0,1,1,0,0,0,0,0,0,0,0,21286.835,0.933,30,0.038,0,0,0,0,0,0.430803508,0,0,0,0,0,0,0,0
TRE,TRE_landbasedwind_class1_moderate_6,LandbasedWind_Class1_Moderate,6,63,1,1,0,1,0,0,0,0,0,0.8,0,0,0,0,0,0,0,1,1,0,1179,-1,0,0,0,0,0,1257200,84362,41380,0,0,0,-9.67,0,0,0,0,0,0,0,0,None,0,0,1,1,0,0,0,0,0,0,0,0,0,0,0,0,1,1,0,0,0,0,0,0,0,0,17622.831,0.933,30,0.038,0,0,0,0,0,0.443238348,0,0,0,0,0,0,0,0
TRE,TRE_landbasedwind_class1_moderate_7,LandbasedWind_Class1_Moderate,7,64,1,1,0,1,0,0,0,0,0,0.8,0,0,0,0,0,0,0,1,1,0,150.5,-1,0,0,0,0,0,1257200,83984,41380,0,0,0,-9.67,0,0,0,0,0,0,0,0,None,0,0,1,1,0,0,0,0,0,0,0,0,0,0,0,0,1,1,0,0,0,0,0,0,0,0,17244.298,0.933,30,0.038,0,0,0,0,0,0.446680576,0,0,0,0,0,0,0,0
TRE,TRE_landbasedwind_class1_moderate_8,LandbasedWind_Class1_Moderate,8,65,1,1,0,1,0,0,0,0,0,0.8,0,0,0,0,0,0,0,1,1,0,100.4,-1,0,0,0,0,0,1257200,94329,41380,0,0,0,-9.67,0,0,0,0,0,0,0,0,None,0,0,1,1,0,0,0,0,0,0,0,0,0,0,0,0,1,1,0,0,0,0,0,0,0,0,27589.694,0.933,30,0.038,0,0,0,0,0,0.473296285,0,0,0,0,0,0,0,0
TRE,TRE_landbasedwind_class1_moderate_9,LandbasedWind_Class1_Moderate,9,66,1,1,0,1,0,0,0,0,0,0.8,0,0,0,0,0,0,0,1,1,0,62.4,-1,0,0,0,0,0,1257200,85509,41380,0,0,0,-9.67,0,0,0,0,0,0,0,0,None,0,0,1,1,0,0,0,0,0,0,0,0,0,0,0,0,1,1,0,0,0,0,0,0,0,0,18769.897,0.933,30,0.038,0,0,0,0,0,0.413798898,0,0,0,0,0,0,0,0
TRE,TRE_landbasedwind_class1_moderate_10,LandbasedWind_Class1_Moderate,10,67,1,1,0,1,0,0,0,0,0,0.8,0,0,0,0,0,0,0,1,1,0,722.3,-1,0,0,0,0,0,1257200,81943,41380,0,0,0,-9.67,0,0,0,0,0,0,0,0,None,0,0,1,1,0,0,0,0,0,0,0,0,0,0,0,0,1,1,0,0,0,0,0,0,0,0,15203.674,0.933,30,0.038,0,0,0,0,0,0.436490297,0,0,0,0,0,0,0,0
TRE,TRE_landbasedwind_class1_moderate_11,LandbasedWind_Class1_Moderate,11,68,1,1,0,1,0,0,0,0,0,0.8,0,0,0,0,0,0,0,1,1,0,314.7,-1,0,0,0,0,0,1257200,92866,41380,0,0,0,-9.67,0,0,0,0,0,0,0,0,None,0,0,1,1,0,0,0,0,0,0,0,0,0,0,0,0,1,1,0,0,0,0,0,0,0,0,26126.099,0.933,30,0.038,0,0,0,0,0,0.428149462,0,0,0,0,0,0,0,0
TRE,TRE_landbasedwind_class1_moderate_12,LandbasedWind_Class1_Moderate,12,69,1,1,0,1,0,0,0,0,0,0.8,0,0,0,0,0,0,0,1,1,0,252,-1,0,0,0,0,0,1257200,84314,41380,0,0,0,-9.67,0,0,0,0,0,0,0,0,None,0,0,1,1,0,0,0,0,0,0,0,0,0,0,0,0,1,1,0,0,0,0,0,0,0,0,17574.225,0.933,30,0.038,0,0,0,0,0,0.441593796,0,0,0,0,0,0,0,0
TRE,TRE_landbasedwind_class1_moderate_13,LandbasedWind_Class1_Moderate,13,70,1,1,0,1,0,0,0,0,0,0.8,0,0,0,0,0,0,0,1,1,0,590.1,-1,0,0,0,0,0,1257200,91956,41380,0,0,0,-9.67,0,0,0,0,0,0,0,0,None,0,0,1,1,0,0,0,0,0,0,0,0,0,0,0,0,1,1,0,0,0,0,0,0,0,0,25216.653,0.933,30,0.038,0,0,0,0,0,0.459355086,0,0,0,0,0,0,0,0
TRE,TRE_landbasedwind_class1_moderate_14,LandbasedWind_Class1_Moderate,14,71,1,1,0,1,0,0,0,0,0,0.8,0,0,0,0,0,0,0,1,1,0,1710.9,-1,0,0,0,0,0,1257200,89962,41380,0,0,0,-9.67,0,0,0,0,0,0,0,0,None,0,0,1,1,0,0,0,0,0,0,0,0,0,0,0,0,1,1,0,0,0,0,0,0,0,0,23222.974,0.933,30,0.038,0,0,0,0,0,0.435137808,0,0,0,0,0,0,0,0
TRE,TRE_landbasedwind_class1_moderate_15,LandbasedWind_Class1_Moderate,15,72,1,1,0,1,0,0,0,0,0,0.8,0,0,0,0,0,0,0,1,1,0,560.1,-1,0,0,0,0,0,1257200,81498,41380,0,0,0,-9.67,0,0,0,0,0,0,0,0,None,0,0,1,1,0,0,0,0,0,0,0,0,0,0,0,0,1,1,0,0,0,0,0,0,0,0,14758.918,0.933,30,0.038,0,0,0,0,0,0.385832042,0,0,0,0,0,0,0,0
TRE,TRE_landbasedwind_class1_moderate_16,LandbasedWind_Class1_Moderate,16,73,1,1,0,1,0,0,0,0,0,0.8,0,0,0,0,0,0,0,1,1,0,172.5,-1,0,0,0,0,0,1257200,84579,41380,0,0,0,-9.67,0,0,0,0,0,0,0,0,None,0,0,1,1,0,0,0,0,0,0,0,0,0,0,0,0,1,1,0,0,0,0,0,0,0,0,17839.04,0.933,30,0.038,0,0,0,0,0,0.394251734,0,0,0,0,0,0,0,0
TRE,TRE_landbasedwind_class1_moderate_17,LandbasedWind_Class1_Moderate,17,74,1,1,0,1,0,0,0,0,0,0.8,0,0,0,0,0,0,0,1,1,0,1821.7,-1,0,0,0,0,0,1257200,76153,41380,0,0,0,-9.67,0,0,0,0,0,0,0,0,None,0,0,1,1,0,0,0,0,0,0,0,0,0,0,0,0,1,1,0,0,0,0,0,0,0,0,9413.727,0.933,30,0.038,0,0,0,0,0,0.384405404,0,0,0,0,0,0,0,0
TRE,TRE_landbasedwind_class1_moderate_18,LandbasedWind_Class1_Moderate,18,75,1,1,0,1,0,0,0,0,0,0.8,0,0,0,0,0,0,0,1,1,0,194.6,-1,0,0,0,0,0,1257200,77133,41380,0,0,0,-9.67,0,0,0,0,0,0,0,0,None,0,0,1,1,0,0,0,0,0,0,0,0,0,0,0,0,1,1,0,0,0,0,0,0,0,0,10393.224,0.933,30,0.038,0,0,0,0,0,0.388395339,0,0,0,0,0,0,0,0
TRE,TRE_landbasedwind_class1_moderate_19,LandbasedWind_Class1_Moderate,19,76,1,1,0,1,0,0,0,0,0,0.8,0,0,0,0,0,0,0,1,1,0,924.8,-1,0,0,0,0,0,1257200,81070,41380,0,0,0,-9.67,0,0,0,0,0,0,0,0,None,0,0,1,1,0,0,0,0,0,0,0,0,0,0,0,0,1,1,0,0,0,0,0,0,0,0,14330.294,0.933,30,0.038,0,0,0,0,0,0.450176686,0,0,0,0,0,0,0,0
TRE,TRE_landbasedwind_class1_moderate_20,LandbasedWind_Class1_Moderate,20,77,1,1,0,1,0,0,0,0,0,0.8,0,0,0,0,0,0,0,1,1,0,218.2,-1,0,0,0,0,0,1257200,74087,41380,0,0,0,-9.67,0,0,0,0,0,0,0,0,None,0,0,1,1,0,0,0,0,0,0,0,0,0,0,0,0,1,1,0,0,0,0,0,0,0,0,7347.122,0.933,30,0.038,0,0,0,0,0,0.398186147,0,0,0,0,0,0,0,0
TRE,TRE_landbasedwind_class1_moderate_21,LandbasedWind_Class1_Moderate,21,78,1,1,0,1,0,0,0,0,0,0.8,0,0,0,0,0,0,0,1,1,0,1566.4,-1,0,0,0,0,0,1257200,81017,41380,0,0,0,-9.67,0,0,0,0,0,0,0,0,None,0,0,1,1,0,0,0,0,0,0,0,0,0,0,0,0,1,1,0,0,0,0,0,0,0,0,14277.168,0.933,30,0.038,0,0,0,0,0,0.420335382,0,0,0,0,0,0,0,0
TRE,TRE_landbasedwind_class1_moderate_22,LandbasedWind_Class1_Moderate,22,79,1,1,0,1,0,0,0,0,0,0.8,0,0,0,0,0,0,0,1,1,0,222.8,-1,0,0,0,0,0,1257200,74369,41380,0,0,0,-9.67,0,0,0,0,0,0,0,0,None,0,0,1,1,0,0,0,0,0,0,0,0,0,0,0,0,1,1,0,0,0,0,0,0,0,0,7629.921,0.933,30,0.038,0,0,0,0,0,0.42808032,0,0,0,0,0,0,0,0
TRE,TRE_landbasedwind_class1_moderate_23,LandbasedWind_Class1_Moderate,23,80,1,1,0,1,0,0,0,0,0,0.8,0,0,0,0,0,0,0,1,1,0,28.1,-1,0,0,0,0,0,1257200,75611,41380,0,0,0,-9.67,0,0,0,0,0,0,0,0,None,0,0,1,1,0,0,0,0,0,0,0,0,0,0,0,0,1,1,0,0,0,0,0,0,0,0,8871.976,0.933,30,0.038,0,0,0,0,0,0.446331173,0,0,0,0,0,0,0,0
TRE,TRE_landbasedwind_class1_moderate_24,LandbasedWind_Class1_Moderate,24,81,1,1,0,1,0,0,0,0,0,0.8,0,0,0,0,0,0,0,1,1,0,1308.8,-1,0,0,0,0,0,1257200,79217,41380,0,0,0,-9.67,0,0,0,0,0,0,0,0,None,0,0,1,1,0,0,0,0,0,0,0,0,0,0,0,0,1,1,0,0,0,0,0,0,0,0,12477.741,0.933,30,0.038,0,0,0,0,0,0.461854249,0,0,0,0,0,0,0,0
TRE,TRE_landbasedwind_class1_moderate_25,LandbasedWind_Class1_Moderate,25,82,1,1,0,1,0,0,0,0,0,0.8,0,0,0,0,0,0,0,1,1,0,1014.1,-1,0,0,0,0,0,1257200,77918,41380,0,0,0,-9.67,0,0,0,0,0,0,0,0,None,0,0,1,1,0,0,0,0,0,0,0,0,0,0,0,0,1,1,0,0,0,0,0,0,0,0,11178.554,0.933,30,0.038,0,0,0,0,0,0.463699132,0,0,0,0,0,0,0,0
TRE,TRE_landbasedwind_class1_moderate_26,LandbasedWind_Class1_Moderate,26,83,1,1,0,1,0,0,0,0,0,0.8,0,0,0,0,0,0,0,1,1,0,38,-1,0,0,0,0,0,1257200,86594,41380,0,0,0,-9.67,0,0,0,0,0,0,0,0,None,0,0,1,1,0,0,0,0,0,0,0,0,0,0,0,0,1,1,0,0,0,0,0,0,0,0,19854.637,0.933,30,0.038,0,0,0,0,0,0.38689512,0,0,0,0,0,0,0,0
TRE,TRE_landbasedwind_class1_moderate_27,LandbasedWind_Class1_Moderate,27,84,1,1,0,1,0,0,0,0,0,0.8,0,0,0,0,0,0,0,1,1,0,328,-1,0,0,0,0,0,1257200,72252,41380,0,0,0,-9.67,0,0,0,0,0,0,0,0,None,0,0,1,1,0,0,0,0,0,0,0,0,0,0,0,0,1,1,0,0,0,0,0,0,0,0,5512.103,0.933,30,0.038,0,0,0,0,0,0.364937484,0,0,0,0,0,0,0,0
TRE,TRE_landbasedwind_class1_moderate_28,LandbasedWind_Class1_Moderate,28,85,1,1,0,1,0,0,0,0,0,0.8,0,0,0,0,0,0,0,1,1,0,131.6,-1,0,0,0,0,0,1257200,78425,41380,0,0,0,-9.67,0,0,0,0,0,0,0,0,None,0,0,1,1,0,0,0,0,0,0,0,0,0,0,0,0,1,1,0,0,0,0,0,0,0,0,11685.453,0.933,30,0.038,0,0,0,0,0,0.388926327,0,0,0,0,0,0,0,0
TRE,TRE_landbasedwind_class1_moderate_29,LandbasedWind_Class1_Moderate,29,86,1,1,0,1,0,0,0,0,0,0.8,0,0,0,0,0,0,0,1,1,0,2985.7,-1,0,0,0,0,0,1257200,94835,41380,0,0,0,-9.67,0,0,0,0,0,0,0,0,None,0,0,1,1,0,0,0,0,0,0,0,0,0,0,0,0,1,1,0,0,0,0,0,0,0,0,28095.265,0.933,30,0.038,0,0,0,0,0,0.41507414,0,0,0,0,0,0,0,0
TRE,TRE_landbasedwind_class1_moderate_30,LandbasedWind_Class1_Moderate,30,87,1,1,0,1,0,0,0,0,0,0.8,0,0,0,0,0,0,0,1,1,0,1228,-1,0,0,0,0,0,1257200,90085,41380,0,0,0,-9.67,0,0,0,0,0,0,0,0,None,0,0,1,1,0,0,0,0,0,0,0,0,0,0,0,0,1,1,0,0,0,0,0,0,0,0,23345.131,0.933,30,0.038,0,0,0,0,0,0.452297091,0,0,0,0,0,0,0,0
TRE,TRE_landbasedwind_class1_moderate_31,LandbasedWind_Class1_Moderate,31,88,1,1,0,1,0,0,0,0,0,0.8,0,0,0,0,0,0,0,1,1,0,400.8,-1,0,0,0,0,0,1257200,78898,41380,0,0,0,-9.67,0,0,0,0,0,0,0,0,None,0,0,1,1,0,0,0,0,0,0,0,0,0,0,0,0,1,1,0,0,0,0,0,0,0,0,12158.025,0.933,30,0.038,0,0,0,0,0,0.392502248,0,0,0,0,0,0,0,0
TRE,TRE_landbasedwind_class1_moderate_32,LandbasedWind_Class1_Moderate,32,89,1,1,0,1,0,0,0,0,0,0.8,0,0,0,0,0,0,0,1,1,0,998.4,-1,0,0,0,0,0,1257200,82443,41380,0,0,0,-9.67,0,0,0,0,0,0,0,0,None,0,0,1,1,0,0,0,0,0,0,0,0,0,0,0,0,1,1,0,0,0,0,0,0,0,0,15703.063,0.933,30,0.038,0,0,0,0,0,0.470614284,0,0,0,0,0,0,0,0
TRE,TRE_landbasedwind_class1_moderate_33,LandbasedWind_Class1_Moderate,33,90,1,1,0,1,0,0,0,0,0,0.8,0,0,0,0,0,0,0,1,1,0,257.6,-1,0,0,0,0,0,1257200,74128,41380,0,0,0,-9.67,0,0,0,0,0,0,0,0,None,0,0,1,1,0,0,0,0,0,0,0,0,0,0,0,0,1,1,0,0,0,0,0,0,0,0,7388.343,0.933,30,0.038,0,0,0,0,0,0.399758995,0,0,0,0,0,0,0,0
TRE,TRE_landbasedwind_class1_moderate_34,LandbasedWind_Class1_Moderate,34,91,1,1,0,1,0,0,0,0,0,0.8,0,0,0,0,0,0,0,1,1,0,258.3,-1,0,0,0,0,0,1257200,83104,41380,0,0,0,-9.67,0,0,0,0,0,0,0,0,None,0,0,1,1,0,0,0,0,0,0,0,0,0,0,0,0,1,1,0,0,0,0,0,0,0,0,16364.153,0.933,30,0.038,0,0,0,0,0,0.404103994,0,0,0,0,0,0,0,0
TRE,TRE_landbasedwind_class1_moderate_35,LandbasedWind_Class1_Moderate,35,92,1,1,0,1,0,0,0,0,0,0.8,0,0,0,0,0,0,0,1,1,0,1257.1,-1,0,0,0,0,0,1257200,90233,41380,0,0,0,-9.67,0,0,0,0,0,0,0,0,None,0,0,1,1,0,0,0,0,0,0,0,0,0,0,0,0,1,1,0,0,0,0,0,0,0,0,23493.026,0.933,30,0.038,0,0,0,0,0,0.496879309,0,0,0,0,0,0,0,0
TRE,TRE_landbasedwind_class1_moderate_36,LandbasedWind_Class1_Moderate,36,93,1,1,0,1,0,0,0,0,0,0.8,0,0,0,0,0,0,0,1,1,0,178.3,-1,0,0,0,0,0,1257200,84581,41380,0,0,0,-9.67,0,0,0,0,0,0,0,0,None,0,0,1,1,0,0,0,0,0,0,0,0,0,0,0,0,1,1,0,0,0,0,0,0,0,0,17841.207,0.933,30,0.038,0,0,0,0,0,0.470852554,0,0,0,0,0,0,0,0
TRE,TRE_landbasedwind_class1_moderate_37,LandbasedWind_Class1_Moderate,37,94,1,1,0,1,0,0,0,0,0,0.8,0,0,0,0,0,0,0,1,1,0,43.8,-1,0,0,0,0,0,1257200,82668,41380,0,0,0,-9.67,0,0,0,0,0,0,0,0,None,0,0,1,1,0,0,0,0,0,0,0,0,0,0,0,0,1,1,0,0,0,0,0,0,0,0,15928.148,0.933,30,0.038,0,0,0,0,0,0.376212686,0,0,0,0,0,0,0,0
TRE,TRE_landbasedwind_class1_moderate_38,LandbasedWind_Class1_Moderate,38,95,1,1,0,1,0,0,0,0,0,0.8,0,0,0,0,0,0,0,1,1,0,21.7,-1,0,0,0,0,0,1257200,87377,41380,0,0,0,-9.67,0,0,0,0,0,0,0,0,None,0,0,1,1,0,0,0,0,0,0,0,0,0,0,0,0,1,1,0,0,0,0,0,0,0,0,20637.96,0.933,30,0.038,0,0,0,0,0,0.386963367,0,0,0,0,0,0,0,0
TRE,TRE_landbasedwind_class1_moderate_39,LandbasedWind_Class1_Moderate,39,96,1,1,0,1,0,0,0,0,0,0.8,0,0,0,0,0,0,0,1,1,0,79.9,-1,0,0,0,0,0,1257200,87284,41380,0,0,0,-9.67,0,0,0,0,0,0,0,0,None,0,0,1,1,0,0,0,0,0,0,0,0,0,0,0,0,1,1,0,0,0,0,0,0,0,0,20544.096,0.933,30,0.038,0,0,0,0,0,0.392563134,0,0,0,0,0,0,0,0
TRE,TRE_landbasedwind_class1_moderate_40,LandbasedWind_Class1_Moderate,40,97,1,1,0,1,0,0,0,0,0,0.8,0,0,0,0,0,0,0,1,1,0,14.7,-1,0,0,0,0,0,1257200,90810,41380,0,0,0,-9.67,0,0,0,0,0,0,0,0,None,0,0,1,1,0,0,0,0,0,0,0,0,0,0,0,0,1,1,0,0,0,0,0,0,0,0,24070.885,0.933,30,0.038,0,0,0,0,0,0.47054866,0,0,0,0,0,0,0,0
TRE,TRE_landbasedwind_class1_moderate_41,LandbasedWind_Class1_Moderate,41,98,1,1,0,1,0,0,0,0,0,0.8,0,0,0,0,0,0,0,1,1,0,2816.1,-1,0,0,0,0,0,1257200,91196,41380,0,0,0,-9.67,0,0,0,0,0,0,0,0,None,0,0,1,1,0,0,0,0,0,0,0,0,0,0,0,0,1,1,0,0,0,0,0,0,0,0,24456.422,0.933,30,0.038,0,0,0,0,0,0.455494642,0,0,0,0,0,0,0,0
TRE,TRE_landbasedwind_class1_moderate_42,LandbasedWind_Class1_Moderate,42,99,1,1,0,1,0,0,0,0,0,0.8,0,0,0,0,0,0,0,1,1,0,25.8,-1,0,0,0,0,0,1257200,72351,41380,0,0,0,-9.67,0,0,0,0,0,0,0,0,None,0,0,1,1,0,0,0,0,0,0,0,0,0,0,0,0,1,1,0,0,0,0,0,0,0,0,5611.532,0.933,30,0.038,0,0,0,0,0,0.45420745,0,0,0,0,0,0,0,0
TRE,TRE_landbasedwind_class1_moderate_43,LandbasedWind_Class1_Moderate,43,100,1,1,0,1,0,0,0,0,0,0.8,0,0,0,0,0,0,0,1,1,0,845.8,-1,0,0,0,0,0,1257200,78701,41380,0,0,0,-9.67,0,0,0,0,0,0,0,0,None,0,0,1,1,0,0,0,0,0,0,0,0,0,0,0,0,1,1,0,0,0,0,0,0,0,0,11961.981,0.933,30,0.038,0,0,0,0,0,0.387323976,0,0,0,0,0,0,0,0
TRE,TRE_landbasedwind_class1_moderate_44,LandbasedWind_Class1_Moderate,44,101,1,1,0,1,0,0,0,0,0,0.8,0,0,0,0,0,0,0,1,1,0,13.4,-1,0,0,0,0,0,1257200,72076,41380,0,0,0,-9.67,0,0,0,0,0,0,0,0,None,0,0,1,1,0,0,0,0,0,0,0,0,0,0,0,0,1,1,0,0,0,0,0,0,0,0,5336.356,0.933,30,0.038,0,0,0,0,0,0.413577676,0,0,0,0,0,0,0,0
TRE,TRE_landbasedwind_class1_moderate_45,LandbasedWind_Class1_Moderate,45,102,1,1,0,1,0,0,0,0,0,0.8,0,0,0,0,0,0,0,1,1,0,2292.7,-1,0,0,0,0,0,1257200,85894,41380,0,0,0,-9.67,0,0,0,0,0,0,0,0,None,0,0,1,1,0,0,0,0,0,0,0,0,0,0,0,0,1,1,0,0,0,0,0,0,0,0,19154.214,0.933,30,0.038,0,0,0,0,0,0.459475964,0,0,0,0,0,0,0,0
TRE,TRE_landbasedwind_class1_moderate_46,LandbasedWind_Class1_Moderate,46,103,1,1,0,1,0,0,0,0,0,0.8,0,0,0,0,0,0,0,1,1,0,884.8,-1,0,0,0,0,0,1257200,78685,41380,0,0,0,-9.67,0,0,0,0,0,0,0,0,None,0,0,1,1,0,0,0,0,0,0,0,0,0,0,0,0,1,1,0,0,0,0,0,0,0,0,11945.729,0.933,30,0.038,0,0,0,0,0,0.467332065,0,0,0,0,0,0,0,0
TRE,TRE_landbasedwind_class1_moderate_47,LandbasedWind_Class1_Moderate,47,104,1,1,0,1,0,0,0,0,0,0.8,0,0,0,0,0,0,0,1,1,0,996.6,-1,0,0,0,0,0,1257200,81575,41380,0,0,0,-9.67,0,0,0,0,0,0,0,0,None,0,0,1,1,0,0,0,0,0,0,0,0,0,0,0,0,1,1,0,0,0,0,0,0,0,0,14835.505,0.933,30,0.038,0,0,0,0,0,0.462682068,0,0,0,0,0,0,0,0
TRE,TRE_landbasedwind_class1_moderate_48,LandbasedWind_Class1_Moderate,48,105,1,1,0,1,0,0,0,0,0,0.8,0,0,0,0,0,0,0,1,1,0,355.1,-1,0,0,0,0,0,1257200,76859,41380,0,0,0,-9.67,0,0,0,0,0,0,0,0,None,0,0,1,1,0,0,0,0,0,0,0,0,0,0,0,0,1,1,0,0,0,0,0,0,0,0,10119.764,0.933,30,0.038,0,0,0,0,0,0.423240751,0,0,0,0,0,0,0,0
TRE,TRE_landbasedwind_class1_moderate_49,LandbasedWind_Class1_Moderate,49,106,1,1,0,1,0,0,0,0,0,0.8,0,0,0,0,0,0,0,1,1,0,19.9,-1,0,0,0,0,0,1257200,71676,41380,0,0,0,-9.67,0,0,0,0,0,0,0,0,None,0,0,1,1,0,0,0,0,0,0,0,0,0,0,0,0,1,1,0,0,0,0,0,0,0,0,4936.124,0.933,30,0.038,0,0,0,0,0,0.441556275,0,0,0,0,0,0,0,0
TRE,TRE_landbasedwind_class1_moderate_50,LandbasedWind_Class1_Moderate,50,107,1,1,0,1,0,0,0,0,0,0.8,0,0,0,0,0,0,0,1,1,0,1381.7,-1,0,0,0,0,0,1257200,77761,41380,0,0,0,-9.67,0,0,0,0,0,0,0,0,None,0,0,1,1,0,0,0,0,0,0,0,0,0,0,0,0,1,1,0,0,0,0,0,0,0,0,11021.522,0.933,30,0.038,0,0,0,0,0,0.398589253,0,0,0,0,0,0,0,0
TRE,TRE_landbasedwind_class1_moderate_51,LandbasedWind_Class1_Moderate,51,108,1,1,0,1,0,0,0,0,0,0.8,0,0,0,0,0,0,0,1,1,0,1515.9,-1,0,0,0,0,0,1257200,83607,41380,0,0,0,-9.67,0,0,0,0,0,0,0,0,None,0,0,1,1,0,0,0,0,0,0,0,0,0,0,0,0,1,1,0,0,0,0,0,0,0,0,16867.522,0.933,30,0.038,0,0,0,0,0,0.382772267,0,0,0,0,0,0,0,0
TRE,TRE_landbasedwind_class1_moderate_52,LandbasedWind_Class1_Moderate,52,109,1,1,0,1,0,0,0,0,0,0.8,0,0,0,0,0,0,0,1,1,0,5006.5,-1,0,0,0,0,0,1257200,87152,41380,0,0,0,-9.67,0,0,0,0,0,0,0,0,None,0,0,1,1,0,0,0,0,0,0,0,0,0,0,0,0,1,1,0,0,0,0,0,0,0,0,20412.893,0.933,30,0.038,0,0,0,0,0,0.453160465,0,0,0,0,0,0,0,0
TRE,TRE_landbasedwind_class1_moderate_53,LandbasedWind_Class1_Moderate,53,110,1,1,0,1,0,0,0,0,0,0.8,0,0,0,0,0,0,0,1,1,0,2247.5,-1,0,0,0,0,0,1257200,86398,41380,0,0,0,-9.67,0,0,0,0,0,0,0,0,None,0,0,1,1,0,0,0,0,0,0,0,0,0,0,0,0,1,1,0,0,0,0,0,0,0,0,19658.464,0.933,30,0.038,0,0,0,0,0,0.484690458,0,0,0,0,0,0,0,0
TRE,TRE_landbasedwind_class1_moderate_54,LandbasedWind_Class1_Moderate,54,111,1,1,0,1,0,0,0,0,0,0.8,0,0,0,0,0,0,0,1,1,0,7527.3,-1,0,0,0,0,0,1257200,91468,41380,0,0,0,-9.67,0,0,0,0,0,0,0,0,None,0,0,1,1,0,0,0,0,0,0,0,0,0,0,0,0,1,1,0,0,0,0,0,0,0,0,24728.861,0.933,30,0.038,0,0,0,0,0,0.497789681,0,0,0,0,0,0,0,0
TRE,TRE_landbasedwind_class1_moderate_55,LandbasedWind_Class1_Moderate,55,112,1,1,0,1,0,0,0,0,0,0.8,0,0,0,0,0,0,0,1,1,0,88.5,-1,0,0,0,0,0,1257200,72556,41380,0,0,0,-9.67,0,0,0,0,0,0,0,0,None,0,0,1,1,0,0,0,0,0,0,0,0,0,0,0,0,1,1,0,0,0,0,0,0,0,0,5816.067,0.933,30,0.038,0,0,0,0,0,0.43694362,0,0,0,0,0,0,0,0
TRE,TRE_landbasedwind_class1_moderate_56,LandbasedWind_Class1_Moderate,56,113,1,1,0,1,0,0,0,0,0,0.8,0,0,0,0,0,0,0,1,1,0,1010.7,-1,0,0,0,0,0,1257200,80014,41380,0,0,0,-9.67,0,0,0,0,0,0,0,0,None,0,0,1,1,0,0,0,0,0,0,0,0,0,0,0,0,1,1,0,0,0,0,0,0,0,0,13274.132,0.933,30,0.038,0,0,0,0,0,0.478129804,0,0,0,0,0,0,0,0
TRE,TRE_landbasedwind_class1_moderate_57,LandbasedWind_Class1_Moderate,57,114,1,1,0,1,0,0,0,0,0,0.8,0,0,0,0,0,0,0,1,1,0,1348.1,-1,0,0,0,0,0,1257200,79754,41380,0,0,0,-9.67,0,0,0,0,0,0,0,0,None,0,0,1,1,0,0,0,0,0,0,0,0,0,0,0,0,1,1,0,0,0,0,0,0,0,0,13014.262,0.933,30,0.038,0,0,0,0,0,0.411813885,0,0,0,0,0,0,0,0
TRE,TRE_landbasedwind_class1_moderate_58,LandbasedWind_Class1_Moderate,58,115,1,1,0,1,0,0,0,0,0,0.8,0,0,0,0,0,0,0,1,1,0,388.3,-1,0,0,0,0,0,1257200,77129,41380,0,0,0,-9.67,0,0,0,0,0,0,0,0,None,0,0,1,1,0,0,0,0,0,0,0,0,0,0,0,0,1,1,0,0,0,0,0,0,0,0,10389.787,0.933,30,0.038,0,0,0,0,0,0.458026558,0,0,0,0,0,0,0,0
TRE,TRE_landbasedwind_class1_moderate_59,LandbasedWind_Class1_Moderate,59,116,1,1,0,1,0,0,0,0,0,0.8,0,0,0,0,0,0,0,1,1,0,515.3,-1,0,0,0,0,0,1257200,77164,41380,0,0,0,-9.67,0,0,0,0,0,0,0,0,None,0,0,1,1,0,0,0,0,0,0,0,0,0,0,0,0,1,1,0,0,0,0,0,0,0,0,10424.174,0.933,30,0.038,0,0,0,0,0,0.397924662,0,0,0,0,0,0,0,0
TRE,TRE_landbasedwind_class1_moderate_60,LandbasedWind_Class1_Moderate,60,117,1,1,0,1,0,0,0,0,0,0.8,0,0,0,0,0,0,0,1,1,0,136.7,-1,0,0,0,0,0,1257200,71047,41380,0,0,0,-9.67,0,0,0,0,0,0,0,0,None,0,0,1,1,0,0,0,0,0,0,0,0,0,0,0,0,1,1,0,0,0,0,0,0,0,0,4307.536,0.933,30,0.038,0,0,0,0,0,0.366037995,0,0,0,0,0,0,0,0
TRE,TRE_landbasedwind_class1_moderate_61,LandbasedWind_Class1_Moderate,61,118,1,1,0,1,0,0,0,0,0,0.8,0,0,0,0,0,0,0,1,1,0,283.1,-1,0,0,0,0,0,1257200,80612,41380,0,0,0,-9.67,0,0,0,0,0,0,0,0,None,0,0,1,1,0,0,0,0,0,0,0,0,0,0,0,0,1,1,0,0,0,0,0,0,0,0,13872.733,0.933,30,0.038,0,0,0,0,0,0.389828414,0,0,0,0,0,0,0,0
TRE,TRE_landbasedwind_class1_moderate_62,LandbasedWind_Class1_Moderate,62,119,1,1,0,1,0,0,0,0,0,0.8,0,0,0,0,0,0,0,1,1,0,1174.6,-1,0,0,0,0,0,1257200,81238,41380,0,0,0,-9.67,0,0,0,0,0,0,0,0,None,0,0,1,1,0,0,0,0,0,0,0,0,0,0,0,0,1,1,0,0,0,0,0,0,0,0,14498.286,0.933,30,0.038,0,0,0,0,0,0.409295112,0,0,0,0,0,0,0,0
TRE,TRE_landbasedwind_class1_moderate_63,LandbasedWind_Class1_Moderate,63,120,1,1,0,1,0,0,0,0,0,0.8,0,0,0,0,0,0,0,1,1,0,2101.5,-1,0,0,0,0,0,1257200,77349,41380,0,0,0,-9.67,0,0,0,0,0,0,0,0,None,0,0,1,1,0,0,0,0,0,0,0,0,0,0,0,0,1,1,0,0,0,0,0,0,0,0,10609.038,0.933,30,0.038,0,0,0,0,0,0.374018013,0,0,0,0,0,0,0,0
TRE,TRE_landbasedwind_class1_moderate_64,LandbasedWind_Class1_Moderate,64,121,1,1,0,1,0,0,0,0,0,0.8,0,0,0,0,0,0,0,1,1,0,1461.7,-1,0,0,0,0,0,1257200,81390,41380,0,0,0,-9.67,0,0,0,0,0,0,0,0,None,0,0,1,1,0,0,0,0,0,0,0,0,0,0,0,0,1,1,0,0,0,0,0,0,0,0,14650.859,0.933,30,0.038,0,0,0,0,0,0.482417971,0,0,0,0,0,0,0,0
TRE,TRE_landbasedwind_class1_moderate_65,LandbasedWind_Class1_Moderate,65,122,1,1,0,1,0,0,0,0,0,0.8,0,0,0,0,0,0,0,1,1,0,1616.3,-1,0,0,0,0,0,1257200,80283,41380,0,0,0,-9.67,0,0,0,0,0,0,0,0,None,0,0,1,1,0,0,0,0,0,0,0,0,0,0,0,0,1,1,0,0,0,0,0,0,0,0,13543.089,0.933,30,0.038,0,0,0,0,0,0.401051104,0,0,0,0,0,0,0,0
TRE,TRE_landbasedwind_class1_moderate_66,LandbasedWind_Class1_Moderate,66,123,1,1,0,1,0,0,0,0,0,0.8,0,0,0,0,0,0,0,1,1,0,1638.7,-1,0,0,0,0,0,1257200,74886,41380,0,0,0,-9.67,0,0,0,0,0,0,0,0,None,0,0,1,1,0,0,0,0,0,0,0,0,0,0,0,0,1,1,0,0,0,0,0,0,0,0,8146.252,0.933,30,0.038,0,0,0,0,0,0.383235574,0,0,0,0,0,0,0,0
TRE,TRE_landbasedwind_class1_moderate_67,LandbasedWind_Class1_Moderate,67,124,1,1,0,1,0,0,0,0,0,0.8,0,0,0,0,0,0,0,1,1,0,130.5,-1,0,0,0,0,0,1257200,94274,41380,0,0,0,-9.67,0,0,0,0,0,0,0,0,None,0,0,1,1,0,0,0,0,0,0,0,0,0,0,0,0,1,1,0,0,0,0,0,0,0,0,27534.972,0.933,30,0.038,0,0,0,0,0,0.533872604,0,0,0,0,0,0,0,0
TRE,TRE_landbasedwind_class1_moderate_68,LandbasedWind_Class1_Moderate,68,125,1,1,0,1,0,0,0,0,0,0.8,0,0,0,0,0,0,0,1,1,0,48.9,-1,0,0,0,0,0,1257200,74534,41380,0,0,0,-9.67,0,0,0,0,0,0,0,0,None,0,0,1,1,0,0,0,0,0,0,0,0,0,0,0,0,1,1,0,0,0,0,0,0,0,0,7794.029,0.933,30,0.038,0,0,0,0,0,0.46941182,0,0,0,0,0,0,0,0
TRE,TRE_landbasedwind_class1_moderate_69,LandbasedWind_Class1_Moderate,69,126,1,1,0,1,0,0,0,0,0,0.8,0,0,0,0,0,0,0,1,1,0,484.6,-1,0,0,0,0,0,1257200,75898,41380,0,0,0,-9.67,0,0,0,0,0,0,0,0,None,0,0,1,1,0,0,0,0,0,0,0,0,0,0,0,0,1,1,0,0,0,0,0,0,0,0,9158.993,0.933,30,0.038,0,0,0,0,0,0.387997061,0,0,0,0,0,0,0,0
TRE,TRE_landbasedwind_class1_moderate_70,LandbasedWind_Class1_Moderate,70,127,1,1,0,1,0,0,0,0,0,0.8,0,0,0,0,0,0,0,1,1,0,147.1,-1,0,0,0,0,0,1257200,70960,41380,0,0,0,-9.67,0,0,0,0,0,0,0,0,None,0,0,1,1,0,0,0,0,0,0,0,0,0,0,0,0,1,1,0,0,0,0,0,0,0,0,4220.325,0.933,30,0.038,0,0,0,0,0,0.378188908,0,0,0,0,0,0,0,0
TRE,TRE_landbasedwind_class1_moderate_71,LandbasedWind_Class1_Moderate,71,128,1,1,0,1,0,0,0,0,0,0.8,0,0,0,0,0,0,0,1,1,0,2712.2,-1,0,0,0,0,0,1257200,83153,41380,0,0,0,-9.67,0,0,0,0,0,0,0,0,None,0,0,1,1,0,0,0,0,0,0,0,0,0,0,0,0,1,1,0,0,0,0,0,0,0,0,16413.333,0.933,30,0.038,0,0,0,0,0,0.469041348,0,0,0,0,0,0,0,0
TRE,TRE_landbasedwind_class1_moderate_72,LandbasedWind_Class1_Moderate,72,129,1,1,0,1,0,0,0,0,0,0.8,0,0,0,0,0,0,0,1,1,0,8.4,-1,0,0,0,0,0,1257200,76532,41380,0,0,0,-9.67,0,0,0,0,0,0,0,0,None,0,0,1,1,0,0,0,0,0,0,0,0,0,0,0,0,1,1,0,0,0,0,0,0,0,0,9792.071,0.933,30,0.038,0,0,0,0,0,0.385676831,0,0,0,0,0,0,0,0
TRE,TRE_landbasedwind_class1_moderate_73,LandbasedWind_Class1_Moderate,73,130,1,1,0,1,0,0,0,0,0,0.8,0,0,0,0,0,0,0,1,1,0,111.6,-1,0,0,0,0,0,1257200,75091,41380,0,0,0,-9.67,0,0,0,0,0,0,0,0,None,0,0,1,1,0,0,0,0,0,0,0,0,0,0,0,0,1,1,0,0,0,0,0,0,0,0,8351.411,0.933,30,0.038,0,0,0,0,0,0.452078491,0,0,0,0,0,0,0,0
TRE,TRE_landbasedwind_class1_moderate_74,LandbasedWind_Class1_Moderate,74,131,1,1,0,1,0,0,0,0,0,0.8,0,0,0,0,0,0,0,1,1,0,157.1,-1,0,0,0,0,0,1257200,77516,41380,0,0,0,-9.67,0,0,0,0,0,0,0,0,None,0,0,1,1,0,0,0,0,0,0,0,0,0,0,0,0,1,1,0,0,0,0,0,0,0,0,10776.319,0.933,30,0.038,0,0,0,0,0,0.405326426,0,0,0,0,0,0,0,0
TRE,TRE_landbasedwind_class1_moderate_75,LandbasedWind_Class1_Moderate,75,132,1,1,0,1,0,0,0,0,0,0.8,0,0,0,0,0,0,0,1,1,0,1815.3,-1,0,0,0,0,0,1257200,98303,41380,0,0,0,-9.67,0,0,0,0,0,0,0,0,None,0,0,1,1,0,0,0,0,0,0,0,0,0,0,0,0,1,1,0,0,0,0,0,0,0,0,31563.894,0.933,30,0.038,0,0,0,0,0,0.429029971,0,0,0,0,0,0,0,0
TRE,TRE_landbasedwind_class1_moderate_76,LandbasedWind_Class1_Moderate,76,133,1,1,0,1,0,0,0,0,0,0.8,0,0,0,0,0,0,0,1,1,0,555.3,-1,0,0,0,0,0,1257200,74160,41380,0,0,0,-9.67,0,0,0,0,0,0,0,0,None,0,0,1,1,0,0,0,0,0,0,0,0,0,0,0,0,1,1,0,0,0,0,0,0,0,0,7420.241,0.933,30,0.038,0,0,0,0,0,0.452310354,0,0,0,0,0,0,0,0
TRE,TRE_landbasedwind_class1_moderate_77,LandbasedWind_Class1_Moderate,77,134,1,1,0,1,0,0,0,0,0,0.8,0,0,0,0,0,0,0,1,1,0,108.6,-1,0,0,0,0,0,1257200,76119,41380,0,0,0,-9.67,0,0,0,0,0,0,0,0,None,0,0,1,1,0,0,0,0,0,0,0,0,0,0,0,0,1,1,0,0,0,0,0,0,0,0,9379.87,0.933,30,0.038,0,0,0,0,0,0.453452468,0,0,0,0,0,0,0,0
TRE,TRE_landbasedwind_class1_moderate_78,LandbasedWind_Class1_Moderate,78,135,1,1,0,1,0,0,0,0,0,0.8,0,0,0,0,0,0,0,1,1,0,416.7,-1,0,0,0,0,0,1257200,77127,41380,0,0,0,-9.67,0,0,0,0,0,0,0,0,None,0,0,1,1,0,0,0,0,0,0,0,0,0,0,0,0,1,1,0,0,0,0,0,0,0,0,10387.511,0.933,30,0.038,0,0,0,0,0,0.417558461,0,0,0,0,0,0,0,0
TRE,TRE_landbasedwind_class1_moderate_79,LandbasedWind_Class1_Moderate,79,136,1,1,0,1,0,0,0,0,0,0.8,0,0,0,0,0,0,0,1,1,0,792.6,-1,0,0,0,0,0,1257200,79332,41380,0,0,0,-9.67,0,0,0,0,0,0,0,0,None,0,0,1,1,0,0,0,0,0,0,0,0,0,0,0,0,1,1,0,0,0,0,0,0,0,0,12592.51,0.933,30,0.038,0,0,0,0,0,0.371863306,0,0,0,0,0,0,0,0
TRE,TRE_landbasedwind_class1_moderate_80,LandbasedWind_Class1_Moderate,80,137,1,1,0,1,0,0,0,0,0,0.8,0,0,0,0,0,0,0,1,1,0,116.7,-1,0,0,0,0,0,1257200,74072,41380,0,0,0,-9.67,0,0,0,0,0,0,0,0,None,0,0,1,1,0,0,0,0,0,0,0,0,0,0,0,0,1,1,0,0,0,0,0,0,0,0,7332.774,0.933,30,0.038,0,0,0,0,0,0.46207881,0,0,0,0,0,0,0,0
TRE,TRE_landbasedwind_class1_moderate_81,LandbasedWind_Class1_Moderate,81,138,1,1,0,1,0,0,0,0,0,0.8,0,0,0,0,0,0,0,1,1,0,2649.6,-1,0,0,0,0,0,1257200,88125,41380,0,0,0,-9.67,0,0,0,0,0,0,0,0,None,0,0,1,1,0,0,0,0,0,0,0,0,0,0,0,0,1,1,0,0,0,0,0,0,0,0,21385.519,0.933,30,0.038,0,0,0,0,0,0.475871205,0,0,0,0,0,0,0,0
TRE,TRE_landbasedwind_class1_moderate_82,LandbasedWind_Class1_Moderate,82,139,1,1,0,1,0,0,0,0,0,0.8,0,0,0,0,0,0,0,1,1,0,1141.9,-1,0,0,0,0,0,1257200,80167,41380,0,0,0,-9.67,0,0,0,0,0,0,0,0,None,0,0,1,1,0,0,0,0,0,0,0,0,0,0,0,0,1,1,0,0,0,0,0,0,0,0,13427.362,0.933,30,0.038,0,0,0,0,0,0.382295996,0,0,0,0,0,0,0,0
TRE,TRE_landbasedwind_class1_moderate_83,LandbasedWind_Class1_Moderate,83,140,1,1,0,1,0,0,0,0,0,0.8,0,0,0,0,0,0,0,1,1,0,4063.8,-1,0,0,0,0,0,1257200,94413,41380,0,0,0,-9.67,0,0,0,0,0,0,0,0,None,0,0,1,1,0,0,0,0,0,0,0,0,0,0,0,0,1,1,0,0,0,0,0,0,0,0,27673.118,0.933,30,0.038,0,0,0,0,0,0.438737869,0,0,0,0,0,0,0,0
TRE,TRE_landbasedwind_class1_moderate_84,LandbasedWind_Class1_Moderate,84,141,1,1,0,1,0,0,0,0,0,0.8,0,0,0,0,0,0,0,1,1,0,833.4,-1,0,0,0,0,0,1257200,86780,41380,0,0,0,-9.67,0,0,0,0,0,0,0,0,None,0,0,1,1,0,0,0,0,0,0,0,0,0,0,0,0,1,1,0,0,0,0,0,0,0,0,20040.029,0.933,30,0.038,0,0,0,0,0,0.432262301,0,0,0,0,0,0,0,0
TRE,TRE_landbasedwind_class1_moderate_85,LandbasedWind_Class1_Moderate,85,142,1,1,0,1,0,0,0,0,0,0.8,0,0,0,0,0,0,0,1,1,0,74.2,-1,0,0,0,0,0,1257200,73295,41380,0,0,0,-9.67,0,0,0,0,0,0,0,0,None,0,0,1,1,0,0,0,0,0,0,0,0,0,0,0,0,1,1,0,0,0,0,0,0,0,0,6555.759,0.933,30,0.038,0,0,0,0,0,0.45453766,0,0,0,0,0,0,0,0
TRE,TRE_landbasedwind_class1_moderate_86,LandbasedWind_Class1_Moderate,86,143,1,1,0,1,0,0,0,0,0,0.8,0,0,0,0,0,0,0,1,1,0,1788.9,-1,0,0,0,0,0,1257200,75445,41380,0,0,0,-9.67,0,0,0,0,0,0,0,0,None,0,0,1,1,0,0,0,0,0,0,0,0,0,0,0,0,1,1,0,0,0,0,0,0,0,0,8705.628,0.933,30,0.038,0,0,0,0,0,0.407746911,0,0,0,0,0,0,0,0
TRE,TRE_landbasedwind_class1_moderate_87,LandbasedWind_Class1_Moderate,87,144,1,1,0,1,0,0,0,0,0,0.8,0,0,0,0,0,0,0,1,1,0,55.4,-1,0,0,0,0,0,1257200,76687,41380,0,0,0,-9.67,0,0,0,0,0,0,0,0,None,0,0,1,1,0,0,0,0,0,0,0,0,0,0,0,0,1,1,0,0,0,0,0,0,0,0,9947.476,0.933,30,0.038,0,0,0,0,0,0.432605118,0,0,0,0,0,0,0,0
TRE,TRE_landbasedwind_class1_moderate_88,LandbasedWind_Class1_Moderate,88,145,1,1,0,1,0,0,0,0,0,0.8,0,0,0,0,0,0,0,1,1,0,495,-1,0,0,0,0,0,1257200,75482,41380,0,0,0,-9.67,0,0,0,0,0,0,0,0,None,0,0,1,1,0,0,0,0,0,0,0,0,0,0,0,0,1,1,0,0,0,0,0,0,0,0,8742.191,0.933,30,0.038,0,0,0,0,0,0.448031187,0,0,0,0,0,0,0,0
TRE,TRE_landbasedwind_class1_moderate_89,LandbasedWind_Class1_Moderate,89,146,1,1,0,1,0,0,0,0,0,0.8,0,0,0,0,0,0,0,1,1,0,4787,-1,0,0,0,0,0,1257200,93819,41380,0,0,0,-9.67,0,0,0,0,0,0,0,0,None,0,0,1,1,0,0,0,0,0,0,0,0,0,0,0,0,1,1,0,0,0,0,0,0,0,0,27079.744,0.933,30,0.038,0,0,0,0,0,0.459710181,0,0,0,0,0,0,0,0
TRE,TRE_landbasedwind_class1_moderate_90,LandbasedWind_Class1_Moderate,90,147,1,1,0,1,0,0,0,0,0,0.8,0,0,0,0,0,0,0,1,1,0,1496.3,-1,0,0,0,0,0,1257200,83914,41380,0,0,0,-9.67,0,0,0,0,0,0,0,0,None,0,0,1,1,0,0,0,0,0,0,0,0,0,0,0,0,1,1,0,0,0,0,0,0,0,0,17174.222,0.933,30,0.038,0,0,0,0,0,0.506412983,0,0,0,0,0,0,0,0
TRE,TRE_landbasedwind_class1_moderate_91,LandbasedWind_Class1_Moderate,91,148,1,1,0,1,0,0,0,0,0,0.8,0,0,0,0,0,0,0,1,1,0,4135.5,-1,0,0,0,0,0,1257200,88144,41380,0,0,0,-9.67,0,0,0,0,0,0,0,0,None,0,0,1,1,0,0,0,0,0,0,0,0,0,0,0,0,1,1,0,0,0,0,0,0,0,0,21404.763,0.933,30,0.038,0,0,0,0,0,0.485127032,0,0,0,0,0,0,0,0
TRE,TRE_landbasedwind_class1_moderate_92,LandbasedWind_Class1_Moderate,92,149,1,1,0,1,0,0,0,0,0,0.8,0,0,0,0,0,0,0,1,1,0,2957.4,-1,0,0,0,0,0,1257200,87293,41380,0,0,0,-9.67,0,0,0,0,0,0,0,0,None,0,0,1,1,0,0,0,0,0,0,0,0,0,0,0,0,1,1,0,0,0,0,0,0,0,0,20553.347,0.933,30,0.038,0,0,0,0,0,0.413520217,0,0,0,0,0,0,0,0
TRE,TRE_landbasedwind_class1_moderate_93,LandbasedWind_Class1_Moderate,93,150,1,1,0,1,0,0,0,0,0,0.8,0,0,0,0,0,0,0,1,1,0,2112.1,-1,0,0,0,0,0,1257200,89534,41380,0,0,0,-9.67,0,0,0,0,0,0,0,0,None,0,0,1,1,0,0,0,0,0,0,0,0,0,0,0,0,1,1,0,0,0,0,0,0,0,0,22794.197,0.933,30,0.038,0,0,0,0,0,0.436775804,0,0,0,0,0,0,0,0
TRE,TRE_landbasedwind_class1_moderate_94,LandbasedWind_Class1_Moderate,94,151,1,1,0,1,0,0,0,0,0,0.8,0,0,0,0,0,0,0,1,1,0,547.6,-1,0,0,0,0,0,1257200,78995,41380,0,0,0,-9.67,0,0,0,0,0,0,0,0,None,0,0,1,1,0,0,0,0,0,0,0,0,0,0,0,0,1,1,0,0,0,0,0,0,0,0,12255.03,0.933,30,0.038,0,0,0,0,0,0.423661321,0,0,0,0,0,0,0,0
TRE,TRE_landbasedwind_class1_moderate_95,LandbasedWind_Class1_Moderate,95,152,1,1,0,1,0,0,0,0,0,0.8,0,0,0,0,0,0,0,1,1,0,1637,-1,0,0,0,0,0,1257200,83418,41380,0,0,0,-9.67,0,0,0,0,0,0,0,0,None,0,0,1,1,0,0,0,0,0,0,0,0,0,0,0,0,1,1,0,0,0,0,0,0,0,0,16678.553,0.933,30,0.038,0,0,0,0,0,0.449463695,0,0,0,0,0,0,0,0
TRE,TRE_landbasedwind_class1_moderate_96,LandbasedWind_Class1_Moderate,96,153,1,1,0,1,0,0,0,0,0,0.8,0,0,0,0,0,0,0,1,1,0,3902.8,-1,0,0,0,0,0,1257200,81207,41380,0,0,0,-9.67,0,0,0,0,0,0,0,0,None,0,0,1,1,0,0,0,0,0,0,0,0,0,0,0,0,1,1,0,0,0,0,0,0,0,0,14467.755,0.933,30,0.038,0,0,0,0,0,0.390075117,0,0,0,0,0,0,0,0
TRE,TRE_landbasedwind_class1_moderate_97,LandbasedWind_Class1_Moderate,97,154,1,1,0,1,0,0,0,0,0,0.8,0,0,0,0,0,0,0,1,1,0,983.2,-1,0,0,0,0,0,1257200,80136,41380,0,0,0,-9.67,0,0,0,0,0,0,0,0,None,0,0,1,1,0,0,0,0,0,0,0,0,0,0,0,0,1,1,0,0,0,0,0,0,0,0,13396.919,0.933,30,0.038,0,0,0,0,0,0.380695015,0,0,0,0,0,0,0,0
TRE,TRE_landbasedwind_class1_moderate_98,LandbasedWind_Class1_Moderate,98,155,1,1,0,1,0,0,0,0,0,0.8,0,0,0,0,0,0,0,1,1,0,450.4,-1,0,0,0,0,0,1257200,76476,41380,0,0,0,-9.67,0,0,0,0,0,0,0,0,None,0,0,1,1,0,0,0,0,0,0,0,0,0,0,0,0,1,1,0,0,0,0,0,0,0,0,9736.393,0.933,30,0.038,0,0,0,0,0,0.393007219,0,0,0,0,0,0,0,0
TRE,TRE_landbasedwind_class1_moderate_99,LandbasedWind_Class1_Moderate,99,156,1,1,0,1,0,0,0,0,0,0.8,0,0,0,0,0,0,0,1,1,0,1392.8,-1,0,0,0,0,0,1257200,80991,41380,0,0,0,-9.67,0,0,0,0,0,0,0,0,None,0,0,1,1,0,0,0,0,0,0,0,0,0,0,0,0,1,1,0,0,0,0,0,0,0,0,14251.755,0.933,30,0.038,0,0,0,0,0,0.397799194,0,0,0,0,0,0,0,0
TRE,TRE_landbasedwind_class1_moderate_100,LandbasedWind_Class1_Moderate,100,157,1,1,0,1,0,0,0,0,0,0.8,0,0,0,0,0,0,0,1,1,0,8.5,-1,0,0,0,0,0,1257200,82464,41380,0,0,0,-9.67,0,0,0,0,0,0,0,0,None,0,0,1,1,0,0,0,0,0,0,0,0,0,0,0,0,1,1,0,0,0,0,0,0,0,0,15724.284,0.933,30,0.038,0,0,0,0,0,0.376464128,0,0,0,0,0,0,0,0
TRE,TRE_landbasedwind_class1_moderate_101,LandbasedWind_Class1_Moderate,101,158,1,1,0,1,0,0,0,0,0,0.8,0,0,0,0,0,0,0,1,1,0,1357.4,-1,0,0,0,0,0,1257200,80520,41380,0,0,0,-9.67,0,0,0,0,0,0,0,0,None,0,0,1,1,0,0,0,0,0,0,0,0,0,0,0,0,1,1,0,0,0,0,0,0,0,0,13780.992,0.933,30,0.038,0,0,0,0,0,0.437086225,0,0,0,0,0,0,0,0
TRE,TRE_landbasedwind_class1_moderate_102,LandbasedWind_Class1_Moderate,102,159,1,1,0,1,0,0,0,0,0,0.8,0,0,0,0,0,0,0,1,1,0,2676.1,-1,0,0,0,0,0,1257200,80008,41380,0,0,0,-9.67,0,0,0,0,0,0,0,0,None,0,0,1,1,0,0,0,0,0,0,0,0,0,0,0,0,1,1,0,0,0,0,0,0,0,0,13268.942,0.933,30,0.038,0,0,0,0,0,0.424787909,0,0,0,0,0,0,0,0
TRE,TRE_landbasedwind_class1_moderate_103,LandbasedWind_Class1_Moderate,103,160,1,1,0,1,0,0,0,0,0,0.8,0,0,0,0,0,0,0,1,1,0,440.2,-1,0,0,0,0,0,1257200,84719,41380,0,0,0,-9.67,0,0,0,0,0,0,0,0,None,0,0,1,1,0,0,0,0,0,0,0,0,0,0,0,0,1,1,0,0,0,0,0,0,0,0,17979.473,0.933,30,0.038,0,0,0,0,0,0.422696263,0,0,0,0,0,0,0,0
TRE,TRE_landbasedwind_class1_moderate_104,LandbasedWind_Class1_Moderate,104,161,1,1,0,1,0,0,0,0,0,0.8,0,0,0,0,0,0,0,1,1,0,836.3,-1,0,0,0,0,0,1257200,93037,41380,0,0,0,-9.67,0,0,0,0,0,0,0,0,None,0,0,1,1,0,0,0,0,0,0,0,0,0,0,0,0,1,1,0,0,0,0,0,0,0,0,26297.023,0.933,30,0.038,0,0,0,0,0,0.461253703,0,0,0,0,0,0,0,0
TRE,TRE_landbasedwind_class1_moderate_105,LandbasedWind_Class1_Moderate,105,162,1,1,0,1,0,0,0,0,0,0.8,0,0,0,0,0,0,0,1,1,0,193,-1,0,0,0,0,0,1257200,79644,41380,0,0,0,-9.67,0,0,0,0,0,0,0,0,None,0,0,1,1,0,0,0,0,0,0,0,0,0,0,0,0,1,1,0,0,0,0,0,0,0,0,12904.089,0.933,30,0.038,0,0,0,0,0,0.459843248,0,0,0,0,0,0,0,0
TRE,TRE_landbasedwind_class1_moderate_106,LandbasedWind_Class1_Moderate,106,163,1,1,0,1,0,0,0,0,0,0.8,0,0,0,0,0,0,0,1,1,0,3607.6,-1,0,0,0,0,0,1257200,80142,41380,0,0,0,-9.67,0,0,0,0,0,0,0,0,None,0,0,1,1,0,0,0,0,0,0,0,0,0,0,0,0,1,1,0,0,0,0,0,0,0,0,13402.302,0.933,30,0.038,0,0,0,0,0,0.416312397,0,0,0,0,0,0,0,0
TRE,TRE_landbasedwind_class1_moderate_107,LandbasedWind_Class1_Moderate,107,164,1,1,0,1,0,0,0,0,0,0.8,0,0,0,0,0,0,0,1,1,0,362.6,-1,0,0,0,0,0,1257200,77212,41380,0,0,0,-9.67,0,0,0,0,0,0,0,0,None,0,0,1,1,0,0,0,0,0,0,0,0,0,0,0,0,1,1,0,0,0,0,0,0,0,0,10472.414,0.933,30,0.038,0,0,0,0,0,0.37765938,0,0,0,0,0,0,0,0
TRE,TRE_landbasedwind_class1_moderate_108,LandbasedWind_Class1_Moderate,108,165,1,1,0,1,0,0,0,0,0,0.8,0,0,0,0,0,0,0,1,1,0,964.3,-1,0,0,0,0,0,1257200,85834,41380,0,0,0,-9.67,0,0,0,0,0,0,0,0,None,0,0,1,1,0,0,0,0,0,0,0,0,0,0,0,0,1,1,0,0,0,0,0,0,0,0,19094.385,0.933,30,0.038,0,0,0,0,0,0.453258127,0,0,0,0,0,0,0,0
TRE,TRE_landbasedwind_class1_moderate_109,LandbasedWind_Class1_Moderate,109,166,1,1,0,1,0,0,0,0,0,0.8,0,0,0,0,0,0,0,1,1,0,1226.6,-1,0,0,0,0,0,1257200,77317,41380,0,0,0,-9.67,0,0,0,0,0,0,0,0,None,0,0,1,1,0,0,0,0,0,0,0,0,0,0,0,0,1,1,0,0,0,0,0,0,0,0,10577.212,0.933,30,0.038,0,0,0,0,0,0.377390474,0,0,0,0,0,0,0,0
TRE,TRE_landbasedwind_class1_moderate_110,LandbasedWind_Class1_Moderate,110,167,1,1,0,1,0,0,0,0,0,0.8,0,0,0,0,0,0,0,1,1,0,230,-1,0,0,0,0,0,1257200,87575,41380,0,0,0,-9.67,0,0,0,0,0,0,0,0,None,0,0,1,1,0,0,0,0,0,0,0,0,0,0,0,0,1,1,0,0,0,0,0,0,0,0,20835.967,0.933,30,0.038,0,0,0,0,0,0.384922028,0,0,0,0,0,0,0,0
TRE,TRE_landbasedwind_class1_moderate_111,LandbasedWind_Class1_Moderate,111,168,1,1,0,1,0,0,0,0,0,0.8,0,0,0,0,0,0,0,1,1,0,888.5,-1,0,0,0,0,0,1257200,75684,41380,0,0,0,-9.67,0,0,0,0,0,0,0,0,None,0,0,1,1,0,0,0,0,0,0,0,0,0,0,0,0,1,1,0,0,0,0,0,0,0,0,8944.086,0.933,30,0.038,0,0,0,0,0,0.368365526,0,0,0,0,0,0,0,0
TRE,TRE_landbasedwind_class1_moderate_112,LandbasedWind_Class1_Moderate,112,169,1,1,0,1,0,0,0,0,0,0.8,0,0,0,0,0,0,0,1,1,0,149,-1,0,0,0,0,0,1257200,93772,41380,0,0,0,-9.67,0,0,0,0,0,0,0,0,None,0,0,1,1,0,0,0,0,0,0,0,0,0,0,0,0,1,1,0,0,0,0,0,0,0,0,27032.227,0.933,30,0.038,0,0,0,0,0,0.536636353,0,0,0,0,0,0,0,0
TRE,TRE_landbasedwind_class1_moderate_113,LandbasedWind_Class1_Moderate,113,170,1,1,0,1,0,0,0,0,0,0.8,0,0,0,0,0,0,0,1,1,0,1384.9,-1,0,0,0,0,0,1257200,76897,41380,0,0,0,-9.67,0,0,0,0,0,0,0,0,None,0,0,1,1,0,0,0,0,0,0,0,0,0,0,0,0,1,1,0,0,0,0,0,0,0,0,10157.442,0.933,30,0.038,0,0,0,0,0,0.397265196,0,0,0,0,0,0,0,0
TRE,TRE_landbasedwind_class1_moderate_114,LandbasedWind_Class1_Moderate,114,171,1,1,0,1,0,0,0,0,0,0.8,0,0,0,0,0,0,0,1,1,0,1593.6,-1,0,0,0,0,0,1257200,87335,41380,0,0,0,-9.67,0,0,0,0,0,0,0,0,None,0,0,1,1,0,0,0,0,0,0,0,0,0,0,0,0,1,1,0,0,0,0,0,0,0,0,20595.252,0.933,30,0.038,0,0,0,0,0,0.464503586,0,0,0,0,0,0,0,0
TRE,TRE_landbasedwind_class1_moderate_115,LandbasedWind_Class1_Moderate,115,172,1,1,0,1,0,0,0,0,0,0.8,0,0,0,0,0,0,0,1,1,0,865.3,-1,0,0,0,0,0,1257200,80936,41380,0,0,0,-9.67,0,0,0,0,0,0,0,0,None,0,0,1,1,0,0,0,0,0,0,0,0,0,0,0,0,1,1,0,0,0,0,0,0,0,0,14196.102,0.933,30,0.038,0,0,0,0,0,0.461674154,0,0,0,0,0,0,0,0
TRE,TRE_landbasedwind_class1_moderate_116,LandbasedWind_Class1_Moderate,116,173,1,1,0,1,0,0,0,0,0,0.8,0,0,0,0,0,0,0,1,1,0,12.2,-1,0,0,0,0,0,1257200,75193,41380,0,0,0,-9.67,0,0,0,0,0,0,0,0,None,0,0,1,1,0,0,0,0,0,0,0,0,0,0,0,0,1,1,0,0,0,0,0,0,0,0,8453.283,0.933,30,0.038,0,0,0,0,0,0.365834653,0,0,0,0,0,0,0,0
TRE,TRE_landbasedwind_class1_moderate_117,LandbasedWind_Class1_Moderate,117,174,1,1,0,1,0,0,0,0,0,0.8,0,0,0,0,0,0,0,1,1,0,37.4,-1,0,0,0,0,0,1257200,85176,41380,0,0,0,-9.67,0,0,0,0,0,0,0,0,None,0,0,1,1,0,0,0,0,0,0,0,0,0,0,0,0,1,1,0,0,0,0,0,0,0,0,18436.514,0.933,30,0.038,0,0,0,0,0,0.386907846,0,0,0,0,0,0,0,0
TRE,TRE_landbasedwind_class1_moderate_118,LandbasedWind_Class1_Moderate,118,175,1,1,0,1,0,0,0,0,0,0.8,0,0,0,0,0,0,0,1,1,0,32.5,-1,0,0,0,0,0,1257200,89706,41380,0,0,0,-9.67,0,0,0,0,0,0,0,0,None,0,0,1,1,0,0,0,0,0,0,0,0,0,0,0,0,1,1,0,0,0,0,0,0,0,0,22966.182,0.933,30,0.038,0,0,0,0,0,0.400423825,0,0,0,0,0,0,0,0
TRE,TRE_landbasedwind_class1_moderate_119,LandbasedWind_Class1_Moderate,119,176,1,1,0,1,0,0,0,0,0,0.8,0,0,0,0,0,0,0,1,1,0,493.2,-1,0,0,0,0,0,1257200,76218,41380,0,0,0,-9.67,0,0,0,0,0,0,0,0,None,0,0,1,1,0,0,0,0,0,0,0,0,0,0,0,0,1,1,0,0,0,0,0,0,0,0,9478.304,0.933,30,0.038,0,0,0,0,0,0.434949517,0,0,0,0,0,0,0,0
TRE,TRE_landbasedwind_class1_moderate_120,LandbasedWind_Class1_Moderate,120,177,1,1,0,1,0,0,0,0,0,0.8,0,0,0,0,0,0,0,1,1,0,555.8,-1,0,0,0,0,0,1257200,87328,41380,0,0,0,-9.67,0,0,0,0,0,0,0,0,None,0,0,1,1,0,0,0,0,0,0,0,0,0,0,0,0,1,1,0,0,0,0,0,0,0,0,20588.44,0.933,30,0.038,0,0,0,0,0,0.431435108,0,0,0,0,0,0,0,0
TRE,TRE_landbasedwind_class1_moderate_121,LandbasedWind_Class1_Moderate,121,178,1,1,0,1,0,0,0,0,0,0.8,0,0,0,0,0,0,0,1,1,0,1518.5,-1,0,0,0,0,0,1257200,84592,41380,0,0,0,-9.67,0,0,0,0,0,0,0,0,None,0,0,1,1,0,0,0,0,0,0,0,0,0,0,0,0,1,1,0,0,0,0,0,0,0,0,17852.152,0.933,30,0.038,0,0,0,0,0,0.438839436,0,0,0,0,0,0,0,0
TRE,TRE_landbasedwind_class1_moderate_122,LandbasedWind_Class1_Moderate,122,179,1,1,0,1,0,0,0,0,0,0.8,0,0,0,0,0,0,0,1,1,0,100.6,-1,0,0,0,0,0,1257200,75732,41380,0,0,0,-9.67,0,0,0,0,0,0,0,0,None,0,0,1,1,0,0,0,0,0,0,0,0,0,0,0,0,1,1,0,0,0,0,0,0,0,0,8992.191,0.933,30,0.038,0,0,0,0,0,0.356264442,0,0,0,0,0,0,0,0
TRE,TRE_landbasedwind_class1_moderate_123,LandbasedWind_Class1_Moderate,123,180,1,1,0,1,0,0,0,0,0,0.8,0,0,0,0,0,0,0,1,1,0,205,-1,0,0,0,0,0,1257200,75362,41380,0,0,0,-9.67,0,0,0,0,0,0,0,0,None,0,0,1,1,0,0,0,0,0,0,0,0,0,0,0,0,1,1,0,0,0,0,0,0,0,0,8622.397,0.933,30,0.038,0,0,0,0,0,0.451236993,0,0,0,0,0,0,0,0
TRE,TRE_landbasedwind_class1_moderate_124,LandbasedWind_Class1_Moderate,124,181,1,1,0,1,0,0,0,0,0,0.8,0,0,0,0,0,0,0,1,1,0,505.7,-1,0,0,0,0,0,1257200,80518,41380,0,0,0,-9.67,0,0,0,0,0,0,0,0,None,0,0,1,1,0,0,0,0,0,0,0,0,0,0,0,0,1,1,0,0,0,0,0,0,0,0,13778.141,0.933,30,0.038,0,0,0,0,0,0.377006382,0,0,0,0,0,0,0,0
TRE,TRE_landbasedwind_class1_moderate_125,LandbasedWind_Class1_Moderate,125,182,1,1,0,1,0,0,0,0,0,0.8,0,0,0,0,0,0,0,1,1,0,34.6,-1,0,0,0,0,0,1257200,88225,41380,0,0,0,-9.67,0,0,0,0,0,0,0,0,None,0,0,1,1,0,0,0,0,0,0,0,0,0,0,0,0,1,1,0,0,0,0,0,0,0,0,21485.63,0.933,30,0.038,0,0,0,0,0,0.410256684,0,0,0,0,0,0,0,0
TRE,TRE_landbasedwind_class1_moderate_126,LandbasedWind_Class1_Moderate,126,183,1,1,0,1,0,0,0,0,0,0.8,0,0,0,0,0,0,0,1,1,0,1502.6,-1,0,0,0,0,0,1257200,85766,41380,0,0,0,-9.67,0,0,0,0,0,0,0,0,None,0,0,1,1,0,0,0,0,0,0,0,0,0,0,0,0,1,1,0,0,0,0,0,0,0,0,19026.877,0.933,30,0.038,0,0,0,0,0,0.479971141,0,0,0,0,0,0,0,0
TRE,TRE_landbasedwind_class1_moderate_127,LandbasedWind_Class1_Moderate,127,184,1,1,0,1,0,0,0,0,0,0.8,0,0,0,0,0,0,0,1,1,0,1229.8,-1,0,0,0,0,0,1257200,83081,41380,0,0,0,-9.67,0,0,0,0,0,0,0,0,None,0,0,1,1,0,0,0,0,0,0,0,0,0,0,0,0,1,1,0,0,0,0,0,0,0,0,16341.524,0.933,30,0.038,0,0,0,0,0,0.387406081,0,0,0,0,0,0,0,0
TRE,TRE_landbasedwind_class1_moderate_128,LandbasedWind_Class1_Moderate,128,185,1,1,0,1,0,0,0,0,0,0.8,0,0,0,0,0,0,0,1,1,0,1981.9,-1,0,0,0,0,0,1257200,83427,41380,0,0,0,-9.67,0,0,0,0,0,0,0,0,None,0,0,1,1,0,0,0,0,0,0,0,0,0,0,0,0,1,1,0,0,0,0,0,0,0,0,16687.255,0.933,30,0.038,0,0,0,0,0,0.39919889,0,0,0,0,0,0,0,0
TRE,TRE_landbasedwind_class1_moderate_129,LandbasedWind_Class1_Moderate,129,186,1,1,0,1,0,0,0,0,0,0.8,0,0,0,0,0,0,0,1,1,0,1052.4,-1,0,0,0,0,0,1257200,80757,41380,0,0,0,-9.67,0,0,0,0,0,0,0,0,None,0,0,1,1,0,0,0,0,0,0,0,0,0,0,0,0,1,1,0,0,0,0,0,0,0,0,14017.324,0.933,30,0.038,0,0,0,0,0,0.407221407,0,0,0,0,0,0,0,0
TRE,TRE_landbasedwind_class1_moderate_130,LandbasedWind_Class1_Moderate,130,187,1,1,0,1,0,0,0,0,0,0.8,0,0,0,0,0,0,0,1,1,0,1569.4,-1,0,0,0,0,0,1257200,84054,41380,0,0,0,-9.67,0,0,0,0,0,0,0,0,None,0,0,1,1,0,0,0,0,0,0,0,0,0,0,0,0,1,1,0,0,0,0,0,0,0,0,17314.656,0.933,30,0.038,0,0,0,0,0,0.432872206,0,0,0,0,0,0,0,0
TRE,TRE_landbasedwind_class1_moderate_131,LandbasedWind_Class1_Moderate,131,188,1,1,0,1,0,0,0,0,0,0.8,0,0,0,0,0,0,0,1,1,0,33.2,-1,0,0,0,0,0,1257200,82363,41380,0,0,0,-9.67,0,0,0,0,0,0,0,0,None,0,0,1,1,0,0,0,0,0,0,0,0,0,0,0,0,1,1,0,0,0,0,0,0,0,0,15623.029,0.933,30,0.038,0,0,0,0,0,0.379200667,0,0,0,0,0,0,0,0
TRE,TRE_landbasedwind_class1_moderate_132,LandbasedWind_Class1_Moderate,132,189,1,1,0,1,0,0,0,0,0,0.8,0,0,0,0,0,0,0,1,1,0,105.1,-1,0,0,0,0,0,1257200,72882,41380,0,0,0,-9.67,0,0,0,0,0,0,0,0,None,0,0,1,1,0,0,0,0,0,0,0,0,0,0,0,0,1,1,0,0,0,0,0,0,0,0,6142.724,0.933,30,0.038,0,0,0,0,0,0.365161568,0,0,0,0,0,0,0,0
TRE,TRE_landbasedwind_class1_moderate_133,LandbasedWind_Class1_Moderate,133,190,1,1,0,1,0,0,0,0,0,0.8,0,0,0,0,0,0,0,1,1,0,848.2,-1,0,0,0,0,0,1257200,84227,41380,0,0,0,-9.67,0,0,0,0,0,0,0,0,None,0,0,1,1,0,0,0,0,0,0,0,0,0,0,0,0,1,1,0,0,0,0,0,0,0,0,17487.874,0.933,30,0.038,0,0,0,0,0,0.422304094,0,0,0,0,0,0,0,0
TRE,TRE_landbasedwind_class1_moderate_134,LandbasedWind_Class1_Moderate,134,191,1,1,0,1,0,0,0,0,0,0.8,0,0,0,0,0,0,0,1,1,0,3543.1,-1,0,0,0,0,0,1257200,89154,41380,0,0,0,-9.67,0,0,0,0,0,0,0,0,None,0,0,1,1,0,0,0,0,0,0,0,0,0,0,0,0,1,1,0,0,0,0,0,0,0,0,22414.598,0.933,30,0.038,0,0,0,0,0,0.458670259,0,0,0,0,0,0,0,0
TRE,TRE_landbasedwind_class1_moderate_135,LandbasedWind_Class1_Moderate,135,192,1,1,0,1,0,0,0,0,0,0.8,0,0,0,0,0,0,0,1,1,0,1903.8,-1,0,0,0,0,0,1257200,92253,41380,0,0,0,-9.67,0,0,0,0,0,0,0,0,None,0,0,1,1,0,0,0,0,0,0,0,0,0,0,0,0,1,1,0,0,0,0,0,0,0,0,25513.981,0.933,30,0.038,0,0,0,0,0,0.478405327,0,0,0,0,0,0,0,0
TRE,TRE_landbasedwind_class1_moderate_136,LandbasedWind_Class1_Moderate,136,193,1,1,0,1,0,0,0,0,0,0.8,0,0,0,0,0,0,0,1,1,0,5.7,-1,0,0,0,0,0,1257200,75522,41380,0,0,0,-9.67,0,0,0,0,0,0,0,0,None,0,0,1,1,0,0,0,0,0,0,0,0,0,0,0,0,1,1,0,0,0,0,0,0,0,0,8782.93,0.933,30,0.038,0,0,0,0,0,0.350492716,0,0,0,0,0,0,0,0
TRE,TRE_landbasedwind_class1_moderate_137,LandbasedWind_Class1_Moderate,137,194,1,1,0,1,0,0,0,0,0,0.8,0,0,0,0,0,0,0,1,1,0,14.6,-1,0,0,0,0,0,1257200,92407,41380,0,0,0,-9.67,0,0,0,0,0,0,0,0,None,0,0,1,1,0,0,0,0,0,0,0,0,0,0,0,0,1,1,0,0,0,0,0,0,0,0,25667.403,0.933,30,0.038,0,0,0,0,0,0.402790666,0,0,0,0,0,0,0,0
TRE,TRE_landbasedwind_class1_moderate_138,LandbasedWind_Class1_Moderate,138,195,1,1,0,1,0,0,0,0,0,0.8,0,0,0,0,0,0,0,1,1,0,53.3,-1,0,0,0,0,0,1257200,75745,41380,0,0,0,-9.67,0,0,0,0,0,0,0,0,None,0,0,1,1,0,0,0,0,0,0,0,0,0,0,0,0,1,1,0,0,0,0,0,0,0,0,9005.927,0.933,30,0.038,0,0,0,0,0,0.466959298,0,0,0,0,0,0,0,0
TRE,TRE_landbasedwind_class1_moderate_139,LandbasedWind_Class1_Moderate,139,196,1,1,0,1,0,0,0,0,0,0.8,0,0,0,0,0,0,0,1,1,0,3187.3,-1,0,0,0,0,0,1257200,94116,41380,0,0,0,-9.67,0,0,0,0,0,0,0,0,None,0,0,1,1,0,0,0,0,0,0,0,0,0,0,0,0,1,1,0,0,0,0,0,0,0,0,27376.368,0.933,30,0.038,0,0,0,0,0,0.450029463,0,0,0,0,0,0,0,0
TRE,TRE_landbasedwind_class1_moderate_140,LandbasedWind_Class1_Moderate,140,197,1,1,0,1,0,0,0,0,0,0.8,0,0,0,0,0,0,0,1,1,0,3226.8,-1,0,0,0,0,0,1257200,88956,41380,0,0,0,-9.67,0,0,0,0,0,0,0,0,None,0,0,1,1,0,0,0,0,0,0,0,0,0,0,0,0,1,1,0,0,0,0,0,0,0,0,22216.421,0.933,30,0.038,0,0,0,0,0,0.481575727,0,0,0,0,0,0,0,0
TRE,TRE_landbasedwind_class1_moderate_141,LandbasedWind_Class1_Moderate,141,198,1,1,0,1,0,0,0,0,0,0.8,0,0,0,0,0,0,0,1,1,0,1048.5,-1,0,0,0,0,0,1257200,93399,41380,0,0,0,-9.67,0,0,0,0,0,0,0,0,None,0,0,1,1,0,0,0,0,0,0,0,0,0,0,0,0,1,1,0,0,0,0,0,0,0,0,26659.483,0.933,30,0.038,0,0,0,0,0,0.4899562,0,0,0,0,0,0,0,0
TRE,TRE_landbasedwind_class1_moderate_142,LandbasedWind_Class1_Moderate,142,199,1,1,0,1,0,0,0,0,0,0.8,0,0,0,0,0,0,0,1,1,0,3.3,-1,0,0,0,0,0,1257200,69308,41380,0,0,0,-9.67,0,0,0,0,0,0,0,0,None,0,0,1,1,0,0,0,0,0,0,0,0,0,0,0,0,1,1,0,0,0,0,0,0,0,0,2568.155,0.933,30,0.038,0,0,0,0,0,0.465036541,0,0,0,0,0,0,0,0
TRE,TRE_landbasedwind_class1_moderate_143,LandbasedWind_Class1_Moderate,143,200,1,1,0,1,0,0,0,0,0,0.8,0,0,0,0,0,0,0,1,1,0,140,-1,0,0,0,0,0,1257200,84708,41380,0,0,0,-9.67,0,0,0,0,0,0,0,0,None,0,0,1,1,0,0,0,0,0,0,0,0,0,0,0,0,1,1,0,0,0,0,0,0,0,0,17968.204,0.933,30,0.038,0,0,0,0,0,0.491749913,0,0,0,0,0,0,0,0
TRE,TRE_landbasedwind_class1_moderate_144,LandbasedWind_Class1_Moderate,144,201,1,1,0,1,0,0,0,0,0,0.8,0,0,0,0,0,0,0,1,1,0,1538.6,-1,0,0,0,0,0,1257200,94004,41380,0,0,0,-9.67,0,0,0,0,0,0,0,0,None,0,0,1,1,0,0,0,0,0,0,0,0,0,0,0,0,1,1,0,0,0,0,0,0,0,0,27264.215,0.933,30,0.038,0,0,0,0,0,0.475935459,0,0,0,0,0,0,0,0
TRE,TRE_landbasedwind_class1_moderate_145,LandbasedWind_Class1_Moderate,145,202,1,1,0,1,0,0,0,0,0,0.8,0,0,0,0,0,0,0,1,1,0,88,-1,0,0,0,0,0,1257200,82254,41380,0,0,0,-9.67,0,0,0,0,0,0,0,0,None,0,0,1,1,0,0,0,0,0,0,0,0,0,0,0,0,1,1,0,0,0,0,0,0,0,0,15514.92,0.933,30,0.038,0,0,0,0,0,0.387460351,0,0,0,0,0,0,0,0
TRE,TRE_landbasedwind_class1_moderate_146,LandbasedWind_Class1_Moderate,146,203,1,1,0,1,0,0,0,0,0,0.8,0,0,0,0,0,0,0,1,1,0,68.4,-1,0,0,0,0,0,1257200,76487,41380,0,0,0,-9.67,0,0,0,0,0,0,0,0,None,0,0,1,1,0,0,0,0,0,0,0,0,0,0,0,0,1,1,0,0,0,0,0,0,0,0,9747.627,0.933,30,0.038,0,0,0,0,0,0.38842082,0,0,0,0,0,0,0,0
TRE,TRE_landbasedwind_class1_moderate_147,LandbasedWind_Class1_Moderate,147,204,1,1,0,1,0,0,0,0,0,0.8,0,0,0,0,0,0,0,1,1,0,96.5,-1,0,0,0,0,0,1257200,79428,41380,0,0,0,-9.67,0,0,0,0,0,0,0,0,None,0,0,1,1,0,0,0,0,0,0,0,0,0,0,0,0,1,1,0,0,0,0,0,0,0,0,12688.351,0.933,30,0.038,0,0,0,0,0,0.369455814,0,0,0,0,0,0,0,0
TRE,TRE_landbasedwind_class1_moderate_148,LandbasedWind_Class1_Moderate,148,205,1,1,0,1,0,0,0,0,0,0.8,0,0,0,0,0,0,0,1,1,0,47.6,-1,0,0,0,0,0,1257200,80873,41380,0,0,0,-9.67,0,0,0,0,0,0,0,0,None,0,0,1,1,0,0,0,0,0,0,0,0,0,0,0,0,1,1,0,0,0,0,0,0,0,0,14133.336,0.933,30,0.038,0,0,0,0,0,0.379868478,0,0,0,0,0,0,0,0
TRE,TRE_landbasedwind_class1_moderate_149,LandbasedWind_Class1_Moderate,149,206,1,1,0,1,0,0,0,0,0,0.8,0,0,0,0,0,0,0,1,1,0,111.3,-1,0,0,0,0,0,1257200,83790,41380,0,0,0,-9.67,0,0,0,0,0,0,0,0,None,0,0,1,1,0,0,0,0,0,0,0,0,0,0,0,0,1,1,0,0,0,0,0,0,0,0,17050.829,0.933,30,0.038,0,0,0,0,0,0.392779589,0,0,0,0,0,0,0,0
TRE,TRE_landbasedwind_class1_moderate_150,LandbasedWind_Class1_Moderate,150,207,1,1,0,1,0,0,0,0,0,0.8,0,0,0,0,0,0,0,1,1,0,1537,-1,0,0,0,0,0,1257200,81941,41380,0,0,0,-9.67,0,0,0,0,0,0,0,0,None,0,0,1,1,0,0,0,0,0,0,0,0,0,0,0,0,1,1,0,0,0,0,0,0,0,0,15201.598,0.933,30,0.038,0,0,0,0,0,0.388374954,0,0,0,0,0,0,0,0
TRE,TRE_landbasedwind_class1_moderate_151,LandbasedWind_Class1_Moderate,151,208,1,1,0,1,0,0,0,0,0,0.8,0,0,0,0,0,0,0,1,1,0,3162,-1,0,0,0,0,0,1257200,95698,41380,0,0,0,-9.67,0,0,0,0,0,0,0,0,None,0,0,1,1,0,0,0,0,0,0,0,0,0,0,0,0,1,1,0,0,0,0,0,0,0,0,28958.799,0.933,30,0.038,0,0,0,0,0,0.470709682,0,0,0,0,0,0,0,0
TRE,TRE_landbasedwind_class1_moderate_152,LandbasedWind_Class1_Moderate,152,209,1,1,0,1,0,0,0,0,0,0.8,0,0,0,0,0,0,0,1,1,0,60.2,-1,0,0,0,0,0,1257200,86615,41380,0,0,0,-9.67,0,0,0,0,0,0,0,0,None,0,0,1,1,0,0,0,0,0,0,0,0,0,0,0,0,1,1,0,0,0,0,0,0,0,0,19875.738,0.933,30,0.038,0,0,0,0,0,0.419266671,0,0,0,0,0,0,0,0
TRE,TRE_landbasedwind_class1_moderate_153,LandbasedWind_Class1_Moderate,153,210,1,1,0,1,0,0,0,0,0,0.8,0,0,0,0,0,0,0,1,1,0,1085,-1,0,0,0,0,0,1257200,81098,41380,0,0,0,-9.67,0,0,0,0,0,0,0,0,None,0,0,1,1,0,0,0,0,0,0,0,0,0,0,0,0,1,1,0,0,0,0,0,0,0,0,14358.279,0.933,30,0.038,0,0,0,0,0,0.384956837,0,0,0,0,0,0,0,0
TRE,TRE_landbasedwind_class1_moderate_154,LandbasedWind_Class1_Moderate,154,211,1,1,0,1,0,0,0,0,0,0.8,0,0,0,0,0,0,0,1,1,0,298.4,-1,0,0,0,0,0,1257200,74228,41380,0,0,0,-9.67,0,0,0,0,0,0,0,0,None,0,0,1,1,0,0,0,0,0,0,0,0,0,0,0,0,1,1,0,0,0,0,0,0,0,0,7488.072,0.933,30,0.038,0,0,0,0,0,0.366576731,0,0,0,0,0,0,0,0
TRE,TRE_landbasedwind_class1_moderate_155,LandbasedWind_Class1_Moderate,155,212,1,1,0,1,0,0,0,0,0,0.8,0,0,0,0,0,0,0,1,1,0,15.3,-1,0,0,0,0,0,1257200,74590,41380,0,0,0,-9.67,0,0,0,0,0,0,0,0,None,0,0,1,1,0,0,0,0,0,0,0,0,0,0,0,0,1,1,0,0,0,0,0,0,0,0,7850.568,0.933,30,0.038,0,0,0,0,0,0.373727292,0,0,0,0,0,0,0,0
TRE,TRE_landbasedwind_class1_moderate_156,LandbasedWind_Class1_Moderate,156,213,1,1,0,1,0,0,0,0,0,0.8,0,0,0,0,0,0,0,1,1,0,224.6,-1,0,0,0,0,0,1257200,78730,41380,0,0,0,-9.67,0,0,0,0,0,0,0,0,None,0,0,1,1,0,0,0,0,0,0,0,0,0,0,0,0,1,1,0,0,0,0,0,0,0,0,11990.815,0.933,30,0.038,0,0,0,0,0,0.407387763,0,0,0,0,0,0,0,0
TRE,TRE_landbasedwind_class1_moderate_157,LandbasedWind_Class1_Moderate,157,214,1,1,0,1,0,0,0,0,0,0.8,0,0,0,0,0,0,0,1,1,0,9523.1,-1,0,0,0,0,0,1257200,87370,41380,0,0,0,-9.67,0,0,0,0,0,0,0,0,None,0,0,1,1,0,0,0,0,0,0,0,0,0,0,0,0,1,1,0,0,0,0,0,0,0,0,20630.16,0.933,30,0.038,0,0,0,0,0,0.432775587,0,0,0,0,0,0,0,0
TRE,TRE_landbasedwind_class1_moderate_158,LandbasedWind_Class1_Moderate,158,215,1,1,0,1,0,0,0,0,0,0.8,0,0,0,0,0,0,0,1,1,0,1021.8,-1,0,0,0,0,0,1257200,77112,41380,0,0,0,-9.67,0,0,0,0,0,0,0,0,None,0,0,1,1,0,0,0,0,0,0,0,0,0,0,0,0,1,1,0,0,0,0,0,0,0,0,10372.523,0.933,30,0.038,0,0,0,0,0,0.382571191,0,0,0,0,0,0,0,0
TRE,TRE_landbasedwind_class1_moderate_159,LandbasedWind_Class1_Moderate,159,216,1,1,0,1,0,0,0,0,0,0.8,0,0,0,0,0,0,0,1,1,0,972,-1,0,0,0,0,0,1257200,99430,41380,0,0,0,-9.67,0,0,0,0,0,0,0,0,None,0,0,1,1,0,0,0,0,0,0,0,0,0,0,0,0,1,1,0,0,0,0,0,0,0,0,32690.612,0.933,30,0.038,0,0,0,0,0,0.473092616,0,0,0,0,0,0,0,0
TRE,TRE_landbasedwind_class1_moderate_160,LandbasedWind_Class1_Moderate,160,217,1,1,0,1,0,0,0,0,0,0.8,0,0,0,0,0,0,0,1,1,0,315.1,-1,0,0,0,0,0,1257200,72429,41380,0,0,0,-9.67,0,0,0,0,0,0,0,0,None,0,0,1,1,0,0,0,0,0,0,0,0,0,0,0,0,1,1,0,0,0,0,0,0,0,0,5689.294,0.933,30,0.038,0,0,0,0,0,0.436700583,0,0,0,0,0,0,0,0
TRE,TRE_landbasedwind_class1_moderate_161,LandbasedWind_Class1_Moderate,161,218,1,1,0,1,0,0,0,0,0,0.8,0,0,0,0,0,0,0,1,1,0,413.6,-1,0,0,0,0,0,1257200,73366,41380,0,0,0,-9.67,0,0,0,0,0,0,0,0,None,0,0,1,1,0,0,0,0,0,0,0,0,0,0,0,0,1,1,0,0,0,0,0,0,0,0,6626.288,0.933,30,0.038,0,0,0,0,0,0.369634688,0,0,0,0,0,0,0,0
TRE,TRE_landbasedwind_class1_moderate_162,LandbasedWind_Class1_Moderate,162,219,1,1,0,1,0,0,0,0,0,0.8,0,0,0,0,0,0,0,1,1,0,221,-1,0,0,0,0,0,1257200,83076,41380,0,0,0,-9.67,0,0,0,0,0,0,0,0,None,0,0,1,1,0,0,0,0,0,0,0,0,0,0,0,0,1,1,0,0,0,0,0,0,0,0,16336.059,0.933,30,0.038,0,0,0,0,0,0.456973225,0,0,0,0,0,0,0,0
TRE,TRE_landbasedwind_class1_moderate_163,LandbasedWind_Class1_Moderate,163,220,1,1,0,1,0,0,0,0,0,0.8,0,0,0,0,0,0,0,1,1,0,110.2,-1,0,0,0,0,0,1257200,80477,41380,0,0,0,-9.67,0,0,0,0,0,0,0,0,None,0,0,1,1,0,0,0,0,0,0,0,0,0,0,0,0,1,1,0,0,0,0,0,0,0,0,13737.587,0.933,30,0.038,0,0,0,0,0,0.397467732,0,0,0,0,0,0,0,0
TRE,TRE_landbasedwind_class1_moderate_164,LandbasedWind_Class1_Moderate,164,221,1,1,0,1,0,0,0,0,0,0.8,0,0,0,0,0,0,0,1,1,0,1983.5,-1,0,0,0,0,0,1257200,91885,41380,0,0,0,-9.67,0,0,0,0,0,0,0,0,None,0,0,1,1,0,0,0,0,0,0,0,0,0,0,0,0,1,1,0,0,0,0,0,0,0,0,25145.728,0.933,30,0.038,0,0,0,0,0,0.481452525,0,0,0,0,0,0,0,0
TRE,TRE_landbasedwind_class1_moderate_165,LandbasedWind_Class1_Moderate,165,222,1,1,0,1,0,0,0,0,0,0.8,0,0,0,0,0,0,0,1,1,0,3091.5,-1,0,0,0,0,0,1257200,94880,41380,0,0,0,-9.67,0,0,0,0,0,0,0,0,None,0,0,1,1,0,0,0,0,0,0,0,0,0,0,0,0,1,1,0,0,0,0,0,0,0,0,28140.754,0.933,30,0.038,0,0,0,0,0,0.442935824,0,0,0,0,0,0,0,0
TRE,TRE_landbasedwind_class1_moderate_166,LandbasedWind_Class1_Moderate,166,223,1,1,0,1,0,0,0,0,0,0.8,0,0,0,0,0,0,0,1,1,0,1850.8,-1,0,0,0,0,0,1257200,80373,41380,0,0,0,-9.67,0,0,0,0,0,0,0,0,None,0,0,1,1,0,0,0,0,0,0,0,0,0,0,0,0,1,1,0,0,0,0,0,0,0,0,13633.446,0.933,30,0.038,0,0,0,0,0,0.376179636,0,0,0,0,0,0,0,0
TRE,TRE_utilitypv_class1_moderate_1,UtilityPV_Class1_Moderate,1,224,1,1,0,1,0,0,0,0,0,0.8,0,0,0,0,0,0,0,1,1,0,396.1,-1,0,0,0,0,0,1027745.802,50814,18759,0,0,0,-8.82,0,0,0,0,0,0,0,0,None,0,0,1,1,0,0,0,0,0,0,0,0,0,0,0,0,1,1,0,0,0,0,0,0,0,0,2314.081,0.968,30,0.026,0,0,0,0,0,0.246108949,0,0,0,0,0,0,0,0
TRE,TRE_utilitypv_class1_moderate_2,UtilityPV_Class1_Moderate,2,225,1,1,0,1,0,0,0,0,0,0.8,0,0,0,0,0,0,0,1,1,0,3380.5,-1,0,0,0,0,0,1027745.802,55243,18759,0,0,0,-8.82,0,0,0,0,0,0,0,0,None,0,0,1,1,0,0,0,0,0,0,0,0,0,0,0,0,1,1,0,0,0,0,0,0,0,0,6743.148,0.968,30,0.026,0,0,0,0,0,0.254256338,0,0,0,0,0,0,0,0
TRE,TRE_utilitypv_class1_moderate_3,UtilityPV_Class1_Moderate,3,226,1,1,0,1,0,0,0,0,0,0.8,0,0,0,0,0,0,0,1,1,0,238.7,-1,0,0,0,0,0,1027745.802,55773,18759,0,0,0,-8.82,0,0,0,0,0,0,0,0,None,0,0,1,1,0,0,0,0,0,0,0,0,0,0,0,0,1,1,0,0,0,0,0,0,0,0,7273.03,0.968,30,0.026,0,0,0,0,0,0.256038159,0,0,0,0,0,0,0,0
TRE,TRE_utilitypv_class1_moderate_4,UtilityPV_Class1_Moderate,4,227,1,1,0,1,0,0,0,0,0,0.8,0,0,0,0,0,0,0,1,1,0,5462.4,-1,0,0,0,0,0,1027745.802,53850,18759,0,0,0,-8.82,0,0,0,0,0,0,0,0,None,0,0,1,1,0,0,0,0,0,0,0,0,0,0,0,0,1,1,0,0,0,0,0,0,0,0,5350.2,0.968,30,0.026,0,0,0,0,0,0.253192812,0,0,0,0,0,0,0,0
TRE,TRE_utilitypv_class1_moderate_5,UtilityPV_Class1_Moderate,5,228,1,1,0,1,0,0,0,0,0,0.8,0,0,0,0,0,0,0,1,1,0,7086.2,-1,0,0,0,0,0,1027745.802,54251,18759,0,0,0,-8.82,0,0,0,0,0,0,0,0,None,0,0,1,1,0,0,0,0,0,0,0,0,0,0,0,0,1,1,0,0,0,0,0,0,0,0,5751.923,0.968,30,0.026,0,0,0,0,0,0.258744508,0,0,0,0,0,0,0,0
TRE,TRE_utilitypv_class1_moderate_6,UtilityPV_Class1_Moderate,6,229,1,1,0,1,0,0,0,0,0,0.8,0,0,0,0,0,0,0,1,1,0,2799.5,-1,0,0,0,0,0,1027745.802,53365,18759,0,0,0,-8.82,0,0,0,0,0,0,0,0,None,0,0,1,1,0,0,0,0,0,0,0,0,0,0,0,0,1,1,0,0,0,0,0,0,0,0,4865.968,0.968,30,0.026,0,0,0,0,0,0.254545391,0,0,0,0,0,0,0,0
TRE,TRE_utilitypv_class1_moderate_7,UtilityPV_Class1_Moderate,7,230,1,1,0,1,0,0,0,0,0,0.8,0,0,0,0,0,0,0,1,1,0,2727.8,-1,0,0,0,0,0,1027745.802,56853,18759,0,0,0,-8.82,0,0,0,0,0,0,0,0,None,0,0,1,1,0,0,0,0,0,0,0,0,0,0,0,0,1,1,0,0,0,0,0,0,0,0,8353.299,0.968,30,0.026,0,0,0,0,0,0.260582507,0,0,0,0,0,0,0,0
TRE,TRE_utilitypv_class1_moderate_8,UtilityPV_Class1_Moderate,8,231,1,1,0,1,0,0,0,0,0,0.8,0,0,0,0,0,0,0,1,1,0,4121,-1,0,0,0,0,0,1027745.802,57622,18759,0,0,0,-8.82,0,0,0,0,0,0,0,0,None,0,0,1,1,0,0,0,0,0,0,0,0,0,0,0,0,1,1,0,0,0,0,0,0,0,0,9122.297,0.968,30,0.026,0,0,0,0,0,0.262945026,0,0,0,0,0,0,0,0
TRE,TRE_utilitypv_class1_moderate_9,UtilityPV_Class1_Moderate,9,232,1,1,0,1,0,0,0,0,0,0.8,0,0,0,0,0,0,0,1,1,0,2089.2,-1,0,0,0,0,0,1027745.802,52245,18759,0,0,0,-8.82,0,0,0,0,0,0,0,0,None,0,0,1,1,0,0,0,0,0,0,0,0,0,0,0,0,1,1,0,0,0,0,0,0,0,0,3745.771,0.968,30,0.026,0,0,0,0,0,0.244007245,0,0,0,0,0,0,0,0
TRE,TRE_utilitypv_class1_moderate_10,UtilityPV_Class1_Moderate,10,233,1,1,0,1,0,0,0,0,0,0.8,0,0,0,0,0,0,0,1,1,0,696.9,-1,0,0,0,0,0,1027745.802,57668,18759,0,0,0,-8.82,0,0,0,0,0,0,0,0,None,0,0,1,1,0,0,0,0,0,0,0,0,0,0,0,0,1,1,0,0,0,0,0,0,0,0,9168.948,0.968,30,0.026,0,0,0,0,0,0.261845917,0,0,0,0,0,0,0,0
TRE,TRE_utilitypv_class1_moderate_11,UtilityPV_Class1_Moderate,11,234,1,1,0,1,0,0,0,0,0,0.8,0,0,0,0,0,0,0,1,1,0,4910.1,-1,0,0,0,0,0,1027745.802,54376,18759,0,0,0,-8.82,0,0,0,0,0,0,0,0,None,0,0,1,1,0,0,0,0,0,0,0,0,0,0,0,0,1,1,0,0,0,0,0,0,0,0,5876.015,0.968,30,0.026,0,0,0,0,0,0.25292784,0,0,0,0,0,0,0,0
TRE,TRE_utilitypv_class1_moderate_12,UtilityPV_Class1_Moderate,12,235,1,1,0,1,0,0,0,0,0,0.8,0,0,0,0,0,0,0,1,1,0,1703.7,-1,0,0,0,0,0,1027745.802,51752,18759,0,0,0,-8.82,0,0,0,0,0,0,0,0,None,0,0,1,1,0,0,0,0,0,0,0,0,0,0,0,0,1,1,0,0,0,0,0,0,0,0,3252.654,0.968,30,0.026,0,0,0,0,0,0.249843046,0,0,0,0,0,0,0,0
TRE,TRE_utilitypv_class1_moderate_13,UtilityPV_Class1_Moderate,13,236,1,1,0,1,0,0,0,0,0,0.8,0,0,0,0,0,0,0,1,1,0,228.4,-1,0,0,0,0,0,1027745.802,49967,18759,0,0,0,-8.82,0,0,0,0,0,0,0,0,None,0,0,1,1,0,0,0,0,0,0,0,0,0,0,0,0,1,1,0,0,0,0,0,0,0,0,1467.595,0.968,30,0.026,0,0,0,0,0,0.245354712,0,0,0,0,0,0,0,0
TRE,TRE_utilitypv_class1_moderate_14,UtilityPV_Class1_Moderate,14,237,1,1,0,1,0,0,0,0,0,0.8,0,0,0,0,0,0,0,1,1,0,65.7,-1,0,0,0,0,0,1027745.802,50274,18759,0,0,0,-8.82,0,0,0,0,0,0,0,0,None,0,0,1,1,0,0,0,0,0,0,0,0,0,0,0,0,1,1,0,0,0,0,0,0,0,0,1774.557,0.968,30,0.026,0,0,0,0,0,0.25164485,0,0,0,0,0,0,0,0
TRE,TRE_utilitypv_class1_moderate_15,UtilityPV_Class1_Moderate,15,238,1,1,0,1,0,0,0,0,0,0.8,0,0,0,0,0,0,0,1,1,0,3117.2,-1,0,0,0,0,0,1027745.802,53554,18759,0,0,0,-8.82,0,0,0,0,0,0,0,0,None,0,0,1,1,0,0,0,0,0,0,0,0,0,0,0,0,1,1,0,0,0,0,0,0,0,0,5054.506,0.968,30,0.026,0,0,0,0,0,0.259128362,0,0,0,0,0,0,0,0
TRE,TRE_utilitypv_class1_moderate_16,UtilityPV_Class1_Moderate,16,239,1,1,0,1,0,0,0,0,0,0.8,0,0,0,0,0,0,0,1,1,0,3011.5,-1,0,0,0,0,0,1027745.802,52795,18759,0,0,0,-8.82,0,0,0,0,0,0,0,0,None,0,0,1,1,0,0,0,0,0,0,0,0,0,0,0,0,1,1,0,0,0,0,0,0,0,0,4295.457,0.968,30,0.026,0,0,0,0,0,0.254318446,0,0,0,0,0,0,0,0
TRE,TRE_utilitypv_class1_moderate_17,UtilityPV_Class1_Moderate,17,240,1,1,0,1,0,0,0,0,0,0.8,0,0,0,0,0,0,0,1,1,0,3133.6,-1,0,0,0,0,0,1027745.802,57268,18759,0,0,0,-8.82,0,0,0,0,0,0,0,0,None,0,0,1,1,0,0,0,0,0,0,0,0,0,0,0,0,1,1,0,0,0,0,0,0,0,0,8768.168,0.968,30,0.026,0,0,0,0,0,0.263301611,0,0,0,0,0,0,0,0
TRE,TRE_utilitypv_class1_moderate_18,UtilityPV_Class1_Moderate,18,241,1,1,0,1,0,0,0,0,0,0.8,0,0,0,0,0,0,0,1,1,0,838.7,-1,0,0,0,0,0,1027745.802,51910,18759,0,0,0,-8.82,0,0,0,0,0,0,0,0,None,0,0,1,1,0,0,0,0,0,0,0,0,0,0,0,0,1,1,0,0,0,0,0,0,0,0,3410.22,0.968,30,0.026,0,0,0,0,0,0.257684022,0,0,0,0,0,0,0,0
TRE,TRE_utilitypv_class1_moderate_19,UtilityPV_Class1_Moderate,19,242,1,1,0,1,0,0,0,0,0,0.8,0,0,0,0,0,0,0,1,1,0,835.1,-1,0,0,0,0,0,1027745.802,56841,18759,0,0,0,-8.82,0,0,0,0,0,0,0,0,None,0,0,1,1,0,0,0,0,0,0,0,0,0,0,0,0,1,1,0,0,0,0,0,0,0,0,8341.642,0.968,30,0.026,0,0,0,0,0,0.258278549,0,0,0,0,0,0,0,0
TRE,TRE_utilitypv_class1_moderate_20,UtilityPV_Class1_Moderate,20,243,1,1,0,1,0,0,0,0,0,0.8,0,0,0,0,0,0,0,1,1,0,2417.1,-1,0,0,0,0,0,1027745.802,54447,18759,0,0,0,-8.82,0,0,0,0,0,0,0,0,None,0,0,1,1,0,0,0,0,0,0,0,0,0,0,0,0,1,1,0,0,0,0,0,0,0,0,5947.1,0.968,30,0.026,0,0,0,0,0,0.261477143,0,0,0,0,0,0,0,0
TRE,TRE_utilitypv_class1_moderate_21,UtilityPV_Class1_Moderate,21,244,1,1,0,1,0,0,0,0,0,0.8,0,0,0,0,0,0,0,1,1,0,7105.4,-1,0,0,0,0,0,1027745.802,53461,18759,0,0,0,-8.82,0,0,0,0,0,0,0,0,None,0,0,1,1,0,0,0,0,0,0,0,0,0,0,0,0,1,1,0,0,0,0,0,0,0,0,4961.716,0.968,30,0.026,0,0,0,0,0,0.260192841,0,0,0,0,0,0,0,0
TRE,TRE_utilitypv_class1_moderate_22,UtilityPV_Class1_Moderate,22,245,1,1,0,1,0,0,0,0,0,0.8,0,0,0,0,0,0,0,1,1,0,117,-1,0,0,0,0,0,1027745.802,58952,18759,0,0,0,-8.82,0,0,0,0,0,0,0,0,None,0,0,1,1,0,0,0,0,0,0,0,0,0,0,0,0,1,1,0,0,0,0,0,0,0,0,10452.835,0.968,30,0.026,0,0,0,0,0,0.265455872,0,0,0,0,0,0,0,0
TRE,TRE_utilitypv_class1_moderate_23,UtilityPV_Class1_Moderate,23,246,1,1,0,1,0,0,0,0,0,0.8,0,0,0,0,0,0,0,1,1,0,139.5,-1,0,0,0,0,0,1027745.802,51302,18759,0,0,0,-8.82,0,0,0,0,0,0,0,0,None,0,0,1,1,0,0,0,0,0,0,0,0,0,0,0,0,1,1,0,0,0,0,0,0,0,0,2802.372,0.968,30,0.026,0,0,0,0,0,0.259927571,0,0,0,0,0,0,0,0
TRE,TRE_utilitypv_class1_moderate_24,UtilityPV_Class1_Moderate,24,247,1,1,0,1,0,0,0,0,0,0.8,0,0,0,0,0,0,0,1,1,0,1947.6,-1,0,0,0,0,0,1027745.802,56638,18759,0,0,0,-8.82,0,0,0,0,0,0,0,0,None,0,0,1,1,0,0,0,0,0,0,0,0,0,0,0,0,1,1,0,0,0,0,0,0,0,0,8138.654,0.968,30,0.026,0,0,0,0,0,0.258874387,0,0,0,0,0,0,0,0
TRE,TRE_utilitypv_class1_moderate_25,UtilityPV_Class1_Moderate,25,248,1,1,0,1,0,0,0,0,0,0.8,0,0,0,0,0,0,0,1,1,0,1321,-1,0,0,0,0,0,1027745.802,51248,18759,0,0,0,-8.82,0,0,0,0,0,0,0,0,None,0,0,1,1,0,0,0,0,0,0,0,0,0,0,0,0,1,1,0,0,0,0,0,0,0,0,2748.2,0.968,30,0.026,0,0,0,0,0,0.241858065,0,0,0,0,0,0,0,0
TRE,TRE_utilitypv_class1_moderate_26,UtilityPV_Class1_Moderate,26,249,1,1,0,1,0,0,0,0,0,0.8,0,0,0,0,0,0,0,1,1,0,226.5,-1,0,0,0,0,0,1027745.802,53515,18759,0,0,0,-8.82,0,0,0,0,0,0,0,0,None,0,0,1,1,0,0,0,0,0,0,0,0,0,0,0,0,1,1,0,0,0,0,0,0,0,0,5015.427,0.968,30,0.026,0,0,0,0,0,0.25539431,0,0,0,0,0,0,0,0
TRE,TRE_utilitypv_class1_moderate_27,UtilityPV_Class1_Moderate,27,250,1,1,0,1,0,0,0,0,0,0.8,0,0,0,0,0,0,0,1,1,0,498.9,-1,0,0,0,0,0,1027745.802,52844,18759,0,0,0,-8.82,0,0,0,0,0,0,0,0,None,0,0,1,1,0,0,0,0,0,0,0,0,0,0,0,0,1,1,0,0,0,0,0,0,0,0,4344.817,0.968,30,0.026,0,0,0,0,0,0.24500373,0,0,0,0,0,0,0,0
TRE,TRE_utilitypv_class1_moderate_28,UtilityPV_Class1_Moderate,28,251,1,1,0,1,0,0,0,0,0,0.8,0,0,0,0,0,0,0,1,1,0,276.8,-1,0,0,0,0,0,1027745.802,58509,18759,0,0,0,-8.82,0,0,0,0,0,0,0,0,None,0,0,1,1,0,0,0,0,0,0,0,0,0,0,0,0,1,1,0,0,0,0,0,0,0,0,10009.925,0.968,30,0.026,0,0,0,0,0,0.264171898,0,0,0,0,0,0,0,0
TRE,TRE_utilitypv_class1_moderate_29,UtilityPV_Class1_Moderate,29,252,1,1,0,1,0,0,0,0,0,0.8,0,0,0,0,0,0,0,1,1,0,5463.1,-1,0,0,0,0,0,1027745.802,54563,18759,0,0,0,-8.82,0,0,0,0,0,0,0,0,None,0,0,1,1,0,0,0,0,0,0,0,0,0,0,0,0,1,1,0,0,0,0,0,0,0,0,6063.91,0.968,30,0.026,0,0,0,0,0,0.25239566,0,0,0,0,0,0,0,0
TRE,TRE_utilitypv_class1_moderate_30,UtilityPV_Class1_Moderate,30,253,1,1,0,1,0,0,0,0,0,0.8,0,0,0,0,0,0,0,1,1,0,4564.4,-1,0,0,0,0,0,1027745.802,55556,18759,0,0,0,-8.82,0,0,0,0,0,0,0,0,None,0,0,1,1,0,0,0,0,0,0,0,0,0,0,0,0,1,1,0,0,0,0,0,0,0,0,7056.319,0.968,30,0.026,0,0,0,0,0,0.261598945,0,0,0,0,0,0,0,0
TRE,TRE_utilitypv_class1_moderate_31,UtilityPV_Class1_Moderate,31,254,1,1,0,1,0,0,0,0,0,0.8,0,0,0,0,0,0,0,1,1,0,183,-1,0,0,0,0,0,1027745.802,54702,18759,0,0,0,-8.82,0,0,0,0,0,0,0,0,None,0,0,1,1,0,0,0,0,0,0,0,0,0,0,0,0,1,1,0,0,0,0,0,0,0,0,6202.677,0.968,30,0.026,0,0,0,0,0,0.251683593,0,0,0,0,0,0,0,0
TRE,TRE_utilitypv_class1_moderate_32,UtilityPV_Class1_Moderate,32,255,1,1,0,1,0,0,0,0,0,0.8,0,0,0,0,0,0,0,1,1,0,7010.4,-1,0,0,0,0,0,1027745.802,52175,18759,0,0,0,-8.82,0,0,0,0,0,0,0,0,None,0,0,1,1,0,0,0,0,0,0,0,0,0,0,0,0,1,1,0,0,0,0,0,0,0,0,3675.119,0.968,30,0.026,0,0,0,0,0,0.252904832,0,0,0,0,0,0,0,0
TRE,TRE_utilitypv_class1_moderate_33,UtilityPV_Class1_Moderate,33,256,1,1,0,1,0,0,0,0,0,0.8,0,0,0,0,0,0,0,1,1,0,404.1,-1,0,0,0,0,0,1027745.802,51115,18759,0,0,0,-8.82,0,0,0,0,0,0,0,0,None,0,0,1,1,0,0,0,0,0,0,0,0,0,0,0,0,1,1,0,0,0,0,0,0,0,0,2615.787,0.968,30,0.026,0,0,0,0,0,0.244820371,0,0,0,0,0,0,0,0
TRE,TRE_utilitypv_class1_moderate_34,UtilityPV_Class1_Moderate,34,257,1,1,0,1,0,0,0,0,0,0.8,0,0,0,0,0,0,0,1,1,0,3412.3,-1,0,0,0,0,0,1027745.802,55095,18759,0,0,0,-8.82,0,0,0,0,0,0,0,0,None,0,0,1,1,0,0,0,0,0,0,0,0,0,0,0,0,1,1,0,0,0,0,0,0,0,0,6595.587,0.968,30,0.026,0,0,0,0,0,0.255593091,0,0,0,0,0,0,0,0
TRE,TRE_utilitypv_class1_moderate_35,UtilityPV_Class1_Moderate,35,258,1,1,0,1,0,0,0,0,0,0.8,0,0,0,0,0,0,0,1,1,0,417.7,-1,0,0,0,0,0,1027745.802,55516,18759,0,0,0,-8.82,0,0,0,0,0,0,0,0,None,0,0,1,1,0,0,0,0,0,0,0,0,0,0,0,0,1,1,0,0,0,0,0,0,0,0,7016.483,0.968,30,0.026,0,0,0,0,0,0.257559806,0,0,0,0,0,0,0,0
TRE,TRE_utilitypv_class1_moderate_36,UtilityPV_Class1_Moderate,36,259,1,1,0,1,0,0,0,0,0,0.8,0,0,0,0,0,0,0,1,1,0,4488.9,-1,0,0,0,0,0,1027745.802,51820,18759,0,0,0,-8.82,0,0,0,0,0,0,0,0,None,0,0,1,1,0,0,0,0,0,0,0,0,0,0,0,0,1,1,0,0,0,0,0,0,0,0,3320.159,0.968,30,0.026,0,0,0,0,0,0.250859618,0,0,0,0,0,0,0,0
TRE,TRE_utilitypv_class1_moderate_37,UtilityPV_Class1_Moderate,37,260,1,1,0,1,0,0,0,0,0,0.8,0,0,0,0,0,0,0,1,1,0,13714.2,-1,0,0,0,0,0,1027745.802,55555,18759,0,0,0,-8.82,0,0,0,0,0,0,0,0,None,0,0,1,1,0,0,0,0,0,0,0,0,0,0,0,0,1,1,0,0,0,0,0,0,0,0,7055.521,0.968,30,0.026,0,0,0,0,0,0.262232095,0,0,0,0,0,0,0,0
TRE,TRE_utilitypv_class1_moderate_38,UtilityPV_Class1_Moderate,38,261,1,1,0,1,0,0,0,0,0,0.8,0,0,0,0,0,0,0,1,1,0,3372.1,-1,0,0,0,0,0,1027745.802,56798,18759,0,0,0,-8.82,0,0,0,0,0,0,0,0,None,0,0,1,1,0,0,0,0,0,0,0,0,0,0,0,0,1,1,0,0,0,0,0,0,0,0,8298.081,0.968,30,0.026,0,0,0,0,0,0.263647139,0,0,0,0,0,0,0,0
TRE,TRE_utilitypv_class1_moderate_39,UtilityPV_Class1_Moderate,39,262,1,1,0,1,0,0,0,0,0,0.8,0,0,0,0,0,0,0,1,1,0,2635.3,-1,0,0,0,0,0,1027745.802,55830,18759,0,0,0,-8.82,0,0,0,0,0,0,0,0,None,0,0,1,1,0,0,0,0,0,0,0,0,0,0,0,0,1,1,0,0,0,0,0,0,0,0,7330.63,0.968,30,0.026,0,0,0,0,0,0.25800845,0,0,0,0,0,0,0,0
TRE,TRE_utilitypv_class1_moderate_40,UtilityPV_Class1_Moderate,40,263,1,1,0,1,0,0,0,0,0,0.8,0,0,0,0,0,0,0,1,1,0,6781.8,-1,0,0,0,0,0,1027745.802,54608,18759,0,0,0,-8.82,0,0,0,0,0,0,0,0,None,0,0,1,1,0,0,0,0,0,0,0,0,0,0,0,0,1,1,0,0,0,0,0,0,0,0,6108.025,0.968,30,0.026,0,0,0,0,0,0.257769018,0,0,0,0,0,0,0,0
TRE,TRE_utilitypv_class1_moderate_41,UtilityPV_Class1_Moderate,41,264,1,1,0,1,0,0,0,0,0,0.8,0,0,0,0,0,0,0,1,1,0,6226.8,-1,0,0,0,0,0,1027745.802,53954,18759,0,0,0,-8.82,0,0,0,0,0,0,0,0,None,0,0,1,1,0,0,0,0,0,0,0,0,0,0,0,0,1,1,0,0,0,0,0,0,0,0,5454.68,0.968,30,0.026,0,0,0,0,0,0.262676477,0,0,0,0,0,0,0,0
TRE,TRE_utilitypv_class1_moderate_42,UtilityPV_Class1_Moderate,42,265,1,1,0,1,0,0,0,0,0,0.8,0,0,0,0,0,0,0,1,1,0,616,-1,0,0,0,0,0,1027745.802,55110,18759,0,0,0,-8.82,0,0,0,0,0,0,0,0,None,0,0,1,1,0,0,0,0,0,0,0,0,0,0,0,0,1,1,0,0,0,0,0,0,0,0,6610.275,0.968,30,0.026,0,0,0,0,0,0.252300441,0,0,0,0,0,0,0,0
TRE,TRE_utilitypv_class1_moderate_43,UtilityPV_Class1_Moderate,43,266,1,1,0,1,0,0,0,0,0,0.8,0,0,0,0,0,0,0,1,1,0,3655.9,-1,0,0,0,0,0,1027745.802,53399,18759,0,0,0,-8.82,0,0,0,0,0,0,0,0,None,0,0,1,1,0,0,0,0,0,0,0,0,0,0,0,0,1,1,0,0,0,0,0,0,0,0,4899.083,0.968,30,0.026,0,0,0,0,0,0.257326722,0,0,0,0,0,0,0,0
TRE,TRE_utilitypv_class1_moderate_44,UtilityPV_Class1_Moderate,44,267,1,1,0,1,0,0,0,0,0,0.8,0,0,0,0,0,0,0,1,1,0,7924.3,-1,0,0,0,0,0,1027745.802,56264,18759,0,0,0,-8.82,0,0,0,0,0,0,0,0,None,0,0,1,1,0,0,0,0,0,0,0,0,0,0,0,0,1,1,0,0,0,0,0,0,0,0,7764.928,0.968,30,0.026,0,0,0,0,0,0.260317206,0,0,0,0,0,0,0,0
TRE,TRE_utilitypv_class1_moderate_45,UtilityPV_Class1_Moderate,45,268,1,1,0,1,0,0,0,0,0,0.8,0,0,0,0,0,0,0,1,1,0,459.6,-1,0,0,0,0,0,1027745.802,58377,18759,0,0,0,-8.82,0,0,0,0,0,0,0,0,None,0,0,1,1,0,0,0,0,0,0,0,0,0,0,0,0,1,1,0,0,0,0,0,0,0,0,9877.638,0.968,30,0.026,0,0,0,0,0,0.263458252,0,0,0,0,0,0,0,0
TRE,TRE_utilitypv_class1_moderate_46,UtilityPV_Class1_Moderate,46,269,1,1,0,1,0,0,0,0,0,0.8,0,0,0,0,0,0,0,1,1,0,224.1,-1,0,0,0,0,0,1027745.802,49877,18759,0,0,0,-8.82,0,0,0,0,0,0,0,0,None,0,0,1,1,0,0,0,0,0,0,0,0,0,0,0,0,1,1,0,0,0,0,0,0,0,0,1377.485,0.968,30,0.026,0,0,0,0,0,0.257743418,0,0,0,0,0,0,0,0
TRE,TRE_utilitypv_class1_moderate_47,UtilityPV_Class1_Moderate,47,270,1,1,0,1,0,0,0,0,0,0.8,0,0,0,0,0,0,0,1,1,0,1170.8,-1,0,0,0,0,0,1027745.802,55255,18759,0,0,0,-8.82,0,0,0,0,0,0,0,0,None,0,0,1,1,0,0,0,0,0,0,0,0,0,0,0,0,1,1,0,0,0,0,0,0,0,0,6755.697,0.968,30,0.026,0,0,0,0,0,0.25540182,0,0,0,0,0,0,0,0
TRE,TRE_utilitypv_class1_moderate_48,UtilityPV_Class1_Moderate,48,271,1,1,0,1,0,0,0,0,0,0.8,0,0,0,0,0,0,0,1,1,0,85.6,-1,0,0,0,0,0,1027745.802,49996,18759,0,0,0,-8.82,0,0,0,0,0,0,0,0,None,0,0,1,1,0,0,0,0,0,0,0,0,0,0,0,0,1,1,0,0,0,0,0,0,0,0,1496.948,0.968,30,0.026,0,0,0,0,0,0.243569076,0,0,0,0,0,0,0,0
TRE,TRE_utilitypv_class1_moderate_49,UtilityPV_Class1_Moderate,49,272,1,1,0,1,0,0,0,0,0,0.8,0,0,0,0,0,0,0,1,1,0,1283.5,-1,0,0,0,0,0,1027745.802,51316,18759,0,0,0,-8.82,0,0,0,0,0,0,0,0,None,0,0,1,1,0,0,0,0,0,0,0,0,0,0,0,0,1,1,0,0,0,0,0,0,0,0,2816.588,0.968,30,0.026,0,0,0,0,0,0.261497349,0,0,0,0,0,0,0,0
TRE,TRE_utilitypv_class1_moderate_50,UtilityPV_Class1_Moderate,50,273,1,1,0,1,0,0,0,0,0,0.8,0,0,0,0,0,0,0,1,1,0,10073.8,-1,0,0,0,0,0,1027745.802,55203,18759,0,0,0,-8.82,0,0,0,0,0,0,0,0,None,0,0,1,1,0,0,0,0,0,0,0,0,0,0,0,0,1,1,0,0,0,0,0,0,0,0,6703.793,0.968,30,0.026,0,0,0,0,0,0.25636518,0,0,0,0,0,0,0,0
TRE,TRE_utilitypv_class1_moderate_51,UtilityPV_Class1_Moderate,51,274,1,1,0,1,0,0,0,0,0,0.8,0,0,0,0,0,0,0,1,1,0,6794.6,-1,0,0,0,0,0,1027745.802,55614,18759,0,0,0,-8.82,0,0,0,0,0,0,0,0,None,0,0,1,1,0,0,0,0,0,0,0,0,0,0,0,0,1,1,0,0,0,0,0,0,0,0,7114.186,0.968,30,0.026,0,0,0,0,0,0.25594008,0,0,0,0,0,0,0,0
TRE,TRE_utilitypv_class1_moderate_52,UtilityPV_Class1_Moderate,52,275,1,1,0,1,0,0,0,0,0,0.8,0,0,0,0,0,0,0,1,1,0,283.8,-1,0,0,0,0,0,1027745.802,58848,18759,0,0,0,-8.82,0,0,0,0,0,0,0,0,None,0,0,1,1,0,0,0,0,0,0,0,0,0,0,0,0,1,1,0,0,0,0,0,0,0,0,10348.388,0.968,30,0.026,0,0,0,0,0,0.265147269,0,0,0,0,0,0,0,0
TRE,TRE_utilitypv_class1_moderate_53,UtilityPV_Class1_Moderate,53,276,1,1,0,1,0,0,0,0,0,0.8,0,0,0,0,0,0,0,1,1,0,498.2,-1,0,0,0,0,0,1027745.802,51747,18759,0,0,0,-8.82,0,0,0,0,0,0,0,0,None,0,0,1,1,0,0,0,0,0,0,0,0,0,0,0,0,1,1,0,0,0,0,0,0,0,0,3247.409,0.968,30,0.026,0,0,0,0,0,0.24323146,0,0,0,0,0,0,0,0
TRE,TRE_utilitypv_class1_moderate_54,UtilityPV_Class1_Moderate,54,277,1,1,0,1,0,0,0,0,0,0.8,0,0,0,0,0,0,0,1,1,0,311.9,-1,0,0,0,0,0,1027745.802,50252,18759,0,0,0,-8.82,0,0,0,0,0,0,0,0,None,0,0,1,1,0,0,0,0,0,0,0,0,0,0,0,0,1,1,0,0,0,0,0,0,0,0,1752.655,0.968,30,0.026,0,0,0,0,0,0.248027563,0,0,0,0,0,0,0,0
TRE,TRE_utilitypv_class1_moderate_55,UtilityPV_Class1_Moderate,55,278,1,1,0,1,0,0,0,0,0,0.8,0,0,0,0,0,0,0,1,1,0,6075.6,-1,0,0,0,0,0,1027745.802,56229,18759,0,0,0,-8.82,0,0,0,0,0,0,0,0,None,0,0,1,1,0,0,0,0,0,0,0,0,0,0,0,0,1,1,0,0,0,0,0,0,0,0,7729.656,0.968,30,0.026,0,0,0,0,0,0.259743422,0,0,0,0,0,0,0,0
TRE,TRE_utilitypv_class1_moderate_56,UtilityPV_Class1_Moderate,56,279,1,1,0,1,0,0,0,0,0,0.8,0,0,0,0,0,0,0,1,1,0,2010.1,-1,0,0,0,0,0,1027745.802,51401,18759,0,0,0,-8.82,0,0,0,0,0,0,0,0,None,0,0,1,1,0,0,0,0,0,0,0,0,0,0,0,0,1,1,0,0,0,0,0,0,0,0,2901.858,0.968,30,0.026,0,0,0,0,0,0.251655042,0,0,0,0,0,0,0,0
TRE,TRE_utilitypv_class1_moderate_57,UtilityPV_Class1_Moderate,57,280,1,1,0,1,0,0,0,0,0,0.8,0,0,0,0,0,0,0,1,1,0,279,-1,0,0,0,0,0,1027745.802,58755,18759,0,0,0,-8.82,0,0,0,0,0,0,0,0,None,0,0,1,1,0,0,0,0,0,0,0,0,0,0,0,0,1,1,0,0,0,0,0,0,0,0,10255.548,0.968,30,0.026,0,0,0,0,0,0.264976829,0,0,0,0,0,0,0,0
TRE,TRE_utilitypv_class1_moderate_58,UtilityPV_Class1_Moderate,58,281,1,1,0,1,0,0,0,0,0,0.8,0,0,0,0,0,0,0,1,1,0,3640.7,-1,0,0,0,0,0,1027745.802,54837,18759,0,0,0,-8.82,0,0,0,0,0,0,0,0,None,0,0,1,1,0,0,0,0,0,0,0,0,0,0,0,0,1,1,0,0,0,0,0,0,0,0,6337.76,0.968,30,0.026,0,0,0,0,0,0.263625711,0,0,0,0,0,0,0,0
TRE,TRE_utilitypv_class1_moderate_59,UtilityPV_Class1_Moderate,59,282,1,1,0,1,0,0,0,0,0,0.8,0,0,0,0,0,0,0,1,1,0,651.1,-1,0,0,0,0,0,1027745.802,55668,18759,0,0,0,-8.82,0,0,0,0,0,0,0,0,None,0,0,1,1,0,0,0,0,0,0,0,0,0,0,0,0,1,1,0,0,0,0,0,0,0,0,7168.549,0.968,30,0.026,0,0,0,0,0,0.256514907,0,0,0,0,0,0,0,0
TRE,TRE_utilitypv_class1_moderate_60,UtilityPV_Class1_Moderate,60,283,1,1,0,1,0,0,0,0,0,0.8,0,0,0,0,0,0,0,1,1,0,58.6,-1,0,0,0,0,0,1027745.802,50463,18759,0,0,0,-8.82,0,0,0,0,0,0,0,0,None,0,0,1,1,0,0,0,0,0,0,0,0,0,0,0,0,1,1,0,0,0,0,0,0,0,0,1963.198,0.968,30,0.026,0,0,0,0,0,0.256716341,0,0,0,0,0,0,0,0
TRE,TRE_utilitypv_class1_moderate_61,UtilityPV_Class1_Moderate,61,284,1,1,0,1,0,0,0,0,0,0.8,0,0,0,0,0,0,0,1,1,0,105.2,-1,0,0,0,0,0,1027745.802,54492,18759,0,0,0,-8.82,0,0,0,0,0,0,0,0,None,0,0,1,1,0,0,0,0,0,0,0,0,0,0,0,0,1,1,0,0,0,0,0,0,0,0,5992.297,0.968,30,0.026,0,0,0,0,0,0.250872016,0,0,0,0,0,0,0,0
TRE,TRE_utilitypv_class1_moderate_62,UtilityPV_Class1_Moderate,62,285,1,1,0,1,0,0,0,0,0,0.8,0,0,0,0,0,0,0,1,1,0,170.2,-1,0,0,0,0,0,1027745.802,53219,18759,0,0,0,-8.82,0,0,0,0,0,0,0,0,None,0,0,1,1,0,0,0,0,0,0,0,0,0,0,0,0,1,1,0,0,0,0,0,0,0,0,4719.101,0.968,30,0.026,0,0,0,0,0,0.243249863,0,0,0,0,0,0,0,0
TRE,TRE_utilitypv_class1_moderate_63,UtilityPV_Class1_Moderate,63,286,1,1,0,1,0,0,0,0,0,0.8,0,0,0,0,0,0,0,1,1,0,1096.2,-1,0,0,0,0,0,1027745.802,50502,18759,0,0,0,-8.82,0,0,0,0,0,0,0,0,None,0,0,1,1,0,0,0,0,0,0,0,0,0,0,0,0,1,1,0,0,0,0,0,0,0,0,2002.531,0.968,30,0.026,0,0,0,0,0,0.253857017,0,0,0,0,0,0,0,0
TRE,TRE_utilitypv_class1_moderate_64,UtilityPV_Class1_Moderate,64,287,1,1,0,1,0,0,0,0,0,0.8,0,0,0,0,0,0,0,1,1,0,1456.6,-1,0,0,0,0,0,1027745.802,57708,18759,0,0,0,-8.82,0,0,0,0,0,0,0,0,None,0,0,1,1,0,0,0,0,0,0,0,0,0,0,0,0,1,1,0,0,0,0,0,0,0,0,9208.257,0.968,30,0.026,0,0,0,0,0,0.263884395,0,0,0,0,0,0,0,0
TRE,TRE_utilitypv_class1_moderate_65,UtilityPV_Class1_Moderate,65,288,1,1,0,1,0,0,0,0,0,0.8,0,0,0,0,0,0,0,1,1,0,29,-1,0,0,0,0,0,1027745.802,53236,18759,0,0,0,-8.82,0,0,0,0,0,0,0,0,None,0,0,1,1,0,0,0,0,0,0,0,0,0,0,0,0,1,1,0,0,0,0,0,0,0,0,4736.577,0.968,30,0.026,0,0,0,0,0,0.253336012,0,0,0,0,0,0,0,0
TRE,TRE_utilitypv_class1_moderate_66,UtilityPV_Class1_Moderate,66,289,1,1,0,1,0,0,0,0,0,0.8,0,0,0,0,0,0,0,1,1,0,999,-1,0,0,0,0,0,1027745.802,51214,18759,0,0,0,-8.82,0,0,0,0,0,0,0,0,None,0,0,1,1,0,0,0,0,0,0,0,0,0,0,0,0,1,1,0,0,0,0,0,0,0,0,2714.272,0.968,30,0.026,0,0,0,0,0,0.262641788,0,0,0,0,0,0,0,0
TRE,TRE_utilitypv_class1_moderate_67,UtilityPV_Class1_Moderate,67,290,1,1,0,1,0,0,0,0,0,0.8,0,0,0,0,0,0,0,1,1,0,2114.5,-1,0,0,0,0,0,1027745.802,52439,18759,0,0,0,-8.82,0,0,0,0,0,0,0,0,None,0,0,1,1,0,0,0,0,0,0,0,0,0,0,0,0,1,1,0,0,0,0,0,0,0,0,3939.718,0.968,30,0.026,0,0,0,0,0,0.255219191,0,0,0,0,0,0,0,0
TRE,TRE_utilitypv_class1_moderate_68,UtilityPV_Class1_Moderate,68,291,1,1,0,1,0,0,0,0,0,0.8,0,0,0,0,0,0,0,1,1,0,6.9,-1,0,0,0,0,0,1027745.802,55207,18759,0,0,0,-8.82,0,0,0,0,0,0,0,0,None,0,0,1,1,0,0,0,0,0,0,0,0,0,0,0,0,1,1,0,0,0,0,0,0,0,0,6707.445,0.968,30,0.026,0,0,0,0,0,0.253237605,0,0,0,0,0,0,0,0
TRE,TRE_utilitypv_class1_moderate_69,UtilityPV_Class1_Moderate,69,292,1,1,0,1,0,0,0,0,0,0.8,0,0,0,0,0,0,0,1,1,0,951.9,-1,0,0,0,0,0,1027745.802,56001,18759,0,0,0,-8.82,0,0,0,0,0,0,0,0,None,0,0,1,1,0,0,0,0,0,0,0,0,0,0,0,0,1,1,0,0,0,0,0,0,0,0,7501.902,0.968,30,0.026,0,0,0,0,0,0.257767558,0,0,0,0,0,0,0,0
TRE,TRE_utilitypv_class1_moderate_70,UtilityPV_Class1_Moderate,70,293,1,1,0,1,0,0,0,0,0,0.8,0,0,0,0,0,0,0,1,1,0,1212.9,-1,0,0,0,0,0,1027745.802,52590,18759,0,0,0,-8.82,0,0,0,0,0,0,0,0,None,0,0,1,1,0,0,0,0,0,0,0,0,0,0,0,0,1,1,0,0,0,0,0,0,0,0,4090.094,0.968,30,0.026,0,0,0,0,0,0.244686604,0,0,0,0,0,0,0,0
TRE,TRE_utilitypv_class1_moderate_71,UtilityPV_Class1_Moderate,71,294,1,1,0,1,0,0,0,0,0,0.8,0,0,0,0,0,0,0,1,1,0,348.2,-1,0,0,0,0,0,1027745.802,53452,18759,0,0,0,-8.82,0,0,0,0,0,0,0,0,None,0,0,1,1,0,0,0,0,0,0,0,0,0,0,0,0,1,1,0,0,0,0,0,0,0,0,4952.548,0.968,30,0.026,0,0,0,0,0,0.246357709,0,0,0,0,0,0,0,0
TRE,TRE_utilitypv_class1_moderate_72,UtilityPV_Class1_Moderate,72,295,1,1,0,1,0,0,0,0,0,0.8,0,0,0,0,0,0,0,1,1,0,1066.4,-1,0,0,0,0,0,1027745.802,51767,18759,0,0,0,-8.82,0,0,0,0,0,0,0,0,None,0,0,1,1,0,0,0,0,0,0,0,0,0,0,0,0,1,1,0,0,0,0,0,0,0,0,3267.57,0.968,30,0.026,0,0,0,0,0,0.256843626,0,0,0,0,0,0,0,0
TRE,TRE_utilitypv_class1_moderate_73,UtilityPV_Class1_Moderate,73,296,1,1,0,1,0,0,0,0,0,0.8,0,0,0,0,0,0,0,1,1,0,249.7,-1,0,0,0,0,0,1027745.802,53073,18759,0,0,0,-8.82,0,0,0,0,0,0,0,0,None,0,0,1,1,0,0,0,0,0,0,0,0,0,0,0,0,1,1,0,0,0,0,0,0,0,0,4573.358,0.968,30,0.026,0,0,0,0,0,0.253506154,0,0,0,0,0,0,0,0
TRE,TRE_utilitypv_class1_moderate_74,UtilityPV_Class1_Moderate,74,297,1,1,0,1,0,0,0,0,0,0.8,0,0,0,0,0,0,0,1,1,0,10399.8,-1,0,0,0,0,0,1027745.802,53622,18759,0,0,0,-8.82,0,0,0,0,0,0,0,0,None,0,0,1,1,0,0,0,0,0,0,0,0,0,0,0,0,1,1,0,0,0,0,0,0,0,0,5122.979,0.968,30,0.026,0,0,0,0,0,0.258045882,0,0,0,0,0,0,0,0
TRE,TRE_utilitypv_class1_moderate_75,UtilityPV_Class1_Moderate,75,298,1,1,0,1,0,0,0,0,0,0.8,0,0,0,0,0,0,0,1,1,0,8857.4,-1,0,0,0,0,0,1027745.802,54088,18759,0,0,0,-8.82,0,0,0,0,0,0,0,0,None,0,0,1,1,0,0,0,0,0,0,0,0,0,0,0,0,1,1,0,0,0,0,0,0,0,0,5588.865,0.968,30,0.026,0,0,0,0,0,0.253066033,0,0,0,0,0,0,0,0
TRE,TRE_utilitypv_class1_moderate_76,UtilityPV_Class1_Moderate,76,299,1,1,0,1,0,0,0,0,0,0.8,0,0,0,0,0,0,0,1,1,0,5255,-1,0,0,0,0,0,1027745.802,57054,18759,0,0,0,-8.82,0,0,0,0,0,0,0,0,None,0,0,1,1,0,0,0,0,0,0,0,0,0,0,0,0,1,1,0,0,0,0,0,0,0,0,8554.586,0.968,30,0.026,0,0,0,0,0,0.263736993,0,0,0,0,0,0,0,0
TRE,TRE_utilitypv_class1_moderate_77,UtilityPV_Class1_Moderate,77,300,1,1,0,1,0,0,0,0,0,0.8,0,0,0,0,0,0,0,1,1,0,60.1,-1,0,0,0,0,0,1027745.802,49561,18759,0,0,0,-8.82,0,0,0,0,0,0,0,0,None,0,0,1,1,0,0,0,0,0,0,0,0,0,0,0,0,1,1,0,0,0,0,0,0,0,0,1061.828,0.968,30,0.026,0,0,0,0,0,0.253713638,0,0,0,0,0,0,0,0
TRE,TRE_offshorewind_class3_moderate_0,OffShoreWind_Class3_Moderate,0,301,1,1,0,1,0,0,0,0,0,0.8,0,0,0,0,0,0,0,1,1,0,1770,-1,0,0,0,0,0,2136896.897,187284,97059,0,0,0,0,0,0,0,0,0,0,0,0,None,0,0,0,0,0,0,0,0,0,0,0,0,0,0,0,0,0,0,0,0,0,0,0,0,0,0,65012.319,0.977,30,0.04,0,0,0,0,0,0.423071563,0,0,0,0,0,0,0,0
TRE,TRE_offshorewind_class3_moderate_1,OffShoreWind_Class3_Moderate,1,302,1,1,0,1,0,0,0,0,0,0.8,0,0,0,0,0,0,0,1,1,0,1773.8,-1,0,0,0,0,0,2136896.897,184289,97059,0,0,0,0,0,0,0,0,0,0,0,0,None,0,0,0,0,0,0,0,0,0,0,0,0,0,0,0,0,0,0,0,0,0,0,0,0,0,0,62017.342,0.977,30,0.04,0,0,0,0,0,0.421058714,0,0,0,0,0,0,0,0
TRE,TRE_offshorewind_class3_moderate_2,OffShoreWind_Class3_Moderate,2,303,1,1,0,1,0,0,0,0,0,0.8,0,0,0,0,0,0,0,1,1,0,2318.8,-1,0,0,0,0,0,2136896.897,189029,97059,0,0,0,0,0,0,0,0,0,0,0,0,None,0,0,0,0,0,0,0,0,0,0,0,0,0,0,0,0,0,0,0,0,0,0,0,0,0,0,66757.583,0.977,30,0.04,0,0,0,0,0,0.417610496,0,0,0,0,0,0,0,0
TRE,TRE_offshorewind_class3_moderate_3,OffShoreWind_Class3_Moderate,3,304,1,1,0,1,0,0,0,0,0,0.8,0,0,0,0,0,0,0,1,1,0,1462.5,-1,0,0,0,0,0,2136896.897,183172,97059,0,0,0,0,0,0,0,0,0,0,0,0,None,0,0,0,0,0,0,0,0,0,0,0,0,0,0,0,0,0,0,0,0,0,0,0,0,0,0,60900.229,0.977,30,0.04,0,0,0,0,0,0.41101262,0,0,0,0,0,0,0,0
TRE,TRE_offshorewind_class3_moderate_4,OffShoreWind_Class3_Moderate,4,305,1,1,0,1,0,0,0,0,0,0.8,0,0,0,0,0,0,0,1,1,0,2176.2,-1,0,0,0,0,0,2136896.897,182812,97059,0,0,0,0,0,0,0,0,0,0,0,0,None,0,0,0,0,0,0,0,0,0,0,0,0,0,0,0,0,0,0,0,0,0,0,0,0,0,0,60540.793,0.977,30,0.04,0,0,0,0,0,0.397779077,0,0,0,0,0,0,0,0
TRE,TRE_offshorewind_class3_moderate_5,OffShoreWind_Class3_Moderate,5,306,1,1,0,1,0,0,0,0,0,0.8,0,0,0,0,0,0,0,1,1,0,1640,-1,0,0,0,0,0,2136896.897,189846,97059,0,0,0,0,0,0,0,0,0,0,0,0,None,0,0,0,0,0,0,0,0,0,0,0,0,0,0,0,0,0,0,0,0,0,0,0,0,0,0,67574.796,0.977,30,0.04,0,0,0,0,0,0.410684079,0,0,0,0,0,0,0,0
TRE,TRE_offshorewind_class3_moderate_6,OffShoreWind_Class3_Moderate,6,307,1,1,0,1,0,0,0,0,0,0.8,0,0,0,0,0,0,0,1,1,0,3032.5,-1,0,0,0,0,0,2136896.897,171277,97059,0,0,0,0,0,0,0,0,0,0,0,0,None,0,0,0,0,0,0,0,0,0,0,0,0,0,0,0,0,0,0,0,0,0,0,0,0,0,0,49005.148,0.977,30,0.04,0,0,0,0,0,0.371712029,0,0,0,0,0,0,0,0
TRE,TRE_offshorewind_class3_moderate_7,OffShoreWind_Class3_Moderate,7,308,1,1,0,1,0,0,0,0,0,0.8,0,0,0,0,0,0,0,1,1,0,905,-1,0,0,0,0,0,2136896.897,183479,97059,0,0,0,0,0,0,0,0,0,0,0,0,None,0,0,0,0,0,0,0,0,0,0,0,0,0,0,0,0,0,0,0,0,0,0,0,0,0,0,61207.048,0.977,30,0.04,0,0,0,0,0,0.38797158,0,0,0,0,0,0,0,0
TRE_WEST,TRE_WEST_naturalgas_ccavgcf_moderate_0,NaturalGas_CCAvgCF_Moderate,0,309,2,0,1,0,0,0,0,0,0,0,0,0,0,0,0,0,0,1,500,0,-1,-1,0,0,0,0,0,950995.911,49018,28000,0,0,0,2,0,0,0,106,2,6.36,0,0,None,0.3,0,1,1,0,0,0,0,0,0,0,0,0,0,0,0,0.64,0.64,6,6,0,0,0,0,0,0,0,0.889,30,0.039,0,0,0,0,0,0,0,0,0,0,0,0,0,0
TRE_WEST,TRE_WEST_naturalgas_ctavgcf_moderate_0,NaturalGas_CTAvgCF_Moderate,0,310,2,0,1,0,0,0,0,0,0,0,0,0,0,0,0,0,0,1,100,0,-1,-1,0,0,0,0,0,834771.199,42679,21000,0,0,0,5,0,0,0,137,3.5,9.72,0,0,None,0.3,0,1,1,0,0,0,0,0,0,0,0,0,0,0,0,3.78,3.78,1,1,0,0,0,0,0,0,0,0.882,30,0.039,0,0,0,0,0,0,0,0,0,0,0,0,0,0
TRE_WEST,TRE_WEST_battery_moderate_0,Battery_*_Moderate,0,311,2,0,0,0,0,1,0,0,0,0,0,0,0,0,0,0,0,1,1,0,-1,-1,0,0,0,0,0,174652.09,14260,6043,168658.493,13771,5835,0.15,0.15,0,0,0,0,0,0,0,None,0,0,0.92,0.92,0,1,10,0,0,0,0,0,0,0,0,0,1,1,0,0,0,0,0,0,0,0,0,1,15,0.026,0,0,0,0,0,0,0,0,0,0,0,0,0,0
TRE_WEST,TRE_WEST_nuclear_nuclear_moderate_0,Nuclear_Nuclear_Moderate,0,312,2,0,1,0,0,0,0,0,0,0,0,0,0,0,0,0,0,0,2000,0,-1,-1,0,0,0,0,0,7142974.911,304067,145960,0,0,0,2.84,0,0,0,285,0,10.44,0,0,None,0.5,0,1,1,0,0,0,0.041666667,0.083333333,0,0,0,0,0,0,0,0.25,0.25,24,24,0,0,0,0,0,0,0,0.944,40,0.032,0,0,0,0,0,0,0,0,0,0,0,0,0,0