Resource,Zone,StartCap,RetCap,NewCap,EndCap,StartEnergyCap,RetEnergyCap,NewEnergyCap,EndEnergyCap,StartChargeCap,RetChargeCap,NewChargeCap,EndChargeCap
TRE_naturalgas_ccavgcf_moderate_0,1,0.0,0.0,1.579859535709234e6,1.579859535709234e6,0.0,0.0,0.0,0.0,0.0,0.0,0.0,0.0
TRE_naturalgas_ctavgcf_moderate_0,1,0.0,0.0,0.0,0.0,0.0,0.0,0.0,0.0,0.0,0.0,0.0,0.0
TRE_battery_moderate_0,1,0.0,0.0,3.7894647402389005e7,3.7894647402389005e7,0.0,0.0,3.7894647402389005e7,3.7894647402389005e7,0.0,0.0,0.0,0.0
TRE_nuclear_nuclear_moderate_0,1,0.0,0.0,0.0,0.0,0.0,0.0,0.0,0.0,0.0,0.0,0.0,0.0
TRE_landbasedwind_class1_moderate_1,1,0.0,0.0,1502.9,1502.9,0.0,0.0,0.0,0.0,0.0,0.0,0.0,0.0
TRE_landbasedwind_class1_moderate_2,1,0.0,0.0,856.1,856.1,0.0,0.0,0.0,0.0,0.0,0.0,0.0,0.0
TRE_landbasedwind_class1_moderate_3,1,0.0,-0.0,189.0,189.0,0.0,0.0,0.0,0.0,0.0,0.0,0.0,0.0
TRE_landbasedwind_class1_moderate_4,1,0.0,-0.0,759.2,759.2,0.0,0.0,0.0,0.0,0.0,0.0,0.0,0.0
TRE_landbasedwind_class1_moderate_5,1,0.0,0.0,14.6,14.6,0.0,0.0,0.0,0.0,0.0,0.0,0.0,0.0
TRE_landbasedwind_class1_moderate_6,1,0.0,0.0,1179.0,1179.0,0.0,0.0,0.0,0.0,0.0,0.0,0.0,0.0
TRE_landbasedwind_class1_moderate_7,1,0.0,-0.0,150.5,150.5,0.0,0.0,0.0,0.0,0.0,0.0,0.0,0.0
TRE_landbasedwind_class1_moderate_8,1,0.0,-0.0,100.4,100.4,0.0,0.0,0.0,0.0,0.0,0.0,0.0,0.0
TRE_landbasedwind_class1_moderate_9,1,0.0,-0.0,62.4,62.4,0.0,0.0,0.0,0.0,0.0,0.0,0.0,0.0
TRE_landbasedwind_class1_moderate_10,1,0.0,-0.0,722.3,722.3,0.0,0.0,0.0,0.0,0.0,0.0,0.0,0.0
TRE_landbasedwind_class1_moderate_11,1,0.0,-0.0,314.7,314.7,0.0,0.0,0.0,0.0,0.0,0.0,0.0,0.0
TRE_landbasedwind_class1_moderate_12,1,0.0,-0.0,252.0,252.0,0.0,0.0,0.0,0.0,0.0,0.0,0.0,0.0
TRE_landbasedwind_class1_moderate_13,1,0.0,-0.0,590.1,590.1,0.0,0.0,0.0,0.0,0.0,0.0,0.0,0.0
TRE_landbasedwind_class1_moderate_14,1,0.0,0.0,1710.9,1710.9,0.0,0.0,0.0,0.0,0.0,0.0,0.0,0.0
TRE_landbasedwind_class1_moderate_15,1,0.0,-0.0,560.1,560.1,0.0,0.0,0.0,0.0,0.0,0.0,0.0,0.0
TRE_landbasedwind_class1_moderate_16,1,0.0,-0.0,172.5,172.5,0.0,0.0,0.0,0.0,0.0,0.0,0.0,0.0
TRE_landbasedwind_class1_moderate_17,1,0.0,0.0,1821.7,1821.7,0.0,0.0,0.0,0.0,0.0,0.0,0.0,0.0
TRE_landbasedwind_class1_moderate_18,1,0.0,-0.0,194.6,194.6,0.0,0.0,0.0,0.0,0.0,0.0,0.0,0.0
TRE_landbasedwind_class1_moderate_19,1,0.0,-0.0,924.8,924.8,0.0,0.0,0.0,0.0,0.0,0.0,0.0,0.0
TRE_landbasedwind_class1_moderate_20,1,0.0,-0.0,218.2,218.2,0.0,0.0,0.0,0.0,0.0,0.0,0.0,0.0
TRE_landbasedwind_class1_moderate_21,1,0.0,0.0,1566.4,1566.4,0.0,0.0,0.0,0.0,0.0,0.0,0.0,0.0
TRE_landbasedwind_class1_moderate_22,1,0.0,-0.0,222.8,222.8,0.0,0.0,0.0,0.0,0.0,0.0,0.0,0.0
TRE_landbasedwind_class1_moderate_23,1,0.0,-0.0,28.1,28.1,0.0,0.0,0.0,0.0,0.0,0.0,0.0,0.0
TRE_landbasedwind_class1_moderate_24,1,0.0,0.0,1308.8,1308.8,0.0,0.0,0.0,0.0,0.0,0.0,0.0,0.0
TRE_landbasedwind_class1_moderate_25,1,0.0,0.0,1014.1,1014.1,0.0,0.0,0.0,0.0,0.0,0.0,0.0,0.0
TRE_landbasedwind_class1_moderate_26,1,0.0,0.0,38.0,38.0,0.0,0.0,0.0,0.0,0.0,0.0,0.0,0.0
TRE_landbasedwind_class1_moderate_27,1,0.0,0.0,328.0,328.0,0.0,0.0,0.0,0.0,0.0,0.0,0.0,0.0
TRE_landbasedwind_class1_moderate_28,1,0.0,0.0,131.6,131.6,0.0,0.0,0.0,0.0,0.0,0.0,0.0,0.0
TRE_landbasedwind_class1_moderate_29,1,0.0,-0.0,2985.7,2985.7,0.0,0.0,0.0,0.0,0.0,0.0,0.0,0.0
TRE_landbasedwind_class1_moderate_30,1,0.0,0.0,1228.0,1228.0,0.0,0.0,0.0,0.0,0.0,0.0,0.0,0.0
TRE_landbasedwind_class1_moderate_31,1,0.0,-0.0,400.8,400.8,0.0,0.0,0.0,0.0,0.0,0.0,0.0,0.0
TRE_landbasedwind_class1_moderate_32,1,0.0,0.0,998.4,998.4,0.0,0.0,0.0,0.0,0.0,0.0,0.0,0.0
TRE_landbasedwind_class1_moderate_33,1,0.0,0.0,257.6,257.6,0.0,0.0,0.0,0.0,0.0,0.0,0.0,0.0
TRE_landbasedwind_class1_moderate_34,1,0.0,-0.0,258.3,258.3,0.0,0.0,0.0,0.0,0.0,0.0,0.0,0.0
TRE_landbasedwind_class1_moderate_35,1,0.0,0.0,1257.1,1257.1,0.0,0.0,0.0,0.0,0.0,0.0,0.0,0.0
TRE_landbasedwind_class1_moderate_36,1,0.0,0.0,178.3,178.3,0.0,0.0,0.0,0.0,0.0,0.0,0.0,0.0
TRE_landbasedwind_class1_moderate_37,1,0.0,-0.0,43.8,43.8,0.0,0.0,0.0,0.0,0.0,0.0,0.0,0.0
TRE_landbasedwind_class1_moderate_38,1,0.0,0.0,21.7,21.7,0.0,0.0,0.0,0.0,0.0,0.0,0.0,0.0
TRE_landbasedwind_class1_moderate_39,1,0.0,0.0,79.9,79.9,0.0,0.0,0.0,0.0,0.0,0.0,0.0,0.0
TRE_landbasedwind_class1_moderate_40,1,0.0,0.0,14.7,14.7,0.0,0.0,0.0,0.0,0.0,0.0,0.0,0.0
TRE_landbasedwind_class1_moderate_41,1,0.0,-0.0,2816.1,2816.1,0.0,0.0,0.0,0.0,0.0,0.0,0.0,0.0
TRE_landbasedwind_class1_moderate_42,1,0.0,-0.0,25.8,25.8,0.0,0.0,0.0,0.0,0.0,0.0,0.0,0.0
TRE_landbasedwind_class1_moderate_43,1,0.0,-0.0,845.8,845.8,0.0,0.0,0.0,0.0,0.0,0.0,0.0,0.0
TRE_landbasedwind_class1_moderate_44,1,0.0,0.0,13.4,13.4,0.0,0.0,0.0,0.0,0.0,0.0,0.0,0.0
TRE_landbasedwind_class1_moderate_45,1,0.0,-0.0,2292.7,2292.7,0.0,0.0,0.0,0.0,0.0,0.0,0.0,0.0
TRE_landbasedwind_class1_moderate_46,1,0.0,0.0,884.8,884.8,0.0,0.0,0.0,0.0,0.0,0.0,0.0,0.0
TRE_landbasedwind_class1_moderate_47,1,0.0,-0.0,996.6,996.6,0.0,0.0,0.0,0.0,0.0,0.0,0.0,0.0
TRE_landbasedwind_class1_moderate_48,1,0.0,-0.0,355.1,355.1,0.0,0.0,0.0,0.0,0.0,0.0,0.0,0.0
TRE_landbasedwind_class1_moderate_49,1,0.0,-0.0,19.9,19.9,0.0,0.0,0.0,0.0,0.0,0.0,0.0,0.0
TRE_landbasedwind_class1_moderate_50,1,0.0,-0.0,1381.7,1381.7,0.0,0.0,0.0,0.0,0.0,0.0,0.0,0.0
TRE_landbasedwind_class1_moderate_51,1,0.0,-0.0,1515.9,1515.9,0.0,0.0,0.0,0.0,0.0,0.0,0.0,0.0
TRE_landbasedwind_class1_moderate_52,1,0.0,0.0,5006.5,5006.5,0.0,0.0,0.0,0.0,0.0,0.0,0.0,0.0
TRE_landbasedwind_class1_moderate_53,1,0.0,0.0,2247.5,2247.5,0.0,0.0,0.0,0.0,0.0,0.0,0.0,0.0
TRE_landbasedwind_class1_moderate_54,1,0.0,-0.0,7527.3,7527.3,0.0,0.0,0.0,0.0,0.0,0.0,0.0,0.0
TRE_landbasedwind_class1_moderate_55,1,0.0,-0.0,88.5,88.5,0.0,0.0,0.0,0.0,0.0,0.0,0.0,0.0
TRE_landbasedwind_class1_moderate_56,1,0.0,0.0,1010.7000000000002,1010.7000000000002,0.0,0.0,0.0,0.0,0.0,0.0,0.0,0.0
TRE_landbasedwind_class1_moderate_57,1,0.0,0.0,1348.1,1348.1,0.0,0.0,0.0,0.0,0.0,0.0,0.0,0.0
TRE_landbasedwind_class1_moderate_58,1,0.0,-0.0,388.3,388.3,0.0,0.0,0.0,0.0,0.0,0.0,0.0,0.0
TRE_landbasedwind_class1_moderate_59,1,0.0,-0.0,515.3,515.3,0.0,0.0,0.0,0.0,0.0,0.0,0.0,0.0
TRE_landbasedwind_class1_moderate_60,1,0.0,-0.0,136.7,136.7,0.0,0.0,0.0,0.0,0.0,0.0,0.0,0.0
TRE_landbasedwind_class1_moderate_61,1,0.0,-0.0,283.1,283.1,0.0,0.0,0.0,0.0,0.0,0.0,0.0,0.0
TRE_landbasedwind_class1_moderate_62,1,0.0,-0.0,1174.6,1174.6,0.0,0.0,0.0,0.0,0.0,0.0,0.0,0.0
TRE_landbasedwind_class1_moderate_63,1,0.0,-0.0,2101.5,2101.5,0.0,0.0,0.0,0.0,0.0,0.0,0.0,0.0
TRE_landbasedwind_class1_moderate_64,1,0.0,0.0,1461.7,1461.7,0.0,0.0,0.0,0.0,0.0,0.0,0.0,0.0
TRE_landbasedwind_class1_moderate_65,1,0.0,-0.0,1616.3,1616.3,0.0,0.0,0.0,0.0,0.0,0.0,0.0,0.0
TRE_landbasedwind_class1_moderate_66,1,0.0,-0.0,1638.7,1638.7,0.0,0.0,0.0,0.0,0.0,0.0,0.0,0.0
TRE_landbasedwind_class1_moderate_67,1,0.0,0.0,130.5,130.5,0.0,0.0,0.0,0.0,0.0,0.0,0.0,0.0
TRE_landbasedwind_class1_moderate_68,1,0.0,-0.0,48.9,48.9,0.0,0.0,0.0,0.0,0.0,0.0,0.0,0.0
TRE_landbasedwind_class1_moderate_69,1,0.0,0.0,484.6,484.6,0.0,0.0,0.0,0.0,0.0,0.0,0.0,0.0
TRE_landbasedwind_class1_moderate_70,1,0.0,-0.0,147.1,147.1,0.0,0.0,0.0,0.0,0.0,0.0,0.0,0.0
TRE_landbasedwind_class1_moderate_71,1,0.0,-0.0,2712.2,2712.2,0.0,0.0,0.0,0.0,0.0,0.0,0.0,0.0
TRE_landbasedwind_class1_moderate_72,1,0.0,-0.0,8.4,8.4,0.0,0.0,0.0,0.0,0.0,0.0,0.0,0.0
TRE_landbasedwind_class1_moderate_73,1,0.0,0.0,111.6,111.6,0.0,0.0,0.0,0.0,0.0,0.0,0.0,0.0
TRE_landbasedwind_class1_moderate_74,1,0.0,-0.0,157.1,157.1,0.0,0.0,0.0,0.0,0.0,0.0,0.0,0.0
TRE_landbasedwind_class1_moderate_75,1,0.0,-0.0,1815.3,1815.3,0.0,0.0,0.0,0.0,0.0,0.0,0.0,0.0
TRE_landbasedwind_class1_moderate_76,1,0.0,-0.0,555.3,555.3,0.0,0.0,0.0,0.0,0.0,0.0,0.0,0.0
TRE_landbasedwind_class1_moderate_77,1,0.0,0.0,108.6,108.6,0.0,0.0,0.0,0.0,0.0,0.0,0.0,0.0
TRE_landbasedwind_class1_moderate_78,1,0.0,-0.0,416.7,416.7,0.0,0.0,0.0,0.0,0.0,0.0,0.0,0.0
TRE_landbasedwind_class1_moderate_79,1,0.0,-0.0,792.6,792.6,0.0,0.0,0.0,0.0,0.0,0.0,0.0,0.0
TRE_landbasedwind_class1_moderate_80,1,0.0,-0.0,116.7,116.7,0.0,0.0,0.0,0.0,0.0,0.0,0.0,0.0
TRE_landbasedwind_class1_moderate_81,1,0.0,-0.0,2649.6,2649.6,0.0,0.0,0.0,0.0,0.0,0.0,0.0,0.0
TRE_landbasedwind_class1_moderate_82,1,0.0,-0.0,1141.9,1141.9,0.0,0.0,0.0,0.0,0.0,0.0,0.0,0.0
TRE_landbasedwind_class1_moderate_83,1,0.0,-0.0,4063.8000000000006,4063.8000000000006,0.0,0.0,0.0,0.0,0.0,0.0,0.0,0.0
TRE_landbasedwind_class1_moderate_84,1,0.0,-0.0,833.4,833.4,0.0,0.0,0.0,0.0,0.0,0.0,0.0,0.0
TRE_landbasedwind_class1_moderate_85,1,0.0,-0.0,74.2,74.2,0.0,0.0,0.0,0.0,0.0,0.0,0.0,0.0
TRE_landbasedwind_class1_moderate_86,1,0.0,0.0,1788.9,1788.9,0.0,0.0,0.0,0.0,0.0,0.0,0.0,0.0
TRE_landbasedwind_class1_moderate_87,1,0.0,-0.0,55.4,55.4,0.0,0.0,0.0,0.0,0.0,0.0,0.0,0.0
TRE_landbasedwind_class1_moderate_88,1,0.0,-0.0,495.0,495.0,0.0,0.0,0.0,0.0,0.0,0.0,0.0,0.0
TRE_landbasedwind_class1_moderate_89,1,0.0,-0.0,4787.0,4787.0,0.0,0.0,0.0,0.0,0.0,0.0,0.0,0.0
TRE_landbasedwind_class1_moderate_90,1,0.0,-0.0,1496.3,1496.3,0.0,0.0,0.0,0.0,0.0,0.0,0.0,0.0
TRE_landbasedwind_class1_moderate_91,1,0.0,0.0,4135.5,4135.5,0.0,0.0,0.0,0.0,0.0,0.0,0.0,0.0
TRE_landbasedwind_class1_moderate_92,1,0.0,-0.0,2957.4,2957.4,0.0,0.0,0.0,0.0,0.0,0.0,0.0,0.0
TRE_landbasedwind_class1_moderate_93,1,0.0,0.0,2112.1,2112.1,0.0,0.0,0.0,0.0,0.0,0.0,0.0,0.0
TRE_landbasedwind_class1_moderate_94,1,0.0,-0.0,547.6,547.6,0.0,0.0,0.0,0.0,0.0,0.0,0.0,0.0
TRE_landbasedwind_class1_moderate_95,1,0.0,-0.0,1637.0,1637.0,0.0,0.0,0.0,0.0,0.0,0.0,0.0,0.0
TRE_landbasedwind_class1_moderate_96,1,0.0,0.0,3902.8,3902.8,0.0,0.0,0.0,0.0,0.0,0.0,0.0,0.0
TRE_landbasedwind_class1_moderate_97,1,0.0,0.0,983.2,983.2,0.0,0.0,0.0,0.0,0.0,0.0,0.0,0.0
TRE_landbasedwind_class1_moderate_98,1,0.0,0.0,450.4,450.4,0.0,0.0,0.0,0.0,0.0,0.0,0.0,0.0
TRE_landbasedwind_class1_moderate_99,1,0.0,-0.0,1392.8,1392.8,0.0,0.0,0.0,0.0,0.0,0.0,0.0,0.0
TRE_landbasedwind_class1_moderate_100,1,0.0,0.0,8.5,8.5,0.0,0.0,0.0,0.0,0.0,0.0,0.0,0.0
TRE_landbasedwind_class1_moderate_101,1,0.0,-0.0,1357.4,1357.4,0.0,0.0,0.0,0.0,0.0,0.0,0.0,0.0
TRE_landbasedwind_class1_moderate_102,1,0.0,0.0,2676.1,2676.1,0.0,0.0,0.0,0.0,0.0,0.0,0.0,0.0
TRE_landbasedwind_class1_moderate_103,1,0.0,-0.0,440.2,440.2,0.0,0.0,0.0,0.0,0.0,0.0,0.0,0.0
TRE_landbasedwind_class1_moderate_104,1,0.0,0.0,836.3,836.3,0.0,0.0,0.0,0.0,0.0,0.0,0.0,0.0
TRE_landbasedwind_class1_moderate_105,1,0.0,0.0,193.0,193.0,0.0,0.0,0.0,0.0,0.0,0.0,0.0,0.0
TRE_landbasedwind_class1_moderate_106,1,0.0,0.0,3607.6,3607.6,0.0,0.0,0.0,0.0,0.0,0.0,0.0,0.0
TRE_landbasedwind_class1_moderate_107,1,0.0,-0.0,362.6,362.6,0.0,0.0,0.0,0.0,0.0,0.0,0.0,0.0
TRE_landbasedwind_class1_moderate_108,1,0.0,0.0,964.3,964.3,0.0,0.0,0.0,0.0,0.0,0.0,0.0,0.0
TRE_landbasedwind_class1_moderate_109,1,0.0,-0.0,1226.6,1226.6,0.0,0.0,0.0,0.0,0.0,0.0,0.0,0.0
TRE_landbasedwind_class1_moderate_110,1,0.0,-0.0,230.0,230.0,0.0,0.0,0.0,0.0,0.0,0.0,0.0,0.0
TRE_landbasedwind_class1_moderate_111,1,0.0,-0.0,888.5,888.5,0.0,0.0,0.0,0.0,0.0,0.0,0.0,0.0
TRE_landbasedwind_class1_moderate_112,1,0.0,0.0,149.0,149.0,0.0,0.0,0.0,0.0,0.0,0.0,0.0,0.0
TRE_landbasedwind_class1_moderate_113,1,0.0,-0.0,1384.9,1384.9,0.0,0.0,0.0,0.0,0.0,0.0,0.0,0.0
TRE_landbasedwind_class1_moderate_114,1,0.0,0.0,1593.6,1593.6,0.0,0.0,0.0,0.0,0.0,0.0,0.0,0.0
TRE_landbasedwind_class1_moderate_115,1,0.0,-0.0,865.3,865.3,0.0,0.0,0.0,0.0,0.0,0.0,0.0,0.0
TRE_landbasedwind_class1_moderate_116,1,0.0,-0.0,12.2,12.2,0.0,0.0,0.0,0.0,0.0,0.0,0.0,0.0
TRE_landbasedwind_class1_moderate_117,1,0.0,0.0,37.4,37.4,0.0,0.0,0.0,0.0,0.0,0.0,0.0,0.0
TRE_landbasedwind_class1_moderate_118,1,0.0,0.0,32.5,32.5,0.0,0.0,0.0,0.0,0.0,0.0,0.0,0.0
TRE_landbasedwind_class1_moderate_119,1,0.0,0.0,493.2,493.2,0.0,0.0,0.0,0.0,0.0,0.0,0.0,0.0
TRE_landbasedwind_class1_moderate_120,1,0.0,0.0,555.8,555.8,0.0,0.0,0.0,0.0,0.0,0.0,0.0,0.0
TRE_landbasedwind_class1_moderate_121,1,0.0,0.0,1518.5,1518.5,0.0,0.0,0.0,0.0,0.0,0.0,0.0,0.0
TRE_landbasedwind_class1_moderate_122,1,0.0,0.0,100.6,100.6,0.0,0.0,0.0,0.0,0.0,0.0,0.0,0.0
TRE_landbasedwind_class1_moderate_123,1,0.0,-0.0,205.0,205.0,0.0,0.0,0.0,0.0,0.0,0.0,0.0,0.0
TRE_landbasedwind_class1_moderate_124,1,0.0,0.0,505.70000000000005,505.70000000000005,0.0,0.0,0.0,0.0,0.0,0.0,0.0,0.0
TRE_landbasedwind_class1_moderate_125,1,0.0,-0.0,34.6,34.6,0.0,0.0,0.0,0.0,0.0,0.0,0.0,0.0
TRE_landbasedwind_class1_moderate_126,1,0.0,0.0,1502.6,1502.6,0.0,0.0,0.0,0.0,0.0,0.0,0.0,0.0
TRE_landbasedwind_class1_moderate_127,1,0.0,0.0,1229.8,1229.8,0.0,0.0,0.0,0.0,0.0,0.0,0.0,0.0
TRE_landbasedwind_class1_moderate_128,1,0.0,-0.0,1981.9,1981.9,0.0,0.0,0.0,0.0,0.0,0.0,0.0,0.0
TRE_landbasedwind_class1_moderate_129,1,0.0,0.0,1052.4,1052.4,0.0,0.0,0.0,0.0,0.0,0.0,0.0,0.0
TRE_landbasedwind_class1_moderate_130,1,0.0,0.0,1569.4,1569.4,0.0,0.0,0.0,0.0,0.0,0.0,0.0,0.0
TRE_landbasedwind_class1_moderate_131,1,0.0,-0.0,33.2,33.2,0.0,0.0,0.0,0.0,0.0,0.0,0.0,0.0
TRE_landbasedwind_class1_moderate_132,1,0.0,-0.0,105.1,105.1,0.0,0.0,0.0,0.0,0.0,0.0,0.0,0.0
TRE_landbasedwind_class1_moderate_133,1,0.0,0.0,848.2,848.2,0.0,0.0,0.0,0.0,0.0,0.0,0.0,0.0
TRE_landbasedwind_class1_moderate_134,1,0.0,-0.0,3543.1,3543.1,0.0,0.0,0.0,0.0,0.0,0.0,0.0,0.0
TRE_landbasedwind_class1_moderate_135,1,0.0,-0.0,1903.8,1903.8,0.0,0.0,0.0,0.0,0.0,0.0,0.0,0.0
TRE_landbasedwind_class1_moderate_136,1,0.0,-0.0,5.7,5.7,0.0,0.0,0.0,0.0,0.0,0.0,0.0,0.0
TRE_landbasedwind_class1_moderate_137,1,0.0,-0.0,14.6,14.6,0.0,0.0,0.0,0.0,0.0,0.0,0.0,0.0
TRE_landbasedwind_class1_moderate_138,1,0.0,-0.0,53.3,53.3,0.0,0.0,0.0,0.0,0.0,0.0,0.0,0.0
TRE_landbasedwind_class1_moderate_139,1,0.0,0.0,3187.3,3187.3,0.0,0.0,0.0,0.0,0.0,0.0,0.0,0.0
TRE_landbasedwind_class1_moderate_140,1,0.0,0.0,3226.8,3226.8,0.0,0.0,0.0,0.0,0.0,0.0,0.0,0.0
TRE_landbasedwind_class1_moderate_141,1,0.0,-0.0,1048.5,1048.5,0.0,0.0,0.0,0.0,0.0,0.0,0.0,0.0
TRE_landbasedwind_class1_moderate_142,1,0.0,-0.0,3.3,3.3,0.0,0.0,0.0,0.0,0.0,0.0,0.0,0.0
TRE_landbasedwind_class1_moderate_143,1,0.0,-0.0,140.0,140.0,0.0,0.0,0.0,0.0,0.0,0.0,0.0,0.0
TRE_landbasedwind_class1_moderate_144,1,0.0,-0.0,1538.6,1538.6,0.0,0.0,0.0,0.0,0.0,0.0,0.0,0.0
TRE_landbasedwind_class1_moderate_145,1,0.0,0.0,88.0,88.0,0.0,0.0,0.0,0.0,0.0,0.0,0.0,0.0
TRE_landbasedwind_class1_moderate_146,1,0.0,0.0,68.4,68.4,0.0,0.0,0.0,0.0,0.0,0.0,0.0,0.0
TRE_landbasedwind_class1_moderate_147,1,0.0,0.0,96.5,96.5,0.0,0.0,0.0,0.0,0.0,0.0,0.0,0.0
TRE_landbasedwind_class1_moderate_148,1,0.0,0.0,47.6,47.6,0.0,0.0,0.0,0.0,0.0,0.0,0.0,0.0
TRE_landbasedwind_class1_moderate_149,1,0.0,-0.0,111.3,111.3,0.0,0.0,0.0,0.0,0.0,0.0,0.0,0.0
TRE_landbasedwind_class1_moderate_150,1,0.0,-0.0,1537.0,1537.0,0.0,0.0,0.0,0.0,0.0,0.0,0.0,0.0
TRE_landbasedwind_class1_moderate_151,1,0.0,0.0,3162.0,3162.0,0.0,0.0,0.0,0.0,0.0,0.0,0.0,0.0
TRE_landbasedwind_class1_moderate_152,1,0.0,0.0,60.2,60.2,0.0,0.0,0.0,0.0,0.0,0.0,0.0,0.0
TRE_landbasedwind_class1_moderate_153,1,0.0,-0.0,1085.0,1085.0,0.0,0.0,0.0,0.0,0.0,0.0,0.0,0.0
TRE_landbasedwind_class1_moderate_154,1,0.0,0.0,298.4,298.4,0.0,0.0,0.0,0.0,0.0,0.0,0.0,0.0
TRE_landbasedwind_class1_moderate_155,1,0.0,0.0,15.3,15.3,0.0,0.0,0.0,0.0,0.0,0.0,0.0,0.0
TRE_landbasedwind_class1_moderate_156,1,0.0,-0.0,224.6,224.6,0.0,0.0,0.0,0.0,0.0,0.0,0.0,0.0
TRE_landbasedwind_class1_moderate_157,1,0.0,0.0,9523.1,9523.1,0.0,0.0,0.0,0.0,0.0,0.0,0.0,0.0
TRE_landbasedwind_class1_moderate_158,1,0.0,-0.0,1021.8000000000001,1021.8000000000001,0.0,0.0,0.0,0.0,0.0,0.0,0.0,0.0
TRE_landbasedwind_class1_moderate_159,1,0.0,-0.0,972.0,972.0,0.0,0.0,0.0,0.0,0.0,0.0,0.0,0.0
TRE_landbasedwind_class1_moderate_160,1,0.0,-0.0,315.1,315.1,0.0,0.0,0.0,0.0,0.0,0.0,0.0,0.0
TRE_landbasedwind_class1_moderate_161,1,0.0,0.0,413.6,413.6,0.0,0.0,0.0,0.0,0.0,0.0,0.0,0.0
TRE_landbasedwind_class1_moderate_162,1,0.0,0.0,221.0,221.0,0.0,0.0,0.0,0.0,0.0,0.0,0.0,0.0
TRE_landbasedwind_class1_moderate_163,1,0.0,-0.0,110.2,110.2,0.0,0.0,0.0,0.0,0.0,0.0,0.0,0.0
TRE_landbasedwind_class1_moderate_164,1,0.0,-0.0,1983.5,1983.5,0.0,0.0,0.0,0.0,0.0,0.0,0.0,0.0
TRE_landbasedwind_class1_moderate_165,1,0.0,0.0,3091.5,3091.5,0.0,0.0,0.0,0.0,0.0,0.0,0.0,0.0
TRE_landbasedwind_class1_moderate_166,1,0.0,-0.0,1850.8,1850.8,0.0,0.0,0.0,0.0,0.0,0.0,0.0,0.0
TRE_utilitypv_class1_moderate_1,1,0.0,-0.0,396.1,396.1,0.0,0.0,0.0,0.0,0.0,0.0,0.0,0.0
TRE_utilitypv_class1_moderate_2,1,0.0,-0.0,3380.5,3380.5,0.0,0.0,0.0,0.0,0.0,0.0,0.0,0.0
TRE_utilitypv_class1_moderate_3,1,0.0,0.0,238.7,238.7,0.0,0.0,0.0,0.0,0.0,0.0,0.0,0.0
TRE_utilitypv_class1_moderate_4,1,0.0,0.0,5462.4,5462.4,0.0,0.0,0.0,0.0,0.0,0.0,0.0,0.0
TRE_utilitypv_class1_moderate_5,1,0.0,0.0,7086.2,7086.2,0.0,0.0,0.0,0.0,0.0,0.0,0.0,0.0
TRE_utilitypv_class1_moderate_6,1,0.0,-0.0,2799.5,2799.5,0.0,0.0,0.0,0.0,0.0,0.0,0.0,0.0
TRE_utilitypv_class1_moderate_7,1,0.0,-0.0,2727.8,2727.8,0.0,0.0,0.0,0.0,0.0,0.0,0.0,0.0
TRE_utilitypv_class1_moderate_8,1,0.0,-0.0,4121.0,4121.0,0.0,0.0,0.0,0.0,0.0,0.0,0.0,0.0
TRE_utilitypv_class1_moderate_9,1,0.0,0.0,2089.2,2089.2,0.0,0.0,0.0,0.0,0.0,0.0,0.0,0.0
TRE_utilitypv_class1_moderate_10,1,0.0,0.0,696.9,696.9,0.0,0.0,0.0,0.0,0.0,0.0,0.0,0.0
TRE_utilitypv_class1_moderate_11,1,0.0,0.0,4910.1,4910.1,0.0,0.0,0.0,0.0,0.0,0.0,0.0,0.0
TRE_utilitypv_class1_moderate_12,1,0.0,0.0,1703.7,1703.7,0.0,0.0,0.0,0.0,0.0,0.0,0.0,0.0
TRE_utilitypv_class1_moderate_13,1,0.0,0.0,228.4,228.4,0.0,0.0,0.0,0.0,0.0,0.0,0.0,0.0
TRE_utilitypv_class1_moderate_14,1,0.0,0.0,65.7,65.7,0.0,0.0,0.0,0.0,0.0,0.0,0.0,0.0
TRE_utilitypv_class1_moderate_15,1,0.0,-0.0,3117.2,3117.2,0.0,0.0,0.0,0.0,0.0,0.0,0.0,0.0
TRE_utilitypv_class1_moderate_16,1,0.0,-0.0,3011.5,3011.5,0.0,0.0,0.0,0.0,0.0,0.0,0.0,0.0
TRE_utilitypv_class1_moderate_17,1,0.0,-0.0,3133.6,3133.6,0.0,0.0,0.0,0.0,0.0,0.0,0.0,0.0
TRE_utilitypv_class1_moderate_18,1,0.0,-0.0,838.7,838.7,0.0,0.0,0.0,0.0,0.0,0.0,0.0,0.0
TRE_utilitypv_class1_moderate_19,1,0.0,0.0,835.1,835.1,0.0,0.0,0.0,0.0,0.0,0.0,0.0,0.0
TRE_utilitypv_class1_moderate_20,1,0.0,0.0,2417.1,2417.1,0.0,0.0,0.0,0.0,0.0,0.0,0.0,0.0
TRE_utilitypv_class1_moderate_21,1,0.0,0.0,7105.4,7105.4,0.0,0.0,0.0,0.0,0.0,0.0,0.0,0.0
TRE_utilitypv_class1_moderate_22,1,0.0,-0.0,117.0,117.0,0.0,0.0,0.0,0.0,0.0,0.0,0.0,0.0
TRE_utilitypv_class1_moderate_23,1,0.0,0.0,139.5,139.5,0.0,0.0,0.0,0.0,0.0,0.0,0.0,0.0
TRE_utilitypv_class1_moderate_24,1,0.0,-0.0,1947.6,1947.6,0.0,0.0,0.0,0.0,0.0,0.0,0.0,0.0
TRE_utilitypv_class1_moderate_25,1,0.0,-0.0,1321.0,1321.0,0.0,0.0,0.0,0.0,0.0,0.0,0.0,0.0
TRE_utilitypv_class1_moderate_26,1,0.0,-0.0,226.5,226.5,0.0,0.0,0.0,0.0,0.0,0.0,0.0,0.0
TRE_utilitypv_class1_moderate_27,1,0.0,0.0,498.9,498.9,0.0,0.0,0.0,0.0,0.0,0.0,0.0,0.0
TRE_utilitypv_class1_moderate_28,1,0.0,-0.0,276.8,276.8,0.0,0.0,0.0,0.0,0.0,0.0,0.0,0.0
TRE_utilitypv_class1_moderate_29,1,0.0,0.0,5463.1,5463.1,0.0,0.0,0.0,0.0,0.0,0.0,0.0,0.0
TRE_utilitypv_class1_moderate_30,1,0.0,0.0,4564.4,4564.4,0.0,0.0,0.0,0.0,0.0,0.0,0.0,0.0
TRE_utilitypv_class1_moderate_31,1,0.0,0.0,183.0,183.0,0.0,0.0,0.0,0.0,0.0,0.0,0.0,0.0
TRE_utilitypv_class1_moderate_32,1,0.0,-0.0,7010.4,7010.4,0.0,0.0,0.0,0.0,0.0,0.0,0.0,0.0
TRE_utilitypv_class1_moderate_33,1,0.0,0.0,404.1,404.1,0.0,0.0,0.0,0.0,0.0,0.0,0.0,0.0
TRE_utilitypv_class1_moderate_34,1,0.0,-0.0,3412.3,3412.3,0.0,0.0,0.0,0.0,0.0,0.0,0.0,0.0
TRE_utilitypv_class1_moderate_35,1,0.0,-0.0,417.7,417.7,0.0,0.0,0.0,0.0,0.0,0.0,0.0,0.0
TRE_utilitypv_class1_moderate_36,1,0.0,0.0,4488.9,4488.9,0.0,0.0,0.0,0.0,0.0,0.0,0.0,0.0
TRE_utilitypv_class1_moderate_37,1,0.0,0.0,13714.2,13714.2,0.0,0.0,0.0,0.0,0.0,0.0,0.0,0.0
TRE_utilitypv_class1_moderate_38,1,0.0,0.0,3372.1,3372.1,0.0,0.0,0.0,0.0,0.0,0.0,0.0,0.0
TRE_utilitypv_class1_moderate_39,1,0.0,0.0,2635.3,2635.3,0.0,0.0,0.0,0.0,0.0,0.0,0.0,0.0
TRE_utilitypv_class1_moderate_40,1,0.0,0.0,6781.8,6781.8,0.0,0.0,0.0,0.0,0.0,0.0,0.0,0.0
TRE_utilitypv_class1_moderate_41,1,0.0,-0.0,6226.8,6226.8,0.0,0.0,0.0,0.0,0.0,0.0,0.0,0.0
TRE_utilitypv_class1_moderate_42,1,0.0,-0.0,616.0,616.0,0.0,0.0,0.0,0.0,0.0,0.0,0.0,0.0
TRE_utilitypv_class1_moderate_43,1,0.0,-0.0,3655.9,3655.9,0.0,0.0,0.0,0.0,0.0,0.0,0.0,0.0
TRE_utilitypv_class1_moderate_44,1,0.0,-0.0,7924.3,7924.3,0.0,0.0,0.0,0.0,0.0,0.0,0.0,0.0
TRE_utilitypv_class1_moderate_45,1,0.0,0.0,459.6,459.6,0.0,0.0,0.0,0.0,0.0,0.0,0.0,0.0
TRE_utilitypv_class1_moderate_46,1,0.0,-0.0,224.1,224.1,0.0,0.0,0.0,0.0,0.0,0.0,0.0,0.0
TRE_utilitypv_class1_moderate_47,1,0.0,0.0,1170.8,1170.8,0.0,0.0,0.0,0.0,0.0,0.0,0.0,0.0
TRE_utilitypv_class1_moderate_48,1,0.0,0.0,85.6,85.6,0.0,0.0,0.0,0.0,0.0,0.0,0.0,0.0
TRE_utilitypv_class1_moderate_49,1,0.0,-0.0,1283.5,1283.5,0.0,0.0,0.0,0.0,0.0,0.0,0.0,0.0
TRE_utilitypv_class1_moderate_50,1,0.0,0.0,10073.8,10073.8,0.0,0.0,0.0,0.0,0.0,0.0,0.0,0.0
TRE_utilitypv_class1_moderate_51,1,0.0,-0.0,6794.6,6794.6,0.0,0.0,0.0,0.0,0.0,0.0,0.0,0.0
TRE_utilitypv_class1_moderate_52,1,0.0,-0.0,283.8,283.8,0.0,0.0,0.0,0.0,0.0,0.0,0.0,0.0
TRE_utilitypv_class1_moderate_53,1,0.0,-0.0,498.2,498.2,0.0,0.0,0.0,0.0,0.0,0.0,0.0,0.0
TRE_utilitypv_class1_moderate_54,1,0.0,-0.0,311.9,311.9,0.0,0.0,0.0,0.0,0.0,0.0,0.0,0.0
TRE_utilitypv_class1_moderate_55,1,0.0,0.0,6075.6,6075.6,0.0,0.0,0.0,0.0,0.0,0.0,0.0,0.0
TRE_utilitypv_class1_moderate_56,1,0.0,0.0,2010.1,2010.1,0.0,0.0,0.0,0.0,0.0,0.0,0.0,0.0
TRE_utilitypv_class1_moderate_57,1,0.0,0.0,279.0,279.0,0.0,0.0,0.0,0.0,0.0,0.0,0.0,0.0
TRE_utilitypv_class1_moderate_58,1,0.0,-0.0,3640.7,3640.7,0.0,0.0,0.0,0.0,0.0,0.0,0.0,0.0
TRE_utilitypv_class1_moderate_59,1,0.0,0.0,651.1,651.1,0.0,0.0,0.0,0.0,0.0,0.0,0.0,0.0
TRE_utilitypv_class1_moderate_60,1,0.0,0.0,58.6,58.6,0.0,0.0,0.0,0.0,0.0,0.0,0.0,0.0
TRE_utilitypv_class1_moderate_61,1,0.0,-0.0,105.2,105.2,0.0,0.0,0.0,0.0,0.0,0.0,0.0,0.0
TRE_utilitypv_class1_moderate_62,1,0.0,0.0,170.2,170.2,0.0,0.0,0.0,0.0,0.0,0.0,0.0,0.0
TRE_utilitypv_class1_moderate_63,1,0.0,-0.0,1096.2,1096.2,0.0,0.0,0.0,0.0,0.0,0.0,0.0,0.0
TRE_utilitypv_class1_moderate_64,1,0.0,0.0,1456.6,1456.6,0.0,0.0,0.0,0.0,0.0,0.0,0.0,0.0
TRE_utilitypv_class1_moderate_65,1,0.0,-0.0,29.0,29.0,0.0,0.0,0.0,0.0,0.0,0.0,0.0,0.0
TRE_utilitypv_class1_moderate_66,1,0.0,-0.0,999.0,999.0,0.0,0.0,0.0,0.0,0.0,0.0,0.0,0.0
TRE_utilitypv_class1_moderate_67,1,0.0,-0.0,2114.5,2114.5,0.0,0.0,0.0,0.0,0.0,0.0,0.0,0.0
TRE_utilitypv_class1_moderate_68,1,0.0,-0.0,6.9,6.9,0.0,0.0,0.0,0.0,0.0,0.0,0.0,0.0
TRE_utilitypv_class1_moderate_69,1,0.0,0.0,951.9,951.9,0.0,0.0,0.0,0.0,0.0,0.0,0.0,0.0
TRE_utilitypv_class1_moderate_70,1,0.0,-0.0,1212.9,1212.9,0.0,0.0,0.0,0.0,0.0,0.0,0.0,0.0
TRE_utilitypv_class1_moderate_71,1,0.0,0.0,348.2,348.2,0.0,0.0,0.0,0.0,0.0,0.0,0.0,0.0
TRE_utilitypv_class1_moderate_72,1,0.0,-0.0,1066.4,1066.4,0.0,0.0,0.0,0.0,0.0,0.0,0.0,0.0
TRE_utilitypv_class1_moderate_73,1,0.0,0.0,249.7,249.7,0.0,0.0,0.0,0.0,0.0,0.0,0.0,0.0
TRE_utilitypv_class1_moderate_74,1,0.0,-0.0,10399.8,10399.8,0.0,0.0,0.0,0.0,0.0,0.0,0.0,0.0
TRE_utilitypv_class1_moderate_75,1,0.0,-0.0,8857.4,8857.4,0.0,0.0,0.0,0.0,0.0,0.0,0.0,0.0
TRE_utilitypv_class1_moderate_76,1,0.0,-0.0,5255.0,5255.0,0.0,0.0,0.0,0.0,0.0,0.0,0.0,0.0
TRE_utilitypv_class1_moderate_77,1,0.0,0.0,60.1,60.1,0.0,0.0,0.0,0.0,0.0,0.0,0.0,0.0
TRE_offshorewind_class3_moderate_0,1,0.0,0.0,1770.0,1770.0,0.0,0.0,0.0,0.0,0.0,0.0,0.0,0.0
TRE_offshorewind_class3_moderate_1,1,0.0,0.0,1773.8,1773.8,0.0,0.0,0.0,0.0,0.0,0.0,0.0,0.0
TRE_offshorewind_class3_moderate_2,1,0.0,0.0,2318.8,2318.8,0.0,0.0,0.0,0.0,0.0,0.0,0.0,0.0
TRE_offshorewind_class3_moderate_3,1,0.0,0.0,1462.5,1462.5,0.0,0.0,0.0,0.0,0.0,0.0,0.0,0.0
TRE_offshorewind_class3_moderate_4,1,0.0,0.0,2176.2,2176.2,0.0,0.0,0.0,0.0,0.0,0.0,0.0,0.0
TRE_offshorewind_class3_moderate_5,1,0.0,0.0,1640.0,1640.0,0.0,0.0,0.0,0.0,0.0,0.0,0.0,0.0
TRE_offshorewind_class3_moderate_6,1,0.0,0.0,3032.5,3032.5,0.0,0.0,0.0,0.0,0.0,0.0,0.0,0.0
TRE_offshorewind_class3_moderate_7,1,0.0,0.0,905.0,905.0,0.0,0.0,0.0,0.0,0.0,0.0,0.0,0.0
TRE_WEST_naturalgas_ccavgcf_moderate_0,2,0.0,0.0,55664.6419,55664.6419,0.0,0.0,0.0,0.0,0.0,0.0,0.0,0.0
TRE_WEST_naturalgas_ctavgcf_moderate_0,2,0.0,0.0,0.0,0.0,0.0,0.0,0.0,0.0,0.0,0.0,0.0,0.0
TRE_WEST_battery_moderate_0,2,0.0,0.0,931227.3809811207,931227.3809811207,0.0,0.0,9.312273809811208e6,9.312273809811208e6,0.0,0.0,0.0,0.0
TRE_WEST_nuclear_nuclear_moderate_0,2,0.0,0.0,0.0,0.0,0.0,0.0,0.0,0.0,0.0,0.0,0.0,0.0
Total,n/a,0.0,0.0,4.085154466097936e7,4.085154466097936e7,0.0,0.0,4.720692121220021e7,4.720692121220021e7,0.0,0.0,0.0,0.0
