Time_Index,natural_gas_combined_cycle,solar_pv,onshore_wind,battery
1,1.0,0.0,0.978688746,1.0
2,1.0,0.0,0.965487015,1.0
3,1.0,0.0,0.993766623,1.0
4,1.0,0.0,0.984668482,1.0
5,1.0,0.0,0.832983929,1.0
6,1.0,0.0,0.694021565,1.0
7,1.0,0.0,0.61289556,1.0
8,1.0,0.0,0.66797412,1.0
9,1.0,0.19569,0.465759653,1.0
10,1.0,0.4719,0.008217853,1.0
11,1.0,0.63228,0.002789536,1.0
12,1.0,0.71324,0.00236908,1.0
13,1.0,0.68288,0.004896452,1.0
14,1.0,0.6556,0.008482746,1.0
15,1.0,0.55143,0.110933034,1.0
16,1.0,0.36421,0.221982364,1.0
17,1.0,0.07062,0.156126359,1.0
18,1.0,0.0,0.623724818,1.0
19,1.0,0.0,1.040627385,1.0
20,1.0,0.0,1.015733623,1.0
21,1.0,0.0,1.048724872,1.0
22,1.0,0.0,1.02212596,1.0
23,1.0,0.0,0.9344818,1.0
24,1.0,0.0,0.732128071,1.0
25,1.0,0.0,0.580195749,1.0
26,1.0,0.0,0.713022464,1.0
27,1.0,0.0,0.699931145,1.0
28,1.0,0.0,1.006325948,1.0
29,1.0,0.0,0.943445075,1.0
30,1.0,0.0,0.907245397,1.0
31,1.0,0.0,0.645289511,1.0
32,1.0,0.0,0.534564597,1.0
33,1.0,0.176,0.622477901,1.0
34,1.0,0.37598,0.816125631,1.0
35,1.0,0.54472,1.022259318,1.0
36,1.0,0.62194,1.085090494,1.0
37,1.0,0.62843,1.090811706,1.0
38,1.0,0.59554,1.084187597,1.0
39,1.0,0.51447,1.090201492,1.0
40,1.0,0.35123,1.046666849,1.0
41,1.0,0.11033,1.057705457,1.0
42,1.0,0.0,0.877032995,1.0
43,1.0,0.0,0.79765181,1.0
44,1.0,0.0,0.597793293,1.0
45,1.0,0.0,0.907837058,1.0
46,1.0,0.0,1.013185764,1.0
47,1.0,0.0,0.90793724,1.0
48,1.0,0.0,0.881193822,1.0
49,1.0,0.0,0.92254023,1.0
50,1.0,0.0,0.724462987,1.0
51,1.0,0.0,0.533850592,1.0
52,1.0,0.0,0.65558533,1.0
53,1.0,0.0,0.684025967,1.0
54,1.0,0.0,0.768127185,1.0
55,1.0,0.0,0.621905583,1.0
56,1.0,0.0,0.399280795,1.0
57,1.0,0.23617,0.470003846,1.0
58,1.0,0.4796,0.976687897,1.0
59,1.0,0.63657,1.047931206,1.0
60,1.0,0.6952,1.073980618,1.0
61,1.0,0.70961,1.097805601,1.0
62,1.0,0.68277,1.076414066,1.0
63,1.0,0.60544,1.091591602,1.0
64,1.0,0.41591,1.084759062,1.0
65,1.0,0.15081,0.936689508,1.0
66,1.0,0.0,0.993373037,1.0
67,1.0,0.0,1.093656838,1.0
68,1.0,0.0,0.910208088,1.0
69,1.0,0.0,1.062389231,1.0
70,1.0,0.0,1.056176805,1.0
71,1.0,0.0,1.086505258,1.0
72,1.0,0.0,1.077904296,1.0
73,1.0,0.0,1.099794519,1.0
74,1.0,0.0,1.092298722,1.0
75,1.0,0.0,1.004020941,1.0
76,1.0,0.0,0.990345764,1.0
77,1.0,0.0,0.990993154,1.0
78,1.0,0.0,0.864819527,1.0
79,1.0,0.0,0.824675191,1.0
80,1.0,0.0,0.756105494,1.0
81,1.0,0.25047,0.664790476,1.0
82,1.0,0.49522,0.659810084,1.0
83,1.0,0.66506,0.635259623,1.0
84,1.0,0.74701,0.095027824,1.0
85,1.0,0.74008,0.044969641,1.0
86,1.0,0.71302,0.024677699,1.0
87,1.0,0.5808,0.010407439,1.0
88,1.0,0.36773,0.014889305,1.0
89,1.0,0.0308,0.006902324,1.0
90,1.0,0.0,0.063898219,1.0
91,1.0,0.0,0.246569543,1.0
92,1.0,0.0,0.30302974,1.0
93,1.0,0.0,0.458647576,1.0
94,1.0,0.0,0.429822138,1.0
95,1.0,0.0,0.51024758,1.0
96,1.0,0.0,0.461878789,1.0
97,1.0,0.0,0.35848884,1.0
98,1.0,0.0,0.575034202,1.0
99,1.0,0.0,0.402586326,1.0
100,1.0,0.0,0.466829806,1.0
101,1.0,0.0,0.476427227,1.0
102,1.0,0.0,0.399157271,1.0
103,1.0,0.0,0.250940654,1.0
104,1.0,0.0,0.280493667,1.0
105,1.0,0.11363,0.327088398,1.0
106,1.0,0.30844,0.291525751,1.0
107,1.0,0.48092,0.271332746,1.0
108,1.0,0.65043,0.230500108,1.0
109,1.0,0.58839,0.234599042,1.0
110,1.0,0.53394,0.388755891,1.0
111,1.0,0.43703,0.45152986,1.0
112,1.0,0.32428,0.889787638,1.0
113,1.0,0.09867,0.850721323,1.0
114,1.0,0.0,0.890932864,1.0
115,1.0,0.0,0.753889656,1.0
116,1.0,0.0,0.504631633,1.0
117,1.0,0.0,0.527679015,1.0
118,1.0,0.0,0.106960805,1.0
119,1.0,0.0,0.410454435,1.0
120,1.0,0.0,0.184781016,1.0
121,1.0,0.0,0.367056823,1.0
122,1.0,0.0,0.328669173,1.0
123,1.0,0.0,0.167353106,1.0
124,1.0,0.0,0.076784553,1.0
125,1.0,0.0,0.163509449,1.0
126,1.0,0.0,0.230054806,1.0
127,1.0,0.0,0.266093882,1.0
128,1.0,0.0,0.256034341,1.0
129,1.0,0.11253,0.476793375,1.0
130,1.0,0.32329,0.582956171,1.0
131,1.0,0.55396,0.276749375,1.0
132,1.0,0.682,0.279396075,1.0
133,1.0,0.65417,0.238388345,1.0
134,1.0,0.46871,0.330204052,1.0
135,1.0,0.40139,0.194854669,1.0
136,1.0,0.21912,0.146590078,1.0
137,1.0,0.01661,0.309874016,1.0
138,1.0,0.0,0.451284155,1.0
139,1.0,0.0,0.383482457,1.0
140,1.0,0.0,0.191936989,1.0
141,1.0,0.0,0.329269618,1.0
142,1.0,0.0,0.347170761,1.0
143,1.0,0.0,0.431480476,1.0
144,1.0,0.0,0.443504855,1.0
145,1.0,0.0,0.394668127,1.0
146,1.0,0.0,0.488850209,1.0
147,1.0,0.0,0.565737462,1.0
148,1.0,0.0,0.529635149,1.0
149,1.0,0.0,0.369756597,1.0
150,1.0,0.0,0.110587498,1.0
151,1.0,0.0,0.075261943,1.0
152,1.0,0.0,0.080221198,1.0
153,1.0,0.20713,0.175584247,1.0
154,1.0,0.44737,0.285891938,1.0
155,1.0,0.60258,0.364974049,1.0
156,1.0,0.70246,0.237791637,1.0
157,1.0,0.71544,0.241736985,1.0
158,1.0,0.69421,0.302268529,1.0
159,1.0,0.56023,0.392690715,1.0
160,1.0,0.3289,0.446165684,1.0
161,1.0,0.06083,0.387176493,1.0
162,1.0,0.0,0.754623067,1.0
163,1.0,0.0,1.01454047,1.0
164,1.0,0.0,0.978727365,1.0
165,1.0,0.0,1.040396922,1.0
166,1.0,0.0,0.967472982,1.0
167,1.0,0.0,1.003355062,1.0
168,1.0,0.0,1.072794282,1.0
169,1.0,0.0,0.923957354,1.0
170,1.0,0.0,0.938703668,1.0
171,1.0,0.0,0.889801341,1.0
172,1.0,0.0,0.856350613,1.0
173,1.0,0.0,0.850386745,1.0
174,1.0,0.0,0.783302033,1.0
175,1.0,0.0,0.691556054,1.0
176,1.0,0.08624,0.726613391,1.0
177,1.0,0.37532,0.617178536,1.0
178,1.0,0.59642,0.202033623,1.0
179,1.0,0.76395,0.220798307,1.0
180,1.0,0.81763,0.299085212,1.0
181,1.0,0.82368,0.421284315,1.0
182,1.0,0.81741,0.631909508,1.0
183,1.0,0.75724,0.440323865,1.0
184,1.0,0.59004,0.341706138,1.0
185,1.0,0.36905,0.292897144,1.0
186,1.0,0.0836,0.326628819,1.0
187,1.0,0.0,0.367908874,1.0
188,1.0,0.0,0.270410082,1.0
189,1.0,0.0,0.269370006,1.0
190,1.0,0.0,0.499868983,1.0
191,1.0,0.0,0.365611997,1.0
192,1.0,0.0,0.72218532,1.0
193,1.0,0.0,0.835011595,1.0
194,1.0,0.0,0.712102586,1.0
195,1.0,0.0,0.765742516,1.0
196,1.0,0.0,0.853439128,1.0
197,1.0,0.0,0.795355326,1.0
198,1.0,0.0,0.652032358,1.0
199,1.0,0.0,0.7064314,1.0
200,1.0,0.05786,0.467555022,1.0
201,1.0,0.29788,0.320934851,1.0
202,1.0,0.51579,0.810437268,1.0
203,1.0,0.78892,1.013732773,1.0
204,1.0,0.75944,1.048115772,1.0
205,1.0,0.81466,1.083195335,1.0
206,1.0,0.82368,1.096347106,1.0
207,1.0,0.78232,1.089821148,1.0
208,1.0,0.6127,1.077493333,1.0
209,1.0,0.3894,1.088707852,1.0
210,1.0,0.0968,1.082759589,1.0
211,1.0,0.0,0.980943269,1.0
212,1.0,0.0,0.714346421,1.0
213,1.0,0.0,0.604287189,1.0
214,1.0,0.0,0.629150594,1.0
215,1.0,0.0,0.735379183,1.0
216,1.0,0.0,0.628426033,1.0
217,1.0,0.0,0.436951196,1.0
218,1.0,0.0,0.43335013,1.0
219,1.0,0.0,0.64723922,1.0
220,1.0,0.0,0.560675705,1.0
221,1.0,0.0,0.519962067,1.0
222,1.0,0.0,0.298984373,1.0
223,1.0,0.0,0.048376601,1.0
224,1.0,0.05203,0.000823947,1.0
225,1.0,0.3267,0.02076704,1.0
226,1.0,0.56782,0.0,1.0
227,1.0,0.72127,0.000249305,1.0
228,1.0,0.74954,0.113629399,1.0
229,1.0,0.74822,0.389464257,1.0
230,1.0,0.73931,0.666980743,1.0
231,1.0,0.55682,0.937691998,1.0
232,1.0,0.4169,0.996239674,1.0
233,1.0,0.22033,1.091124189,1.0
234,1.0,0.0165,1.094073308,1.0
235,1.0,0.0,1.071316445,1.0
236,1.0,0.0,0.867733043,1.0
237,1.0,0.0,0.76371013,1.0
238,1.0,0.0,0.75455029,1.0
239,1.0,0.0,0.769965958,1.0
240,1.0,0.0,0.465768274,1.0
241,1.0,0.0,0.588858408,1.0
242,1.0,0.0,0.636678057,1.0
243,1.0,0.0,0.690793729,1.0
244,1.0,0.0,0.615614152,1.0
245,1.0,0.0,0.434826952,1.0
246,1.0,0.0,0.634078204,1.0
247,1.0,0.0,0.495901573,1.0
248,1.0,0.01958,0.181407331,1.0
249,1.0,0.31108,0.2672237,1.0
250,1.0,0.50732,0.303978565,1.0
251,1.0,0.649,0.562079913,1.0
252,1.0,0.53284,0.633477367,1.0
253,1.0,0.58498,0.638234574,1.0
254,1.0,0.66363,0.951345801,1.0
255,1.0,0.63888,1.020308036,1.0
256,1.0,0.52745,0.966827298,1.0
257,1.0,0.31031,0.762619519,1.0
258,1.0,0.06424,0.852996564,1.0
259,1.0,0.0,1.043071389,1.0
260,1.0,0.0,1.057820654,1.0
261,1.0,0.0,1.044989234,1.0
262,1.0,0.0,0.997739017,1.0
263,1.0,0.0,1.094474697,1.0
264,1.0,0.0,1.090232963,1.0
265,1.0,0.0,1.098075402,1.0
266,1.0,0.0,1.092601175,1.0
267,1.0,0.0,1.001149714,1.0
268,1.0,0.0,0.855717385,1.0
269,1.0,0.0,0.618378114,1.0
270,1.0,0.0,0.69916364,1.0
271,1.0,0.0,0.591211606,1.0
272,1.0,0.01078,0.49579044,1.0
273,1.0,0.23243,0.257074319,1.0
274,1.0,0.3773,0.197437919,1.0
275,1.0,0.53999,0.43201729,1.0
276,1.0,0.64768,0.756192697,1.0
277,1.0,0.59873,1.026467747,1.0
278,1.0,0.67397,1.078614694,1.0
279,1.0,0.6897,1.1,1.0
280,1.0,0.56683,1.1,1.0
281,1.0,0.36575,1.1,1.0
282,1.0,0.09064,1.096234203,1.0
283,1.0,0.0,0.988804066,1.0
284,1.0,0.0,0.6450302,1.0
285,1.0,0.0,0.776583576,1.0
286,1.0,0.0,0.684701288,1.0
287,1.0,0.0,0.687422502,1.0
288,1.0,0.0,0.300416446,1.0
289,1.0,0.0,0.208025421,1.0
290,1.0,0.0,0.071221567,1.0
291,1.0,0.0,0.009645824,1.0
292,1.0,0.0,0.003675098,1.0
293,1.0,0.0,0.020390598,1.0
294,1.0,0.0,0.022456724,1.0
295,1.0,0.0,0.077900537,1.0
296,1.0,0.00022,0.075516975,1.0
297,1.0,0.05577,0.045253727,1.0
298,1.0,0.18095,0.039020231,1.0
299,1.0,0.22044,0.050596587,1.0
300,1.0,0.29931,0.226496981,1.0
301,1.0,0.33088,0.203663686,1.0
302,1.0,0.56034,0.467484212,1.0
303,1.0,0.37312,0.460784442,1.0
304,1.0,0.33286,0.290187338,1.0
305,1.0,0.15752,0.535760144,1.0
306,1.0,0.0,0.479781014,1.0
307,1.0,0.0,0.698110795,1.0
308,1.0,0.0,0.630632496,1.0
309,1.0,0.0,0.300723094,1.0
310,1.0,0.0,0.132009561,1.0
311,1.0,0.0,0.269426851,1.0
312,1.0,0.0,0.131426999,1.0
313,1.0,0.0,0.634123576,1.0
314,1.0,0.0,0.980009687,1.0
315,1.0,0.0,1.004338014,1.0
316,1.0,0.0,1.042011857,1.0
317,1.0,0.0,1.076201308,1.0
318,1.0,0.0,1.09165684,1.0
319,1.0,0.0,1.093102419,1.0
320,1.0,0.09702,1.051490605,1.0
321,1.0,0.35398,1.084736836,1.0
322,1.0,0.49929,1.1,1.0
323,1.0,0.58872,1.1,1.0
324,1.0,0.62172,1.1,1.0
325,1.0,0.6424,1.1,1.0
326,1.0,0.62733,1.1,1.0
327,1.0,0.61963,1.1,1.0
328,1.0,0.50963,1.1,1.0
329,1.0,0.32791,1.1,1.0
330,1.0,0.0847,1.1,1.0
331,1.0,0.0,1.1,1.0
332,1.0,0.0,1.1,1.0
333,1.0,0.0,1.1,1.0
334,1.0,0.0,1.1,1.0
335,1.0,0.0,1.071001404,1.0
336,1.0,0.0,1.1,1.0
337,1.0,0.0,0.770542407,1.0
338,1.0,0.0,0.846855867,1.0
339,1.0,0.0,0.905497039,1.0
340,1.0,0.0,0.721107692,1.0
341,1.0,0.0,0.602335513,1.0
342,1.0,0.0,0.520880503,1.0
343,1.0,0.0,0.780825114,1.0
344,1.0,0.15125,0.180409119,1.0
345,1.0,0.41866,0.715750038,1.0
346,1.0,0.61897,0.85326879,1.0
347,1.0,0.78122,1.039295822,1.0
348,1.0,0.82093,0.961959219,1.0
349,1.0,0.82005,0.727600801,1.0
350,1.0,0.82346,0.741130423,1.0
351,1.0,0.79321,0.964696366,1.0
352,1.0,0.63283,1.066972167,1.0
353,1.0,0.41492,1.06081298,1.0
354,1.0,0.13772,1.045913768,1.0
355,1.0,0.0,0.986851931,1.0
356,1.0,0.0,0.922427524,1.0
357,1.0,0.0,0.52826874,1.0
358,1.0,0.0,0.5703619,1.0
359,1.0,0.0,0.534981197,1.0
360,1.0,0.0,0.30152148,1.0
361,1.0,0.0,0.602568924,1.0
362,1.0,0.0,0.747419954,1.0
363,1.0,0.0,0.822490298,1.0
364,1.0,0.0,0.58597964,1.0
365,1.0,0.0,0.625614274,1.0
366,1.0,0.0,0.60420661,1.0
367,1.0,0.0,0.795552218,1.0
368,1.0,0.1716,0.77637062,1.0
369,1.0,0.4444,0.626477766,1.0
370,1.0,0.64845,0.19354758,1.0
371,1.0,0.80872,0.313326445,1.0
372,1.0,0.83435,0.111450441,1.0
373,1.0,0.83314,0.216286133,1.0
374,1.0,0.83204,0.129876122,1.0
375,1.0,0.79398,0.207263456,1.0
376,1.0,0.62645,0.199979418,1.0
377,1.0,0.41228,0.348825068,1.0
378,1.0,0.13816,0.148936916,1.0
379,1.0,0.0,0.158670383,1.0
380,1.0,0.0,0.096335438,1.0
381,1.0,0.0,0.222716251,1.0
382,1.0,0.0,0.306135363,1.0
383,1.0,0.0,0.686668503,1.0
384,1.0,0.0,1.010718679,1.0
385,1.0,0.0,1.043424261,1.0
386,1.0,0.0,1.028472728,1.0
387,1.0,0.0,1.072772712,1.0
388,1.0,0.0,1.063069403,1.0
389,1.0,0.0,1.06019516,1.0
390,1.0,0.0,1.038810772,1.0
391,1.0,0.0,1.008415771,1.0
392,1.0,0.15587,0.918370617,1.0
393,1.0,0.41206,0.645280856,1.0
394,1.0,0.6105,0.643646253,1.0
395,1.0,0.75768,0.583569205,1.0
396,1.0,0.78661,0.670017982,1.0
397,1.0,0.79101,0.611935293,1.0
398,1.0,0.78859,0.534954119,1.0
399,1.0,0.76043,0.4445319,1.0
400,1.0,0.60016,0.558721077,1.0
401,1.0,0.37785,0.941124333,1.0
402,1.0,0.11814,1.081672192,1.0
403,1.0,0.0,1.098291635,1.0
404,1.0,0.0,1.091785609,1.0
405,1.0,0.0,1.092233288,1.0
406,1.0,0.0,1.062462073,1.0
407,1.0,0.0,1.051503587,1.0
408,1.0,0.0,1.058131564,1.0
409,1.0,0.0,1.087638092,1.0
410,1.0,0.0,1.081773031,1.0
411,1.0,0.0,1.082056141,1.0
412,1.0,0.0,1.097780358,1.0
413,1.0,0.0,1.052920449,1.0
414,1.0,0.0,1.096064126,1.0
415,1.0,0.0,1.074418854,1.0
416,1.0,0.13167,1.03681674,1.0
417,1.0,0.33968,1.043964386,1.0
418,1.0,0.57882,0.854399132,1.0
419,1.0,0.76582,0.950694084,1.0
420,1.0,0.77451,1.009297097,1.0
421,1.0,0.79354,1.081910062,1.0
422,1.0,0.79002,1.099361658,1.0
423,1.0,0.74789,1.096963155,1.0
424,1.0,0.55033,1.097325862,1.0
425,1.0,0.28193,1.03597449,1.0
426,1.0,0.06303,1.046082926,1.0
427,1.0,0.0,1.001283205,1.0
428,1.0,0.0,0.93007648,1.0
429,1.0,0.0,0.950307512,1.0
430,1.0,0.0,1.1,1.0
431,1.0,0.0,1.1,1.0
432,1.0,0.0,1.097932994,1.0
433,1.0,0.0,1.1,1.0
434,1.0,0.0,1.1,1.0
435,1.0,0.0,1.099122608,1.0
436,1.0,0.0,1.084597576,1.0
437,1.0,0.0,1.085227263,1.0
438,1.0,0.0,1.094089568,1.0
439,1.0,0.0,1.099638736,1.0
440,1.0,0.0748,1.076435768,1.0
441,1.0,0.23232,1.059754563,1.0
442,1.0,0.39215,0.753458893,1.0
443,1.0,0.73282,0.826616442,1.0
444,1.0,0.56188,0.468569741,1.0
445,1.0,0.61666,0.207321154,1.0
446,1.0,0.67331,0.278688759,1.0
447,1.0,0.65901,0.295390553,1.0
448,1.0,0.53119,0.323664784,1.0
449,1.0,0.38038,0.262534991,1.0
450,1.0,0.13871,0.118337302,1.0
451,1.0,0.0,0.260764356,1.0
452,1.0,0.0,0.365475884,1.0
453,1.0,0.0,0.420749926,1.0
454,1.0,0.0,0.46358558,1.0
455,1.0,0.0,0.472931886,1.0
456,1.0,0.0,0.435232702,1.0
457,1.0,0.0,0.338342846,1.0
458,1.0,0.0,0.483133849,1.0
459,1.0,0.0,0.634989429,1.0
460,1.0,0.0,0.594597781,1.0
461,1.0,0.0,0.683692569,1.0
462,1.0,0.0,0.723119884,1.0
463,1.0,0.0,0.705015128,1.0
464,1.0,0.17127,0.458749661,1.0
465,1.0,0.42603,0.571455854,1.0
466,1.0,0.57387,0.574231946,1.0
467,1.0,0.60863,0.271961713,1.0
468,1.0,0.60599,0.308234069,1.0
469,1.0,0.61699,0.148708617,1.0
470,1.0,0.60236,0.113114828,1.0
471,1.0,0.59455,0.129603486,1.0
472,1.0,0.51304,0.134452436,1.0
473,1.0,0.35365,0.098650993,1.0
474,1.0,0.13376,0.021739953,1.0
475,1.0,0.0,0.017034654,1.0
476,1.0,0.0,0.01750938,1.0
477,1.0,0.0,0.029393191,1.0
478,1.0,0.0,0.042263766,1.0
479,1.0,0.0,0.040203554,1.0
480,1.0,0.0,0.047813762,1.0
481,1.0,0.0,0.049203639,1.0
482,1.0,0.0,0.242998539,1.0
483,1.0,0.0,0.317325753,1.0
484,1.0,0.0,0.388905052,1.0
485,1.0,0.0,0.920357567,1.0
486,1.0,0.0,1.024880087,1.0
487,1.0,0.0,0.94352054,1.0
488,1.0,0.17974,1.042734385,1.0
489,1.0,0.43296,0.884344292,1.0
490,1.0,0.62854,1.024851894,1.0
491,1.0,0.781,0.925427389,1.0
492,1.0,0.80531,0.922266496,1.0
493,1.0,0.80509,0.78625679,1.0
494,1.0,0.79816,0.600027228,1.0
495,1.0,0.76076,0.749950636,1.0
496,1.0,0.60434,0.779526925,1.0
497,1.0,0.39556,0.523574114,1.0
498,1.0,0.13772,0.693993634,1.0
499,1.0,0.0,0.784846812,1.0
500,1.0,0.0,0.760482556,1.0
501,1.0,0.0,0.945170355,1.0
502,1.0,0.0,1.034124898,1.0
503,1.0,0.0,1.033645356,1.0
504,1.0,0.0,0.980812073,1.0
505,1.0,0.0,1.074016547,1.0
506,1.0,0.0,1.082517982,1.0
507,1.0,0.0,1.089958441,1.0
508,1.0,0.0,1.094063539,1.0
509,1.0,0.0,1.098736429,1.0
510,1.0,0.0,1.068952299,1.0
511,1.0,0.04895,1.074218094,1.0
512,1.0,0.23639,1.086764896,1.0
513,1.0,0.42592,1.08704145,1.0
514,1.0,0.57101,1.097916734,1.0
515,1.0,0.67804,1.099525833,1.0
516,1.0,0.67034,1.1,1.0
517,1.0,0.68343,1.1,1.0
518,1.0,0.64405,1.1,1.0
519,1.0,0.60324,1.1,1.0
520,1.0,0.47564,1.099554812,1.0
521,1.0,0.32362,1.096824157,1.0
522,1.0,0.13629,1.076330209,1.0
523,1.0,0.00462,1.059168672,1.0
524,1.0,0.0,0.949510306,1.0
525,1.0,0.0,0.853614516,1.0
526,1.0,0.0,0.712986993,1.0
527,1.0,0.0,0.876897275,1.0
528,1.0,0.0,0.937764972,1.0
529,1.0,0.0,0.934225571,1.0
530,1.0,0.0,0.983409435,1.0
531,1.0,0.0,0.952296954,1.0
532,1.0,0.0,0.694704949,1.0
533,1.0,0.0,0.754537046,1.0
534,1.0,0.0,0.688635064,1.0
535,1.0,0.06556,0.720961416,1.0
536,1.0,0.26631,0.410998002,1.0
537,1.0,0.48488,0.844083709,1.0
538,1.0,0.64262,0.900861323,1.0
539,1.0,0.75856,0.989855534,1.0
540,1.0,0.75438,0.910675895,1.0
541,1.0,0.69751,0.853416377,1.0
542,1.0,0.63162,0.90513761,1.0
543,1.0,0.57981,0.834804344,1.0
544,1.0,0.49511,0.742789418,1.0
545,1.0,0.35321,0.652321303,1.0
546,1.0,0.16522,0.679686147,1.0
547,1.0,0.01298,0.552243507,1.0
548,1.0,0.0,0.559736222,1.0
549,1.0,0.0,0.96131891,1.0
550,1.0,0.0,1.037296939,1.0
551,1.0,0.0,0.886156708,1.0
552,1.0,0.0,0.754022622,1.0
553,1.0,0.0,0.770371282,1.0
554,1.0,0.0,0.878511423,1.0
555,1.0,0.0,0.867356831,1.0
556,1.0,0.0,0.632470549,1.0
557,1.0,0.0,0.626094603,1.0
558,1.0,0.0,0.715152216,1.0
559,1.0,0.07414,0.549242756,1.0
560,1.0,0.26675,0.175436366,1.0
561,1.0,0.45738,0.058342535,1.0
562,1.0,0.60093,0.042741911,1.0
563,1.0,0.70246,0.035011915,1.0
564,1.0,0.70642,0.056515842,1.0
565,1.0,0.6809,0.071552753,1.0
566,1.0,0.5885,0.092068543,1.0
567,1.0,0.54417,0.129133737,1.0
568,1.0,0.4796,0.232455375,1.0
569,1.0,0.341,0.554816282,1.0
570,1.0,0.1551,0.658811199,1.0
571,1.0,0.00627,0.63462115,1.0
572,1.0,0.0,0.26995365,1.0
573,1.0,0.0,0.439417034,1.0
574,1.0,0.0,0.389428392,1.0
575,1.0,0.0,0.399531746,1.0
576,1.0,0.0,0.35549717,1.0
577,1.0,0.0,0.438495911,1.0
578,1.0,0.0,0.375715712,1.0
579,1.0,0.0,0.353732485,1.0
580,1.0,0.0,0.435819936,1.0
581,1.0,0.0,0.700685143,1.0
582,1.0,0.0,0.9790268,1.0
583,1.0,0.07106,0.701307619,1.0
584,1.0,0.264,0.314928758,1.0
585,1.0,0.45364,0.245314332,1.0
586,1.0,0.59257,0.565813518,1.0
587,1.0,0.65362,0.581761706,1.0
588,1.0,0.63459,0.603520799,1.0
589,1.0,0.59917,0.613551736,1.0
590,1.0,0.59598,0.503097311,1.0
591,1.0,0.5874,0.641783613,1.0
592,1.0,0.47861,0.798512286,1.0
593,1.0,0.32714,0.479358741,1.0
594,1.0,0.13959,0.507184148,1.0
595,1.0,0.01045,0.137071295,1.0
596,1.0,0.0,0.139380407,1.0
597,1.0,0.0,0.149159935,1.0
598,1.0,0.0,0.235707732,1.0
599,1.0,0.0,0.142691658,1.0
600,1.0,0.0,0.298064527,1.0
601,1.0,0.0,0.458025134,1.0
602,1.0,0.0,0.50281489,1.0
603,1.0,0.0,0.63188138,1.0
604,1.0,0.0,0.686292815,1.0
605,1.0,0.0,0.742368948,1.0
606,1.0,0.0,0.765731436,1.0
607,1.0,0.07722,0.771940321,1.0
608,1.0,0.28754,0.436234504,1.0
609,1.0,0.50897,0.041674651,1.0
610,1.0,0.67826,0.080311284,1.0
611,1.0,0.78232,0.27437387,1.0
612,1.0,0.7876,0.407563767,1.0
613,1.0,0.80267,0.253774165,1.0
614,1.0,0.80014,0.247720473,1.0
615,1.0,0.75075,0.537077313,1.0
616,1.0,0.60412,0.477558061,1.0
617,1.0,0.41129,0.583291864,1.0
618,1.0,0.17072,0.766787034,1.0
619,1.0,0.03564,0.938212848,1.0
620,1.0,0.0,0.73016879,1.0
621,1.0,0.0,0.755404473,1.0
622,1.0,0.0,0.819098616,1.0
623,1.0,0.0,0.860266293,1.0
624,1.0,0.0,0.994899523,1.0
625,1.0,0.0,0.916789907,1.0
626,1.0,0.0,0.959718597,1.0
627,1.0,0.0,0.982201791,1.0
628,1.0,0.0,1.05162816,1.0
629,1.0,0.0,1.091699588,1.0
630,1.0,0.0,1.036132568,1.0
631,1.0,0.07997,0.862259406,1.0
632,1.0,0.28127,0.348721999,1.0
633,1.0,0.49467,0.119803698,1.0
634,1.0,0.65175,0.067133128,1.0
635,1.0,0.7744,0.100928823,1.0
636,1.0,0.79475,0.182078307,1.0
637,1.0,0.7711,0.110439591,1.0
638,1.0,0.74459,0.12308901,1.0
639,1.0,0.60214,0.371675065,1.0
640,1.0,0.42669,0.810746801,1.0
641,1.0,0.32043,0.570497883,1.0
642,1.0,0.14883,0.525665215,1.0
643,1.0,0.01969,0.755460596,1.0
644,1.0,0.0,0.732645839,1.0
645,1.0,0.0,0.721747017,1.0
646,1.0,0.0,0.805167604,1.0
647,1.0,0.0,0.715257382,1.0
648,1.0,0.0,0.529205567,1.0
649,1.0,0.0,0.572510337,1.0
650,1.0,0.0,0.706089151,1.0
651,1.0,0.0,0.805987168,1.0
652,1.0,0.0,0.850759482,1.0
653,1.0,0.0,0.889625692,1.0
654,1.0,0.0,0.735891837,1.0
655,1.0,0.06677,0.408800883,1.0
656,1.0,0.25245,0.30194949,1.0
657,1.0,0.43879,0.108842852,1.0
658,1.0,0.59895,0.269863268,1.0
659,1.0,0.69443,0.268389595,1.0
660,1.0,0.63316,0.415750784,1.0
661,1.0,0.52756,0.783660543,1.0
662,1.0,0.49467,0.940782213,1.0
663,1.0,0.43395,0.869933867,1.0
664,1.0,0.36014,0.894265998,1.0
665,1.0,0.2464,0.704767752,1.0
666,1.0,0.12122,0.521645385,1.0
667,1.0,0.00011,0.464258409,1.0
668,1.0,0.0,0.680309737,1.0
669,1.0,0.0,0.482279634,1.0
670,1.0,0.0,0.68871584,1.0
671,1.0,0.0,0.827397322,1.0
672,1.0,0.0,0.766181803,1.0
673,1.0,0.0,0.435172186,1.0
674,1.0,0.0,0.465755129,1.0
675,1.0,0.0,0.267307246,1.0
676,1.0,0.0,0.284140236,1.0
677,1.0,0.0,0.342235216,1.0
678,1.0,0.09482,0.246121127,1.0
679,1.0,0.12617,0.164176885,1.0
680,1.0,0.26741,0.0641731,1.0
681,1.0,0.42108,0.123245891,1.0
682,1.0,0.5412,0.289828468,1.0
683,1.0,0.60357,0.447099463,1.0
684,1.0,0.60874,0.494617873,1.0
685,1.0,0.6138,0.69924435,1.0
686,1.0,0.60742,0.824305535,1.0
687,1.0,0.58531,0.920849633,1.0
688,1.0,0.48037,0.847759616,1.0
689,1.0,0.3465,0.821014493,1.0
690,1.0,0.18381,0.643012697,1.0
691,1.0,0.09064,0.650112087,1.0
692,1.0,0.01001,0.519700495,1.0
693,1.0,0.0,0.44355793,1.0
694,1.0,0.0,0.682568979,1.0
695,1.0,0.0,0.756135326,1.0
696,1.0,0.0,0.763661939,1.0
697,1.0,0.0,0.790986132,1.0
698,1.0,0.0,0.76515007,1.0
699,1.0,0.0,0.640613014,1.0
700,1.0,0.0,0.360875508,1.0
701,1.0,0.0,0.241123983,1.0
702,1.0,0.06457,0.176409713,1.0
703,1.0,0.13222,0.179776416,1.0
704,1.0,0.24937,0.317316247,1.0
705,1.0,0.34331,0.231319754,1.0
706,1.0,0.42581,0.33153463,1.0
707,1.0,0.48147,0.454597422,1.0
708,1.0,0.51865,0.606238669,1.0
709,1.0,0.5291,0.650887656,1.0
710,1.0,0.52272,0.719426406,1.0
711,1.0,0.51513,0.564664685,1.0
712,1.0,0.41932,0.467295155,1.0
713,1.0,0.29172,0.33892985,1.0
714,1.0,0.16885,0.344786092,1.0
715,1.0,0.03179,0.796449608,1.0
716,1.0,0.0,0.565831024,1.0
717,1.0,0.0,0.516063434,1.0
718,1.0,0.0,0.480225841,1.0
719,1.0,0.0,0.223178633,1.0
720,1.0,0.0,0.237252429,1.0
721,1.0,0.0,0.347897977,1.0
722,1.0,0.0,0.341858349,1.0
723,1.0,0.0,0.329211068,1.0
724,1.0,0.0,0.475393397,1.0
725,1.0,0.0,0.213783332,1.0
726,1.0,0.0,0.230053413,1.0
727,1.0,0.01672,0.251601386,1.0
728,1.0,0.10021,0.343670634,1.0
729,1.0,0.20845,0.238791422,1.0
730,1.0,0.25652,0.168599957,1.0
731,1.0,0.31878,0.093960752,1.0
732,1.0,0.38918,0.061122151,1.0
733,1.0,0.40282,0.005587551,1.0
734,1.0,0.38005,0.015203156,1.0
735,1.0,0.31834,0.031220483,1.0
736,1.0,0.27742,0.015363626,1.0
737,1.0,0.1947,0.011369027,1.0
738,1.0,0.12749,0.090970032,1.0
739,1.0,0.05819,0.290472612,1.0
740,1.0,0.0528,0.422855877,1.0
741,1.0,0.0,0.600041914,1.0
742,1.0,0.0,0.565666783,1.0
743,1.0,0.0,0.809947694,1.0
744,1.0,0.0,0.71566264,1.0
745,1.0,0.0,0.61204564,1.0
746,1.0,0.0,0.508606288,1.0
747,1.0,0.0,0.649137134,1.0
748,1.0,0.0,0.632546735,1.0
749,1.0,0.0,0.760604244,1.0
750,1.0,0.11187,0.676712507,1.0
751,1.0,0.1133,0.38648442,1.0
752,1.0,0.26433,0.246855849,1.0
753,1.0,0.41965,0.372660345,1.0
754,1.0,0.52965,0.380587789,1.0
755,1.0,0.61523,0.320149806,1.0
756,1.0,0.66011,0.178989208,1.0
757,1.0,0.68827,0.144170234,1.0
758,1.0,0.69762,0.104539428,1.0
759,1.0,0.63778,0.044383518,1.0
760,1.0,0.52327,0.06324094,1.0
761,1.0,0.36872,0.059124907,1.0
762,1.0,0.17545,0.07776117,1.0
763,1.0,0.09361,0.136185501,1.0
764,1.0,0.20713,0.339317668,1.0
765,1.0,0.0,0.465617573,1.0
766,1.0,0.0,0.286238154,1.0
767,1.0,0.0,0.225362935,1.0
768,1.0,0.0,0.326978215,1.0
769,1.0,0.0,0.273131887,1.0
770,1.0,0.0,0.123323758,1.0
771,1.0,0.0,0.063708003,1.0
772,1.0,0.0,0.148772069,1.0
773,1.0,0.0,0.274295405,1.0
774,1.0,0.2057,0.469179201,1.0
775,1.0,0.1023,0.345513177,1.0
776,1.0,0.26972,0.141337132,1.0
777,1.0,0.46057,0.088871195,1.0
778,1.0,0.60599,0.121785666,1.0
779,1.0,0.71357,0.127514171,1.0
780,1.0,0.76648,0.173846674,1.0
781,1.0,0.7623,0.202036934,1.0
782,1.0,0.75493,0.242271258,1.0
783,1.0,0.66704,0.243819315,1.0
784,1.0,0.54098,0.201866202,1.0
785,1.0,0.3773,0.285510022,1.0
786,1.0,0.17644,0.286104697,1.0
787,1.0,0.0957,0.334531907,1.0
788,1.0,0.25498,0.561764479,1.0
789,1.0,0.0,0.530955237,1.0
790,1.0,0.0,0.768969106,1.0
791,1.0,0.0,0.74072274,1.0
792,1.0,0.0,0.476206044,1.0
793,1.0,0.0,0.355460322,1.0
794,1.0,0.0,0.350997239,1.0
795,1.0,0.0,0.286279527,1.0
796,1.0,0.0,0.199965388,1.0
797,1.0,0.0,0.158495784,1.0
798,1.0,0.20757,0.211112096,1.0
799,1.0,0.10219,0.183599189,1.0
800,1.0,0.26697,0.04077004,1.0
801,1.0,0.45276,0.087665584,1.0
802,1.0,0.59059,0.096750669,1.0
803,1.0,0.69069,0.112219438,1.0
804,1.0,0.72325,0.127110667,1.0
805,1.0,0.71302,0.206753704,1.0
806,1.0,0.70301,0.401452542,1.0
807,1.0,0.63536,0.417964459,1.0
808,1.0,0.52327,0.658922726,1.0
809,1.0,0.37213,0.693362176,1.0
810,1.0,0.18524,0.723292977,1.0
811,1.0,0.09548,0.84904502,1.0
812,1.0,0.05357,0.539005617,1.0
813,1.0,0.0,0.401930839,1.0
814,1.0,0.0,0.374333337,1.0
815,1.0,0.0,0.104194859,1.0
816,1.0,0.0,0.017407826,1.0
817,1.0,0.0,0.002663268,1.0
818,1.0,0.0,0.000874332,1.0
819,1.0,0.0,0.000471327,1.0
820,1.0,0.0,0.011580393,1.0
821,1.0,0.0,0.017806542,1.0
822,1.0,0.13618,0.01267577,1.0
823,1.0,0.12386,0.007674624,1.0
824,1.0,0.27302,0.003685099,1.0
825,1.0,0.44704,0.031421326,1.0
826,1.0,0.58861,0.056564224,1.0
827,1.0,0.69487,0.047321298,1.0
828,1.0,0.73634,0.030297942,1.0
829,1.0,0.73898,0.099028148,1.0
830,1.0,0.72864,0.084055412,1.0
831,1.0,0.64339,0.159259716,1.0
832,1.0,0.52151,0.340661621,1.0
833,1.0,0.36894,0.441572421,1.0
834,1.0,0.18601,0.481391162,1.0
835,1.0,0.09834,0.768969894,1.0
836,1.0,0.19283,0.530830467,1.0
837,1.0,0.0,0.642266632,1.0
838,1.0,0.0,0.641828066,1.0
839,1.0,0.0,0.335068262,1.0
840,1.0,0.0,0.223971184,1.0
841,1.0,0.0,0.714901101,1.0
842,1.0,0.0,0.494787031,1.0
843,1.0,0.0,0.444050881,1.0
844,1.0,0.0,0.78482039,1.0
845,1.0,0.0,0.833800936,1.0
846,1.0,0.17479,0.773467332,1.0
847,1.0,0.10373,0.353238746,1.0
848,1.0,0.24475,0.084900022,1.0
849,1.0,0.40689,0.005376399,1.0
850,1.0,0.55946,0.119148236,1.0
851,1.0,0.64988,0.29790999,1.0
852,1.0,0.69696,0.355543557,1.0
853,1.0,0.71445,0.262258257,1.0
854,1.0,0.71676,0.25626341,1.0
855,1.0,0.64262,0.234451701,1.0
856,1.0,0.52646,0.218630348,1.0
857,1.0,0.37906,0.325653735,1.0
858,1.0,0.18766,0.290423896,1.0
859,1.0,0.08272,0.367952508,1.0
860,1.0,0.12672,0.331997618,1.0
861,1.0,0.0,0.312418401,1.0
862,1.0,0.0,0.704830367,1.0
863,1.0,0.0,0.539206606,1.0
864,1.0,0.0,0.391368234,1.0
865,1.0,0.0,0.37449443,1.0
866,1.0,0.0,0.366662777,1.0
867,1.0,0.0,0.40674758,1.0
868,1.0,0.0,0.399962574,1.0
869,1.0,0.0,0.350864536,1.0
870,1.0,0.17479,0.334219751,1.0
871,1.0,0.0979,0.176184693,1.0
872,1.0,0.24761,0.08759533,1.0
873,1.0,0.43329,0.013380997,1.0
874,1.0,0.57684,0.003922888,1.0
875,1.0,0.68156,0.018204194,1.0
876,1.0,0.72435,0.047904885,1.0
877,1.0,0.7249,0.096183113,1.0
878,1.0,0.71544,0.131479319,1.0
879,1.0,0.64427,0.154216349,1.0
880,1.0,0.52602,0.207235575,1.0
881,1.0,0.37466,0.225928154,1.0
882,1.0,0.18931,0.23725592,1.0
883,1.0,0.08162,0.266568409,1.0
884,1.0,0.04356,0.310822645,1.0
885,1.0,0.0,0.376624641,1.0
886,1.0,0.0,0.421230585,1.0
887,1.0,0.0,0.158173253,1.0
888,1.0,0.0,0.120922616,1.0
889,1.0,0.0,0.056280263,1.0
890,1.0,0.0,0.060156234,1.0
891,1.0,0.0,0.115555915,1.0
892,1.0,0.0,0.200850845,1.0
893,1.0,0.0,0.196923806,1.0
894,1.0,0.09427,0.163818114,1.0
895,1.0,0.10835,0.16319849,1.0
896,1.0,0.24596,0.015781139,1.0
897,1.0,0.40502,0.007043744,1.0
898,1.0,0.5071,0.000607041,1.0
899,1.0,0.62227,0.002445125,1.0
900,1.0,0.67243,0.016242322,1.0
901,1.0,0.67232,0.028580559,1.0
902,1.0,0.78628,0.056112604,1.0
903,1.0,0.60742,0.104949529,1.0
904,1.0,0.50644,0.093853791,1.0
905,1.0,0.36696,0.080858646,1.0
906,1.0,0.18601,0.145435984,1.0
907,1.0,0.08404,0.151634953,1.0
908,1.0,0.04642,0.202845024,1.0
909,1.0,0.0,0.39195973,1.0
910,1.0,0.0,0.663413739,1.0
911,1.0,0.0,0.297515911,1.0
912,1.0,0.0,0.55750891,1.0
913,1.0,0.0,0.633173275,1.0
914,1.0,0.0,0.603089774,1.0
915,1.0,0.0,0.712149466,1.0
916,1.0,0.0,0.720048357,1.0
917,1.0,0.0,0.546703878,1.0
918,1.0,0.12144,0.489616698,1.0
919,1.0,0.09658,0.25286658,1.0
920,1.0,0.24101,0.067044513,1.0
921,1.0,0.42427,0.013193737,1.0
922,1.0,0.56144,0.009680088,1.0
923,1.0,0.66209,0.002343059,1.0
924,1.0,0.70796,0.016895371,1.0
925,1.0,0.67705,0.075476145,1.0
926,1.0,0.81433,0.062374736,1.0
927,1.0,0.61919,0.074049136,1.0
928,1.0,0.52041,0.107650205,1.0
929,1.0,0.37378,0.120958333,1.0
930,1.0,0.18535,0.176690659,1.0
931,1.0,0.0803,0.182638037,1.0
932,1.0,0.05665,0.22178049,1.0
933,1.0,0.0,0.407928506,1.0
934,1.0,0.0,0.51652016,1.0
935,1.0,0.0,0.382927775,1.0
936,1.0,0.0,0.492987662,1.0
937,1.0,0.0,0.633014346,1.0
938,1.0,0.0,0.791082579,1.0
939,1.0,0.0,0.788096088,1.0
940,1.0,0.0,0.607261354,1.0
941,1.0,0.0,0.627882433,1.0
942,1.0,0.14839,0.490603191,1.0
943,1.0,0.0957,0.290076894,1.0
944,1.0,0.23969,0.030106365,1.0
945,1.0,0.40282,0.012712391,1.0
946,1.0,0.4983,0.006097234,1.0
947,1.0,0.56529,0.008204842,1.0
948,1.0,0.55297,0.007962389,1.0
949,1.0,0.5346,0.027112212,1.0
950,1.0,0.55506,0.087436638,1.0
951,1.0,0.52712,0.193035041,1.0
952,1.0,0.44924,0.304482892,1.0
953,1.0,0.31889,0.408168441,1.0
954,1.0,0.16852,0.434317282,1.0
955,1.0,0.05632,0.37644673,1.0
956,1.0,0.00869,0.233812293,1.0
957,1.0,0.0,0.518107229,1.0
958,1.0,0.0,0.737013591,1.0
959,1.0,0.0,0.581277573,1.0
960,1.0,0.0,0.298911399,1.0
961,1.0,0.0,0.173758473,1.0
962,1.0,0.0,0.337712928,1.0
963,1.0,0.0,0.547859595,1.0
964,1.0,0.0,0.647086847,1.0
965,1.0,0.0,0.665080536,1.0
966,1.0,0.00099,0.806188714,1.0
967,1.0,0.05236,0.879992473,1.0
968,1.0,0.20834,0.344467577,1.0
969,1.0,0.34001,0.431148159,1.0
970,1.0,0.42988,0.183839322,1.0
971,1.0,0.49643,0.1737261,1.0
972,1.0,0.54494,0.094690008,1.0
973,1.0,0.59884,0.067647589,1.0
974,1.0,0.64966,0.088553614,1.0
975,1.0,0.62293,0.134890492,1.0
976,1.0,0.5093,0.064991267,1.0
977,1.0,0.36784,0.066676975,1.0
978,1.0,0.18425,0.111971651,1.0
979,1.0,0.07656,0.116883584,1.0
980,1.0,0.02904,0.174895093,1.0
981,1.0,0.0,0.213063707,1.0
982,1.0,0.0,0.370591274,1.0
983,1.0,0.0,0.459636593,1.0
984,1.0,0.0,0.421001763,1.0
985,1.0,0.0,0.343160439,1.0
986,1.0,0.0,0.409796357,1.0
987,1.0,0.0,0.379638309,1.0
988,1.0,0.0,0.191573874,1.0
989,1.0,0.0,0.146988779,1.0
990,1.0,0.12672,0.193585427,1.0
991,1.0,0.09603,0.297228048,1.0
992,1.0,0.24068,0.074788342,1.0
993,1.0,0.3971,0.002946089,1.0
994,1.0,0.50952,0.003213212,1.0
995,1.0,0.65692,0.006345352,1.0
996,1.0,0.5104,0.028369662,1.0
997,1.0,0.49324,0.091557209,1.0
998,1.0,0.46926,0.16134726,1.0
999,1.0,0.44132,0.291195139,1.0
1000,1.0,0.36245,0.299156252,1.0
1001,1.0,0.25322,0.220881608,1.0
1002,1.0,0.12804,0.201858383,1.0
1003,1.0,0.01375,0.113186392,1.0
1004,1.0,0.0,0.363687727,1.0
1005,1.0,0.0,0.335020563,1.0
1006,1.0,0.0,0.164555868,1.0
1007,1.0,0.0,0.094784528,1.0
1008,1.0,0.0,0.045010235,1.0
1009,1.0,0.0,0.07262103,1.0
1010,1.0,0.0,0.218604745,1.0
1011,1.0,0.0,0.244515502,1.0
1012,1.0,0.0,0.29592304,1.0
1013,1.0,0.0,0.372489088,1.0
1014,1.0,0.03476,0.362706578,1.0
1015,1.0,0.08855,0.1570346,1.0
1016,1.0,0.23639,0.340964106,1.0
1017,1.0,0.40249,0.250482386,1.0
1018,1.0,0.53878,0.116325387,1.0
1019,1.0,0.64141,0.337023347,1.0
1020,1.0,0.66935,0.338816619,1.0
1021,1.0,0.65989,0.611512136,1.0
1022,1.0,0.63492,0.442986005,1.0
1023,1.0,0.57068,0.52185716,1.0
1024,1.0,0.46211,0.492909574,1.0
1025,1.0,0.33187,0.356458682,1.0
1026,1.0,0.18601,0.702553749,1.0
1027,1.0,0.07755,0.364691005,1.0
1028,1.0,0.0,0.331738177,1.0
1029,1.0,0.0,0.197185607,1.0
1030,1.0,0.0,0.364816102,1.0
1031,1.0,0.0,0.240628,1.0
1032,1.0,0.0,0.272542636,1.0
1033,1.0,0.0,0.308341661,1.0
1034,1.0,0.0,0.664185768,1.0
1035,1.0,0.0,0.816045969,1.0
1036,1.0,0.0,0.486279959,1.0
1037,1.0,0.0,0.5880732,1.0
1038,1.0,0.02849,0.646262234,1.0
1039,1.0,0.1056,0.530656555,1.0
1040,1.0,0.23463,0.249350307,1.0
1041,1.0,0.39864,0.414233509,1.0
1042,1.0,0.52745,0.299356487,1.0
1043,1.0,0.61963,0.145691737,1.0
1044,1.0,0.62788,0.100299021,1.0
1045,1.0,0.5874,0.462929699,1.0
1046,1.0,0.62051,0.598253363,1.0
1047,1.0,0.60907,1.037937248,1.0
1048,1.0,0.5027,0.913013816,1.0
1049,1.0,0.37829,0.768582665,1.0
1050,1.0,0.18062,0.590694952,1.0
1051,1.0,0.07018,0.847772336,1.0
1052,1.0,0.0,0.626553756,1.0
1053,1.0,0.0,0.735814994,1.0
1054,1.0,0.0,0.835322046,1.0
1055,1.0,0.0,0.740264636,1.0
1056,1.0,0.0,0.948036337,1.0
1057,1.0,0.0,0.994513345,1.0
1058,1.0,0.0,1.043298769,1.0
1059,1.0,0.0,1.01670084,1.0
1060,1.0,0.0,0.658162629,1.0
1061,1.0,0.0,0.74771303,1.0
1062,1.0,0.00594,0.798852831,1.0
1063,1.0,0.09086,0.412097693,1.0
1064,1.0,0.22396,0.315568248,1.0
1065,1.0,0.35365,0.363212576,1.0
1066,1.0,0.46189,0.14126011,1.0
1067,1.0,0.55374,0.320061916,1.0
1068,1.0,0.58542,0.196675428,1.0
1069,1.0,0.59433,0.363005817,1.0
1070,1.0,0.51876,0.398908124,1.0
1071,1.0,0.34969,0.70425123,1.0
1072,1.0,0.16291,0.584281242,1.0
1073,1.0,0.13299,0.362944317,1.0
1074,1.0,0.13002,0.424705305,1.0
1075,1.0,0.02299,0.465337577,1.0
1076,1.0,0.0,0.495526213,1.0
1077,1.0,0.0,0.633992183,1.0
1078,1.0,0.0,0.792496294,1.0
1079,1.0,0.0,0.575730437,1.0
1080,1.0,0.0,0.721414995,1.0
1081,1.0,0.0,0.647588944,1.0
1082,1.0,0.0,0.249808639,1.0
1083,1.0,0.0,0.192301318,1.0
1084,1.0,0.0,0.300054068,1.0
1085,1.0,0.0,0.184873184,1.0
1086,1.0,0.01364,0.145060313,1.0
1087,1.0,0.09438,0.126315002,1.0
1088,1.0,0.21923,0.042992038,1.0
1089,1.0,0.33132,0.017165883,1.0
1090,1.0,0.45991,0.005591543,1.0
1091,1.0,0.56881,0.029176258,1.0
1092,1.0,0.58443,0.041726643,1.0
1093,1.0,0.63503,0.086668461,1.0
1094,1.0,0.57156,0.166884528,1.0
1095,1.0,0.54406,0.175466083,1.0
1096,1.0,0.48873,0.182854747,1.0
1097,1.0,0.36069,0.261358688,1.0
1098,1.0,0.19195,0.329511947,1.0
1099,1.0,0.0781,0.517513439,1.0
1100,1.0,0.00022,0.284333488,1.0
1101,1.0,0.0,0.561583453,1.0
1102,1.0,0.0,0.00224375,1.0
1103,1.0,0.0,0.249743337,1.0
1104,1.0,0.0,0.237695403,1.0
1105,1.0,0.0,0.440280592,1.0
1106,1.0,0.0,0.573686051,1.0
1107,1.0,0.0,0.504770434,1.0
1108,1.0,0.0,0.496108955,1.0
1109,1.0,0.0,0.540688312,1.0
1110,1.0,0.00462,0.514378805,1.0
1111,1.0,0.04378,0.110014484,1.0
1112,1.0,0.14839,0.028544397,1.0
1113,1.0,0.2706,0.010198478,1.0
1114,1.0,0.35354,0.006438333,1.0
1115,1.0,0.41591,0.008913121,1.0
1116,1.0,0.46255,0.012937469,1.0
1117,1.0,0.48741,0.018545179,1.0
1118,1.0,0.46475,0.015821336,1.0
1119,1.0,0.44132,0.014436366,1.0
1120,1.0,0.39721,0.027474186,1.0
1121,1.0,0.29502,0.053618048,1.0
1122,1.0,0.16742,0.074485193,1.0
1123,1.0,0.05423,0.002141436,1.0
1124,1.0,0.00385,0.268284068,1.0
1125,1.0,0.0,0.477657917,1.0
1126,1.0,0.0,0.296644026,1.0
1127,1.0,0.0,0.339109367,1.0
1128,1.0,0.0,0.169829041,1.0
1129,1.0,0.0,0.01925195,1.0
1130,1.0,0.0,0.016687672,1.0
1131,1.0,0.0,0.025842199,1.0
1132,1.0,0.0,0.056673096,1.0
1133,1.0,0.0,0.245663941,1.0
1134,1.0,0.10538,0.266112059,1.0
1135,1.0,0.0935,0.189063942,1.0
1136,1.0,0.24299,0.002009629,1.0
1137,1.0,0.43296,0.015018544,1.0
1138,1.0,0.57959,0.027681903,1.0
1139,1.0,0.68959,0.033650077,1.0
1140,1.0,0.72886,0.037655559,1.0
1141,1.0,0.71786,0.045362581,1.0
1142,1.0,0.69575,0.059297933,1.0
1143,1.0,0.64515,0.058387148,1.0
1144,1.0,0.53581,0.081586731,1.0
1145,1.0,0.385,0.103548567,1.0
1146,1.0,0.19228,0.251279675,1.0
1147,1.0,0.07931,0.531170979,1.0
1148,1.0,0.00418,0.521030745,1.0
1149,1.0,0.0,0.935385024,1.0
1150,1.0,0.0,0.803646296,1.0
1151,1.0,0.0,0.632130528,1.0
1152,1.0,0.0,0.534661502,1.0
1153,1.0,0.0,0.542766923,1.0
1154,1.0,0.0,0.610103995,1.0
1155,1.0,0.0,0.024582388,1.0
1156,1.0,0.0,0.020769505,1.0
1157,1.0,0.0,0.015862682,1.0
1158,1.0,0.16423,0.021670439,1.0
1159,1.0,0.08877,0.017830128,1.0
1160,1.0,0.24211,0.110445975,1.0
1161,1.0,0.42878,0.013421849,1.0
1162,1.0,0.56573,0.010444335,1.0
1163,1.0,0.67111,0.002488677,1.0
1164,1.0,0.70345,0.015964571,1.0
1165,1.0,0.70048,0.074140075,1.0
1166,1.0,0.69168,0.15291144,1.0
1167,1.0,0.64163,0.296851442,1.0
1168,1.0,0.5258,0.341286751,1.0
1169,1.0,0.3795,0.535430875,1.0
1170,1.0,0.18788,0.604071218,1.0
1171,1.0,0.07337,0.694148696,1.0
1172,1.0,0.0,0.456264973,1.0
1173,1.0,0.0,0.800032217,1.0
1174,1.0,0.0,0.922007185,1.0
1175,1.0,0.0,0.874087745,1.0
1176,1.0,0.0,0.902816146,1.0
1177,1.0,0.0,1.054966342,1.0
1178,1.0,0.0,1.080159342,1.0
1179,1.0,0.0,1.086314594,1.0
1180,1.0,0.0,1.096757937,1.0
1181,1.0,0.0,1.096520853,1.0
1182,1.0,0.0,1.08208499,1.0
1183,1.0,0.0,0.9998074,1.0
1184,1.0,0.19866,1.089091671,1.0
1185,1.0,0.45463,0.983254898,1.0
1186,1.0,0.63151,1.084519357,1.0
1187,1.0,0.72094,1.066271734,1.0
1188,1.0,0.73447,1.041673345,1.0
1189,1.0,0.73711,0.8176691,1.0
1190,1.0,0.73381,0.579948109,1.0
1191,1.0,0.63019,0.94175992,1.0
1192,1.0,0.44429,0.814988339,1.0
1193,1.0,0.19393,0.660690558,1.0
1194,1.0,0.0,0.560455078,1.0
1195,1.0,0.0,0.767081816,1.0
1196,1.0,0.0,0.759518289,1.0
1197,1.0,0.0,0.874960482,1.0
1198,1.0,0.0,0.842485296,1.0
1199,1.0,0.0,0.587178302,1.0
1200,1.0,0.0,0.612650412,1.0
1201,1.0,0.0,0.650804782,1.0
1202,1.0,0.0,0.591094768,1.0
1203,1.0,0.0,0.655770946,1.0
1204,1.0,0.0,0.653340906,1.0
1205,1.0,0.0,0.64499768,1.0
1206,1.0,0.0,0.910488642,1.0
1207,1.0,0.0,0.740916288,1.0
1208,1.0,0.16588,0.492957175,1.0
1209,1.0,0.39259,0.565655703,1.0
1210,1.0,0.56463,0.321069062,1.0
1211,1.0,0.60929,0.198886382,1.0
1212,1.0,0.56353,0.235301375,1.0
1213,1.0,0.51865,0.134876552,1.0
1214,1.0,0.56243,0.127146974,1.0
1215,1.0,0.43318,0.044884161,1.0
1216,1.0,0.28391,0.131214273,1.0
1217,1.0,0.08877,0.165210782,1.0
1218,1.0,0.0,0.252885135,1.0
1219,1.0,0.0,0.231887252,1.0
1220,1.0,0.0,0.207675763,1.0
1221,1.0,0.0,0.314320281,1.0
1222,1.0,0.0,0.322240349,1.0
1223,1.0,0.0,0.27993607,1.0
1224,1.0,0.0,0.436903301,1.0
1225,1.0,0.0,0.238522753,1.0
1226,1.0,0.0,0.18792806,1.0
1227,1.0,0.0,0.257313878,1.0
1228,1.0,0.0,0.08874458,1.0
1229,1.0,0.0,0.155586316,1.0
1230,1.0,0.0,0.111286734,1.0
1231,1.0,0.0,0.069910396,1.0
1232,1.0,0.08195,0.045156986,1.0
1233,1.0,0.29271,0.030947223,1.0
1234,1.0,0.44979,0.020130289,1.0
1235,1.0,0.49038,0.013987839,1.0
1236,1.0,0.539,0.006723982,1.0
1237,1.0,0.52646,0.003882496,1.0
1238,1.0,0.46596,0.00462749,1.0
1239,1.0,0.40909,0.001156313,1.0
1240,1.0,0.35717,0.002460494,1.0
1241,1.0,0.07854,0.081020453,1.0
1242,1.0,0.0,0.093481315,1.0
1243,1.0,0.0,0.1135892,1.0
1244,1.0,0.0,0.125670153,1.0
1245,1.0,0.0,0.122195686,1.0
1246,1.0,0.0,0.05882416,1.0
1247,1.0,0.0,0.078606861,1.0
1248,1.0,0.0,0.026445148,1.0
1249,1.0,0.0,0.011859305,1.0
1250,1.0,0.0,0.010462667,1.0
1251,1.0,0.0,0.001947322,1.0
1252,1.0,0.0,0.002442576,1.0
1253,1.0,0.0,0.030902592,1.0
1254,1.0,0.0,0.121909141,1.0
1255,1.0,0.0,0.052067392,1.0
1256,1.0,0.15862,0.127428248,1.0
1257,1.0,0.4015,0.016462482,1.0
1258,1.0,0.55187,0.000445291,1.0
1259,1.0,0.6303,0.001028919,1.0
1260,1.0,0.61391,0.00035639,1.0
1261,1.0,0.59741,0.019328824,1.0
1262,1.0,0.57871,0.040070982,1.0
1263,1.0,0.50633,0.075824361,1.0
1264,1.0,0.3432,0.069648554,1.0
1265,1.0,0.12881,0.215338045,1.0
1266,1.0,0.0,0.52480487,1.0
1267,1.0,0.0,0.53235774,1.0
1268,1.0,0.0,0.563305784,1.0
1269,1.0,0.0,0.498313221,1.0
1270,1.0,0.0,0.241998425,1.0
1271,1.0,0.0,0.174756062,1.0
1272,1.0,0.0,0.133275689,1.0
1273,1.0,0.0,0.097312292,1.0
1274,1.0,0.0,0.093524375,1.0
1275,1.0,0.0,0.113695875,1.0
1276,1.0,0.0,0.147529249,1.0
1277,1.0,0.0,0.231416807,1.0
1278,1.0,0.0,0.228850523,1.0
1279,1.0,0.0,0.258502343,1.0
1280,1.0,0.15433,0.162346964,1.0
1281,1.0,0.36949,0.12336976,1.0
1282,1.0,0.52261,0.029701818,1.0
1283,1.0,0.59092,0.007109555,1.0
1284,1.0,0.59268,0.000328536,1.0
1285,1.0,0.62546,0.004505193,1.0
1286,1.0,0.64801,0.001868518,1.0
1287,1.0,0.56562,0.006058622,1.0
1288,1.0,0.38929,0.018240992,1.0
1289,1.0,0.15202,0.009152226,1.0
1290,1.0,0.0,0.02945314,1.0
1291,1.0,0.0,0.101653292,1.0
1292,1.0,0.0,0.124225532,1.0
1293,1.0,0.0,0.395580595,1.0
1294,1.0,0.0,0.376280785,1.0
1295,1.0,0.0,0.002441183,1.0
1296,1.0,0.0,0.066204955,1.0
1297,1.0,0.0,0.037221907,1.0
1298,1.0,0.0,0.006494164,1.0
1299,1.0,0.0,0.023323634,1.0
1300,1.0,0.0,0.103594217,1.0
1301,1.0,0.0,0.145043446,1.0
1302,1.0,0.0,0.140637913,1.0
1303,1.0,0.0,0.1424372,1.0
1304,1.0,0.08261,0.049571616,1.0
1305,1.0,0.30767,0.124311447,1.0
1306,1.0,0.4719,0.015789102,1.0
1307,1.0,0.54076,0.050813222,1.0
1308,1.0,0.57332,0.000886805,1.0
1309,1.0,0.54153,0.005910992,1.0
1310,1.0,0.42724,0.010986184,1.0
1311,1.0,0.34595,0.015590542,1.0
1312,1.0,0.21263,0.012013031,1.0
1313,1.0,0.03619,0.029437384,1.0
1314,1.0,0.0,0.07029178,1.0
1315,1.0,0.0,0.10140349,1.0
1316,1.0,0.0,0.179313362,1.0
1317,1.0,0.0,0.249077523,1.0
1318,1.0,0.0,0.216834765,1.0
1319,1.0,0.0,0.166369695,1.0
1320,1.0,0.0,0.332849998,1.0
1321,1.0,0.0,0.445586744,1.0
1322,1.0,0.0,0.478359333,1.0
1323,1.0,0.0,0.523998222,1.0
1324,1.0,0.0,0.614612055,1.0
1325,1.0,0.0,0.651103037,1.0
1326,1.0,0.0,0.669811976,1.0
1327,1.0,0.0,0.899085295,1.0
1328,1.0,0.02398,0.769118857,1.0
1329,1.0,0.14564,0.977800143,1.0
1330,1.0,0.23441,0.844354034,1.0
1331,1.0,0.27764,0.429299617,1.0
1332,1.0,0.3091,0.579444504,1.0
1333,1.0,0.32384,0.726584935,1.0
1334,1.0,0.33473,0.739379311,1.0
1335,1.0,0.24915,0.910091054,1.0
1336,1.0,0.14124,0.904888332,1.0
1337,1.0,0.01639,0.944114494,1.0
1338,1.0,0.0,1.032588709,1.0
1339,1.0,0.0,0.986322427,1.0
1340,1.0,0.0,0.924344647,1.0
1341,1.0,0.0,1.01424123,1.0
1342,1.0,0.0,0.882645893,1.0
1343,1.0,0.0,0.992526328,1.0
1344,1.0,0.0,1.09895345,1.0
1345,1.0,0.0,0.003316706,1.0
1346,1.0,0.0,0.003653789,1.0
1347,1.0,0.0,0.00383512,1.0
1348,1.0,0.0,0.004524575,1.0
1349,1.0,0.0,0.004584693,1.0
1350,1.0,0.0,0.004848815,1.0
1351,1.0,0.0,0.007703606,1.0
1352,1.0,0.05918,0.006418387,1.0
1353,1.0,0.32956,0.013410302,1.0
1354,1.0,0.50919,0.027509427,1.0
1355,1.0,0.61853,0.022216379,1.0
1356,1.0,0.6358,0.022734315,1.0
1357,1.0,0.59708,0.025958343,1.0
1358,1.0,0.57123,0.017578122,1.0
1359,1.0,0.47982,0.019072843,1.0
1360,1.0,0.29458,0.01867429,1.0
1361,1.0,0.03509,0.020066692,1.0
1362,1.0,0.0,0.010229352,1.0
1363,1.0,0.0,0.006701133,1.0
1364,1.0,0.0,0.004431347,1.0
1365,1.0,0.0,0.004987564,1.0
1366,1.0,0.0,0.004501322,1.0
1367,1.0,0.0,0.003466135,1.0
1368,1.0,0.0,0.003166017,1.0
1369,1.0,0.0,0.002984661,1.0
1370,1.0,0.0,0.00387637,1.0
1371,1.0,0.0,0.003424407,1.0
1372,1.0,0.0,0.003801856,1.0
1373,1.0,0.0,0.006926856,1.0
1374,1.0,0.0,0.008935042,1.0
1375,1.0,0.0,0.007064112,1.0
1376,1.0,0.04433,0.005699356,1.0
1377,1.0,0.31768,0.004570183,1.0
1378,1.0,0.51722,0.006720622,1.0
1379,1.0,0.61479,0.01425123,1.0
1380,1.0,0.61721,0.046797769,1.0
1381,1.0,0.62722,0.02161259,1.0
1382,1.0,0.6006,0.021003066,1.0
1383,1.0,0.4477,0.01228137,1.0
1384,1.0,0.25784,0.010207327,1.0
1385,1.0,0.00077,0.004319755,1.0
1386,1.0,0.0,0.001577589,1.0
1387,1.0,0.0,0.002082552,1.0
1388,1.0,0.0,0.001727694,1.0
1389,1.0,0.0,0.002532965,1.0
1390,1.0,0.0,0.00296198,1.0
1391,1.0,0.0,0.003060922,1.0
1392,1.0,0.0,0.002917442,1.0
1393,1.0,0.0,0.001745809,1.0
1394,1.0,0.0,0.001887005,1.0
1395,1.0,0.0,0.001620114,1.0
1396,1.0,0.0,0.002262401,1.0
1397,1.0,0.0,0.001568633,1.0
1398,1.0,0.0,0.002026789,1.0
1399,1.0,0.0,0.002098188,1.0
1400,1.0,0.00055,0.002898646,1.0
1401,1.0,0.23177,0.005269061,1.0
1402,1.0,0.39105,0.019872084,1.0
1403,1.0,0.49841,0.065973284,1.0
1404,1.0,0.56661,0.091727981,1.0
1405,1.0,0.539,0.062214937,1.0
1406,1.0,0.57079,0.054549949,1.0
1407,1.0,0.49038,0.024979635,1.0
1408,1.0,0.31779,0.038028362,1.0
1409,1.0,0.01298,0.022940449,1.0
1410,1.0,0.0,0.007712302,1.0
1411,1.0,0.0,0.005441404,1.0
1412,1.0,0.0,0.003604555,1.0
1413,1.0,0.0,0.006348179,1.0
1414,1.0,0.0,0.006010098,1.0
1415,1.0,0.0,0.005886968,1.0
1416,1.0,0.0,0.0041587,1.0
1417,1.0,0.0,0.003371289,1.0
1418,1.0,0.0,0.00236006,1.0
1419,1.0,0.0,0.002326349,1.0
1420,1.0,0.0,0.002083633,1.0
1421,1.0,0.0,0.002077672,1.0
1422,1.0,0.0,0.002285939,1.0
1423,1.0,0.0,0.004543097,1.0
1424,1.0,0.01287,0.004306387,1.0
1425,1.0,0.34485,0.0034849,1.0
1426,1.0,0.53999,0.007829807,1.0
1427,1.0,0.67276,0.013562002,1.0
1428,1.0,0.7073,0.011745741,1.0
1429,1.0,0.70818,0.007684395,1.0
1430,1.0,0.67397,0.003946595,1.0
1431,1.0,0.53581,0.004713657,1.0
1432,1.0,0.33638,0.001786276,1.0
1433,1.0,0.02959,0.002148865,1.0
1434,1.0,0.0,0.000341349,1.0
1435,1.0,0.0,0.000164508,1.0
1436,1.0,0.0,0.001722303,1.0
1437,1.0,0.0,0.002598662,1.0
1438,1.0,0.0,0.008732818,1.0
1439,1.0,0.0,0.008325013,1.0
1440,1.0,0.0,0.009455063,1.0
1441,1.0,0.0,0.006109105,1.0
1442,1.0,0.0,0.005559029,1.0
1443,1.0,0.0,0.006370074,1.0
1444,1.0,0.0,0.008486904,1.0
1445,1.0,0.0,0.019060834,1.0
1446,1.0,0.0,0.023900699,1.0
1447,1.0,0.0,0.006943746,1.0
1448,1.0,0.01485,0.009516463,1.0
1449,1.0,0.33693,0.011980902,1.0
1450,1.0,0.51997,0.013664463,1.0
1451,1.0,0.63767,0.002764573,1.0
1452,1.0,0.66825,0.011935114,1.0
1453,1.0,0.68629,0.116221852,1.0
1454,1.0,0.66506,0.226848197,1.0
1455,1.0,0.52679,0.175221558,1.0
1456,1.0,0.32208,0.244108016,1.0
1457,1.0,0.02453,0.138801451,1.0
1458,1.0,0.0,0.05971589,1.0
1459,1.0,0.0,0.052241439,1.0
1460,1.0,0.0,0.106441742,1.0
1461,1.0,0.0,0.163288855,1.0
1462,1.0,0.0,0.090649156,1.0
1463,1.0,0.0,0.034412753,1.0
1464,1.0,0.0,0.01118165,1.0
1465,1.0,0.0,0.030299698,1.0
1466,1.0,0.0,0.043366231,1.0
1467,1.0,0.0,0.050688296,1.0
1468,1.0,0.0,0.24900768,1.0
1469,1.0,0.0,0.404433721,1.0
1470,1.0,0.0,0.439185623,1.0
1471,1.0,0.0,0.675779778,1.0
1472,1.0,0.0,0.600461072,1.0
1473,1.0,0.25025,0.708402419,1.0
1474,1.0,0.44165,1.025979483,1.0
1475,1.0,0.60511,1.064390802,1.0
1476,1.0,0.66231,1.091168773,1.0
1477,1.0,0.64559,1.099737739,1.0
1478,1.0,0.58245,1.099995739,1.0
1479,1.0,0.48675,1.075118304,1.0
1480,1.0,0.31449,0.92729311,1.0
1481,1.0,0.00022,1.051253587,1.0
1482,1.0,0.0,1.049601608,1.0
1483,1.0,0.0,1.012665832,1.0
1484,1.0,0.0,0.843109083,1.0
1485,1.0,0.0,0.996787536,1.0
1486,1.0,0.0,0.789241576,1.0
1487,1.0,0.0,0.701381117,1.0
1488,1.0,0.0,0.763874632,1.0
1489,1.0,0.0,0.8608531,1.0
1490,1.0,0.0,0.955780822,1.0
1491,1.0,0.0,0.819713289,1.0
1492,1.0,0.0,0.871352958,1.0
1493,1.0,0.0,0.835747498,1.0
1494,1.0,0.0,0.884872681,1.0
1495,1.0,0.0,0.718173194,1.0
1496,1.0,0.0,0.524344372,1.0
1497,1.0,0.30602,0.61495496,1.0
1498,1.0,0.49654,0.980499,1.0
1499,1.0,0.45441,1.058471191,1.0
1500,1.0,0.35629,1.05015524,1.0
1501,1.0,0.45672,1.081646687,1.0
1502,1.0,0.5214,1.089488078,1.0
1503,1.0,0.41162,1.044510675,1.0
1504,1.0,0.21703,0.93745249,1.0
1505,1.0,0.0,0.65013923,1.0
1506,1.0,0.0,0.342213612,1.0
1507,1.0,0.0,0.145786413,1.0
1508,1.0,0.0,0.163505417,1.0
1509,1.0,0.0,0.136384082,1.0
1510,1.0,0.0,0.069895324,1.0
1511,1.0,0.0,0.116400893,1.0
1512,1.0,0.0,0.112002967,1.0
1513,1.0,0.0,0.074461377,1.0
1514,1.0,0.0,0.056266608,1.0
1515,1.0,0.0,0.043880593,1.0
1516,1.0,0.0,0.058062641,1.0
1517,1.0,0.0,0.050329901,1.0
1518,1.0,0.0,0.060597569,1.0
1519,1.0,0.0,0.045133448,1.0
1520,1.0,0.0,0.079592297,1.0
1521,1.0,0.30492,0.077226553,1.0
1522,1.0,0.51733,0.296490341,1.0
1523,1.0,0.65395,0.350720752,1.0
1524,1.0,0.66814,0.658403778,1.0
1525,1.0,0.66638,1.044396723,1.0
1526,1.0,0.6303,1.051929236,1.0
1527,1.0,0.51645,0.881014175,1.0
1528,1.0,0.32406,0.621848345,1.0
1529,1.0,0.00165,0.288381019,1.0
1530,1.0,0.0,0.057117517,1.0
1531,1.0,0.0,0.028385588,1.0
1532,1.0,0.0,0.003096347,1.0
1533,1.0,0.0,0.003096647,1.0
1534,1.0,0.0,0.002618227,1.0
1535,1.0,0.0,0.001026596,1.0
1536,1.0,0.0,0.000385371,1.0
1537,1.0,0.0,0.000170326,1.0
1538,1.0,0.0,6.325e-5,1.0
1539,1.0,0.0,7.898e-5,1.0
1540,1.0,0.0,4.015e-5,1.0
1541,1.0,0.0,3.3e-5,1.0
1542,1.0,0.0,0.0,1.0
1543,1.0,0.0,0.000849791,1.0
1544,1.0,0.0,0.001023255,1.0
1545,1.0,0.11319,0.000856378,1.0
1546,1.0,0.26697,0.000144653,1.0
1547,1.0,0.36883,0.006371522,1.0
1548,1.0,0.40623,0.002832038,1.0
1549,1.0,0.3531,1.111e-5,1.0
1550,1.0,0.30778,0.000148154,1.0
1551,1.0,0.31757,0.000568054,1.0
1552,1.0,0.18887,0.001355538,1.0
1553,1.0,0.0,0.002920667,1.0
1554,1.0,0.0,0.003490598,1.0
1555,1.0,0.0,0.004266222,1.0
1556,1.0,0.0,0.006359389,1.0
1557,1.0,0.0,0.006885177,1.0
1558,1.0,0.0,0.008897744,1.0
1559,1.0,0.0,0.008982164,1.0
1560,1.0,0.0,0.007821532,1.0
1561,1.0,0.0,0.011375931,1.0
1562,1.0,0.0,0.019087305,1.0
1563,1.0,0.0,0.015693791,1.0
1564,1.0,0.0,0.027880453,1.0
1565,1.0,0.0,0.022068308,1.0
1566,1.0,0.0,0.023498076,1.0
1567,1.0,0.0,0.023992949,1.0
1568,1.0,0.0,0.015757898,1.0
1569,1.0,0.21802,0.016908536,1.0
1570,1.0,0.40722,0.033344423,1.0
1571,1.0,0.50644,0.038899148,1.0
1572,1.0,0.55121,0.046994677,1.0
1573,1.0,0.56903,0.044932081,1.0
1574,1.0,0.55638,0.060628876,1.0
1575,1.0,0.42636,0.145325704,1.0
1576,1.0,0.21659,0.096909673,1.0
1577,1.0,0.0,0.011170881,1.0
1578,1.0,0.0,0.007449681,1.0
1579,1.0,0.0,0.013807811,1.0
1580,1.0,0.0,0.00506388,1.0
1581,1.0,0.0,0.014425579,1.0
1582,1.0,0.0,0.013656778,1.0
1583,1.0,0.0,0.005349881,1.0
1584,1.0,0.0,0.036729382,1.0
1585,1.0,0.0,0.073154058,1.0
1586,1.0,0.0,0.079254792,1.0
1587,1.0,0.0,0.180302608,1.0
1588,1.0,0.0,0.269111106,1.0
1589,1.0,0.0,0.161852193,1.0
1590,1.0,0.0,0.090879938,1.0
1591,1.0,0.0,0.178261009,1.0
1592,1.0,0.0,0.024563151,1.0
1593,1.0,0.29348,0.013397405,1.0
1594,1.0,0.51788,0.047389145,1.0
1595,1.0,0.64735,0.180599913,1.0
1596,1.0,0.60434,0.710014272,1.0
1597,1.0,0.65901,0.56910941,1.0
1598,1.0,0.62403,0.666967106,1.0
1599,1.0,0.5313,0.901433903,1.0
1600,1.0,0.33143,0.841478872,1.0
1601,1.0,0.00011,0.560396069,1.0
1602,1.0,0.0,0.37794227,1.0
1603,1.0,0.0,0.257774472,1.0
1604,1.0,0.0,0.384496257,1.0
1605,1.0,0.0,0.599888164,1.0
1606,1.0,0.0,0.366355473,1.0
1607,1.0,0.0,0.32602526,1.0
1608,1.0,0.0,0.180252778,1.0
1609,1.0,0.0,0.177594195,1.0
1610,1.0,0.0,0.172227822,1.0
1611,1.0,0.0,0.204703549,1.0
1612,1.0,0.0,0.139256702,1.0
1613,1.0,0.0,0.130123254,1.0
1614,1.0,0.0,0.131824152,1.0
1615,1.0,0.0,0.126111627,1.0
1616,1.0,0.0,0.123548802,1.0
1617,1.0,0.21923,0.06788686,1.0
1618,1.0,0.418,0.320516446,1.0
1619,1.0,0.53713,0.192017929,1.0
1620,1.0,0.60423,0.126987708,1.0
1621,1.0,0.60731,0.095797165,1.0
1622,1.0,0.57354,0.034427804,1.0
1623,1.0,0.45155,0.059379209,1.0
1624,1.0,0.26653,0.012032488,1.0
1625,1.0,0.0,0.011343846,1.0
1626,1.0,0.0,0.007141826,1.0
1627,1.0,0.0,0.004601721,1.0
1628,1.0,0.0,0.004634753,1.0
1629,1.0,0.0,0.013627041,1.0
1630,1.0,0.0,0.010330922,1.0
1631,1.0,0.0,0.007104664,1.0
1632,1.0,0.0,0.008081846,1.0
1633,1.0,0.0,0.013246795,1.0
1634,1.0,0.0,0.028746924,1.0
1635,1.0,0.0,0.027996867,1.0
1636,1.0,0.0,0.021922336,1.0
1637,1.0,0.0,0.022996333,1.0
1638,1.0,0.0,0.024253882,1.0
1639,1.0,0.0,0.043265351,1.0
1640,1.0,0.0,0.031003763,1.0
1641,1.0,0.23848,0.010101083,1.0
1642,1.0,0.42482,0.013077064,1.0
1643,1.0,0.49621,0.013017588,1.0
1644,1.0,0.49236,0.016169809,1.0
1645,1.0,0.49863,0.009609294,1.0
1646,1.0,0.4807,0.010937661,1.0
1647,1.0,0.45232,0.010478144,1.0
1648,1.0,0.3025,0.008386828,1.0
1649,1.0,0.0,0.009981217,1.0
1650,1.0,0.0,0.011144495,1.0
1651,1.0,0.0,0.0075404,1.0
1652,1.0,0.0,0.005965333,1.0
1653,1.0,0.0,0.00473474,1.0
1654,1.0,0.0,0.014292221,1.0
1655,1.0,0.0,0.005675866,1.0
1656,1.0,0.0,0.00488156,1.0
1657,1.0,0.0,0.002104298,1.0
1658,1.0,0.0,0.00157723,1.0
1659,1.0,0.0,0.001708539,1.0
1660,1.0,0.0,0.001448846,1.0
1661,1.0,0.0,0.002172359,1.0
1662,1.0,0.0,0.003036639,1.0
1663,1.0,0.0,0.002340049,1.0
1664,1.0,0.0,0.004919298,1.0
1665,1.0,0.13024,0.002493994,1.0
1666,1.0,0.30558,0.007089491,1.0
1667,1.0,0.39435,0.005682574,1.0
1668,1.0,0.35618,0.00434213,1.0
1669,1.0,0.37521,0.008278686,1.0
1670,1.0,0.37455,0.069629745,1.0
1671,1.0,0.3146,0.09694008,1.0
1672,1.0,0.11308,0.156979886,1.0
1673,1.0,0.0,0.087126606,1.0
1674,1.0,0.0,0.052654995,1.0
1675,1.0,0.0,0.146821719,1.0
1676,1.0,0.0,0.294290239,1.0
1677,1.0,0.0,0.398875472,1.0
1678,1.0,0.0,0.264316903,1.0
1679,1.0,0.0,0.437748828,1.0
1680,1.0,0.0,0.277772158,1.0
1681,1.0,0.0,0.717393101,1.0
1682,1.0,0.0,0.668334532,1.0
1683,1.0,0.0,0.559925246,1.0
1684,1.0,0.0,0.56532591,1.0
1685,1.0,0.0,0.646019185,1.0
1686,1.0,0.0,0.737769819,1.0
1687,1.0,0.0,0.696856928,1.0
1688,1.0,0.0,0.745820689,1.0
1689,1.0,0.00517,0.660747861,1.0
1690,1.0,0.10197,0.778660875,1.0
1691,1.0,0.53735,0.184609564,1.0
1692,1.0,0.22495,0.475502235,1.0
1693,1.0,0.24145,0.288678423,1.0
1694,1.0,0.25784,0.275375033,1.0
1695,1.0,0.17897,0.330798662,1.0
1696,1.0,0.09493,0.258909585,1.0
1697,1.0,0.0,0.394911799,1.0
1698,1.0,0.0,0.520323068,1.0
1699,1.0,0.0,0.589736915,1.0
1700,1.0,0.0,0.513812781,1.0
1701,1.0,0.0,0.477670472,1.0
1702,1.0,0.0,0.663023037,1.0
1703,1.0,0.0,0.811236375,1.0
1704,1.0,0.0,0.690521699,1.0
1705,1.0,0.0,0.775493753,1.0
1706,1.0,0.0,0.816730994,1.0
1707,1.0,0.0,0.87829014,1.0
1708,1.0,0.0,0.849198312,1.0
1709,1.0,0.0,0.928501934,1.0
1710,1.0,0.0,0.9656407,1.0
1711,1.0,0.0,0.998713511,1.0
1712,1.0,0.0,0.830839163,1.0
1713,1.0,0.02277,0.747707128,1.0
1714,1.0,0.05665,0.874980742,1.0
1715,1.0,0.15092,0.597273427,1.0
1716,1.0,0.2574,0.505560362,1.0
1717,1.0,0.35618,0.417411057,1.0
1718,1.0,0.40667,0.306384183,1.0
1719,1.0,0.29953,0.232275447,1.0
1720,1.0,0.14696,0.18353664,1.0
1721,1.0,0.0,0.098019805,1.0
1722,1.0,0.0,0.030806353,1.0
1723,1.0,0.0,0.118100644,1.0
1724,1.0,0.0,0.005483003,1.0
1725,1.0,0.0,0.310308713,1.0
1726,1.0,0.0,0.37360009,1.0
1727,1.0,0.0,0.643456375,1.0
1728,1.0,0.0,0.747752368,1.0
1729,1.0,0.0,0.982180482,1.0
1730,1.0,0.0,1.067895323,1.0
1731,1.0,0.0,1.084385079,1.0
1732,1.0,0.0,1.095447749,1.0
1733,1.0,0.0,1.09280895,1.0
1734,1.0,0.0,1.075638956,1.0
1735,1.0,0.0,1.04239974,1.0
1736,1.0,0.0,1.094658148,1.0
1737,1.0,0.1441,1.099791241,1.0
1738,1.0,0.35948,1.095590878,1.0
1739,1.0,0.51986,1.056808067,1.0
1740,1.0,0.54725,1.1,1.0
1741,1.0,0.5126,1.1,1.0
1742,1.0,0.50347,1.1,1.0
1743,1.0,0.42438,1.1,1.0
1744,1.0,0.27489,1.095040656,1.0
1745,1.0,0.00121,1.083727592,1.0
1746,1.0,0.0,1.068087953,1.0
1747,1.0,0.0,1.064601857,1.0
1748,1.0,0.0,0.56224553,1.0
1749,1.0,0.0,0.986629796,1.0
1750,1.0,0.0,0.896498752,1.0
1751,1.0,0.0,0.959549898,1.0
1752,1.0,0.0,0.509248892,1.0
1753,1.0,0.0,0.579861301,1.0
1754,1.0,0.0,0.833541429,1.0
1755,1.0,0.0,0.623791301,1.0
1756,1.0,0.0,0.602823449,1.0
1757,1.0,0.0,0.519254848,1.0
1758,1.0,0.0,0.475363925,1.0
1759,1.0,0.0,0.26746806,1.0
1760,1.0,0.0,0.307104251,1.0
1761,1.0,0.23122,0.002207566,1.0
1762,1.0,0.45452,0.00419089,1.0
1763,1.0,0.59136,0.02174714,1.0
1764,1.0,0.65714,0.005229861,1.0
1765,1.0,0.63041,0.014842644,1.0
1766,1.0,0.54945,0.003903059,1.0
1767,1.0,0.43252,0.005285535,1.0
1768,1.0,0.20438,0.240442532,1.0
1769,1.0,0.0,0.096712937,1.0
1770,1.0,0.0,0.29789032,1.0
1771,1.0,0.0,0.36082345,1.0
1772,1.0,0.0,0.761754585,1.0
1773,1.0,0.0,0.457644823,1.0
1774,1.0,0.0,0.229072428,1.0
1775,1.0,0.0,0.446107823,1.0
1776,1.0,0.0,0.606645435,1.0
1777,1.0,0.0,0.613850975,1.0
1778,1.0,0.0,0.729765892,1.0
1779,1.0,0.0,0.818693686,1.0
1780,1.0,0.0,0.96029793,1.0
1781,1.0,0.0,1.075476944,1.0
1782,1.0,0.0,1.093621957,1.0
1783,1.0,0.0,1.09768424,1.0
1784,1.0,0.0,1.1,1.0
1785,1.0,0.0,1.1,1.0
1786,1.0,0.04906,1.1,1.0
1787,1.0,0.06413,1.1,1.0
1788,1.0,0.06468,1.1,1.0
1789,1.0,0.03465,1.1,1.0
1790,1.0,0.03179,1.1,1.0
1791,1.0,0.18128,1.1,1.0
1792,1.0,0.3135,1.074332439,1.0
1793,1.0,0.0,1.1,1.0
1794,1.0,0.0,1.095994627,1.0
1795,1.0,0.0,1.059773052,1.0
1796,1.0,0.0,0.982718706,1.0
1797,1.0,0.0,1.016421663,1.0
1798,1.0,0.0,0.421265203,1.0
1799,1.0,0.0,0.378414634,1.0
1800,1.0,0.0,0.582971186,1.0
1801,1.0,0.0,0.500771323,1.0
1802,1.0,0.0,0.453651744,1.0
1803,1.0,0.0,0.375211057,1.0
1804,1.0,0.0,0.653908896,1.0
1805,1.0,0.0,0.989995122,1.0
1806,1.0,0.0,0.976618463,1.0
1807,1.0,0.0,0.234973517,1.0
1808,1.0,0.0,0.172032979,1.0
1809,1.0,0.10758,0.429413962,1.0
1810,1.0,0.30712,0.946840888,1.0
1811,1.0,0.45155,1.003809624,1.0
1812,1.0,0.49412,1.092913461,1.0
1813,1.0,0.54593,1.083681762,1.0
1814,1.0,0.53658,1.094015283,1.0
1815,1.0,0.44253,1.1,1.0
1816,1.0,0.29029,1.1,1.0
1817,1.0,0.02299,1.09407875,1.0
1818,1.0,0.0,1.007664722,1.0
1819,1.0,0.0,1.010449076,1.0
1820,1.0,0.0,1.028638608,1.0
1821,1.0,0.0,1.008624792,1.0
1822,1.0,0.0,1.099748885,1.0
1823,1.0,0.0,1.079917342,1.0
1824,1.0,0.0,1.093779838,1.0
1825,1.0,0.0,1.092291904,1.0
1826,1.0,0.0,1.056596488,1.0
1827,1.0,0.0,1.06480537,1.0
1828,1.0,0.0,0.993387723,1.0
1829,1.0,0.0,0.986078001,1.0
1830,1.0,0.0,1.016786337,1.0
1831,1.0,0.0,0.995718365,1.0
1832,1.0,0.0,0.79105019,1.0
1833,1.0,0.25014,0.89111107,1.0
1834,1.0,0.48961,0.728679609,1.0
1835,1.0,0.60357,0.630402428,1.0
1836,1.0,0.58168,0.862633323,1.0
1837,1.0,0.49588,0.721879393,1.0
1838,1.0,0.48125,0.811945069,1.0
1839,1.0,0.41239,0.787903327,1.0
1840,1.0,0.27247,0.741477263,1.0
1841,1.0,0.03762,0.548124182,1.0
1842,1.0,0.0,0.527884463,1.0
1843,1.0,0.0,0.826517373,1.0
1844,1.0,0.0,0.740602624,1.0
1845,1.0,0.0,0.880441922,1.0
1846,1.0,0.0,0.767406822,1.0
1847,1.0,0.0,0.976638329,1.0
1848,1.0,0.0,1.085991687,1.0
